{
  "type": "FeatureCollection",
  "generator": "overpass-turbo (CH)",
  "copyright": "The data included in this document is from www.openstreetmap.org. The data is made available under ODbL.",
  "timestamp": "112006",
  "features": [
    {
      "type": "Feature",
      "properties": {
        "@id": "way/28079595",
        "cycleway:right": "no",
        "highway": "secondary",
        "junction": "roundabout",
        "lane_markings": "no",
        "maxspeed:type": "CH:rural",
        "surface": "asphalt"
      },
      "geometry": {
        "type": "LineString",
        "coordinates": [
          [
            7.0277633,
            46.8801209
          ],
          [
            7.0277131,
            46.8801131
          ],
          [
            7.0276689,
            46.880095
          ],
          [
            7.0276369,
            46.8800701
          ],
          [
            7.0276171,
            46.8800398
          ],
          [
            7.0276112,
            46.8800068
          ],
          [
            7.0276199,
            46.8799741
          ],
          [
            7.0276424,
            46.8799447
          ],
          [
            7.0276779,
            46.8799204
          ],
          [
            7.0277226,
            46.8799047
          ],
          [
            7.0277721,
            46.8798991
          ],
          [
            7.0278219,
            46.8799041
          ],
          [
            7.0278669,
            46.8799193
          ],
          [
            7.0279047,
            46.8799446
          ],
          [
            7.0279286,
            46.8799769
          ],
          [
            7.027936,
            46.8800128
          ],
          [
            7.0279261,
            46.8800483
          ],
          [
            7.0279,
            46.8800798
          ],
          [
            7.0278617,
            46.8801034
          ],
          [
            7.0278146,
            46.8801175
          ],
          [
            7.0277633,
            46.8801209
          ]
        ]
      },
      "id": "way/28079595"
    },
    {
      "type": "Feature",
      "properties": {
        "@id": "way/31993279",
        "bridge": "yes",
        "highway": "motorway",
        "int_ref": "E 25",
        "lanes": "2",
        "layer": "1",
        "maxspeed": "120",
        "oneway": "yes",
        "ref": "A1",
        "surface": "asphalt",
        "toll": "yes"
      },
      "geometry": {
        "type": "LineString",
        "coordinates": [
          [
            7.0251794,
            46.8820093
          ],
          [
            7.0257954,
            46.8822468
          ]
        ]
      },
      "id": "way/31993279"
    },
    {
      "type": "Feature",
      "properties": {
        "@id": "way/31993280",
        "highway": "motorway",
        "int_ref": "E 25",
        "lanes": "2",
        "maxheight": "default",
        "maxspeed": "120",
        "oneway": "yes",
        "ref": "A1",
        "surface": "asphalt",
        "toll": "yes"
      },
      "geometry": {
        "type": "LineString",
        "coordinates": [
          [
            7.0322684,
            46.8852358
          ],
          [
            7.0326292,
            46.8854318
          ],
          [
            7.0328036,
            46.885528
          ],
          [
            7.032988,
            46.8856302
          ],
          [
            7.0333442,
            46.885832
          ],
          [
            7.0336976,
            46.8860359
          ],
          [
            7.0340515,
            46.8862419
          ],
          [
            7.0343975,
            46.8864477
          ],
          [
            7.0347427,
            46.886657
          ],
          [
            7.0350847,
            46.8868676
          ],
          [
            7.0354527,
            46.887099
          ],
          [
            7.0358164,
            46.8873318
          ],
          [
            7.0365351,
            46.887801
          ],
          [
            7.0395392,
            46.889758
          ],
          [
            7.0415493,
            46.8910679
          ],
          [
            7.0422125,
            46.8915
          ],
          [
            7.0424278,
            46.8916402
          ],
          [
            7.0429094,
            46.891948
          ],
          [
            7.0430751,
            46.8920521
          ],
          [
            7.0432414,
            46.892156
          ],
          [
            7.0434119,
            46.8922615
          ],
          [
            7.0435838,
            46.8923663
          ],
          [
            7.043761,
            46.8924721
          ],
          [
            7.0439395,
            46.8925768
          ],
          [
            7.0441108,
            46.8926747
          ],
          [
            7.0442872,
            46.8927742
          ],
          [
            7.0444659,
            46.8928729
          ],
          [
            7.0446504,
            46.8929711
          ],
          [
            7.0448407,
            46.8930709
          ],
          [
            7.0450226,
            46.8931636
          ],
          [
            7.0452062,
            46.8932551
          ],
          [
            7.0453931,
            46.893346
          ],
          [
            7.0455827,
            46.8934357
          ],
          [
            7.0457773,
            46.8935258
          ],
          [
            7.0459732,
            46.8936147
          ],
          [
            7.046166,
            46.8936997
          ],
          [
            7.0463622,
            46.8937832
          ],
          [
            7.0465629,
            46.8938657
          ],
          [
            7.0467659,
            46.893948
          ],
          [
            7.0469631,
            46.894026
          ],
          [
            7.0471632,
            46.8941025
          ],
          [
            7.0473657,
            46.8941774
          ],
          [
            7.0475699,
            46.8942517
          ],
          [
            7.0477765,
            46.8943241
          ],
          [
            7.047984,
            46.8943953
          ],
          [
            7.0481914,
            46.8944647
          ],
          [
            7.0484009,
            46.8945325
          ],
          [
            7.0486119,
            46.8945977
          ],
          [
            7.0488237,
            46.8946617
          ],
          [
            7.0490432,
            46.8947255
          ],
          [
            7.0492643,
            46.8947882
          ],
          [
            7.0494756,
            46.8948462
          ],
          [
            7.0496894,
            46.8949031
          ],
          [
            7.0499013,
            46.8949572
          ],
          [
            7.0501142,
            46.8950093
          ],
          [
            7.0503344,
            46.8950617
          ],
          [
            7.0505556,
            46.8951119
          ],
          [
            7.0507847,
            46.8951623
          ],
          [
            7.0510142,
            46.8952108
          ],
          [
            7.0512299,
            46.8952539
          ],
          [
            7.0514473,
            46.895295
          ],
          [
            7.0516847,
            46.8953375
          ],
          [
            7.0520068,
            46.8953926
          ]
        ]
      },
      "id": "way/31993280"
    },
    {
      "type": "Feature",
      "properties": {
        "@id": "way/31993281",
        "bridge": "yes",
        "highway": "motorway",
        "int_ref": "E 25",
        "lanes": "2",
        "layer": "1",
        "maxspeed": "120",
        "oneway": "yes",
        "ref": "A1",
        "surface": "asphalt",
        "toll": "yes"
      },
      "geometry": {
        "type": "LineString",
        "coordinates": [
          [
            7.0257135,
            46.8823386
          ],
          [
            7.0251134,
            46.8821071
          ]
        ]
      },
      "id": "way/31993281"
    },
    {
      "type": "Feature",
      "properties": {
        "@id": "way/31993282",
        "highway": "motorway",
        "int_ref": "E 25",
        "lanes": "2",
        "maxspeed": "120",
        "oneway": "yes",
        "ref": "A1",
        "surface": "asphalt",
        "toll": "yes"
      },
      "geometry": {
        "type": "LineString",
        "coordinates": [
          [
            7.0251134,
            46.8821071
          ],
          [
            7.0246357,
            46.881927
          ],
          [
            7.0242338,
            46.8817802
          ],
          [
            7.0238217,
            46.8816325
          ],
          [
            7.0234058,
            46.8814867
          ],
          [
            7.0229923,
            46.881345
          ],
          [
            7.0225806,
            46.881207
          ],
          [
            7.0221609,
            46.8810689
          ],
          [
            7.0216058,
            46.8808918
          ],
          [
            7.0212979,
            46.8807952
          ]
        ]
      },
      "id": "way/31993282"
    },
    {
      "type": "Feature",
      "properties": {
        "@id": "way/34601868",
        "highway": "unclassified",
        "lane_markings": "no",
        "maxspeed": "50",
        "name": "Route de Donatyre",
        "surface": "asphalt"
      },
      "geometry": {
        "type": "LineString",
        "coordinates": [
          [
            7.0617565,
            46.8814573
          ],
          [
            7.0617756,
            46.8816929
          ],
          [
            7.0618495,
            46.8818304
          ]
        ]
      },
      "id": "way/34601868"
    },
    {
      "type": "Feature",
      "properties": {
        "@id": "way/35065802",
        "cycleway:both": "no",
        "highway": "primary",
        "lanes": "2",
        "lit": "yes",
        "maxspeed": "50",
        "maxspeed:type": "urban",
        "name": "Route de Domdidier",
        "rcrc_ref": "601a",
        "ref": "1",
        "sidewalk": "left",
        "sidewalk:left:surface": "asphalt",
        "smoothness": "excellent",
        "surface": "asphalt"
      },
      "geometry": {
        "type": "LineString",
        "coordinates": [
          [
            7.0330425,
            46.8764345
          ],
          [
            7.0334068,
            46.8765784
          ]
        ]
      },
      "id": "way/35065802"
    },
    {
      "type": "Feature",
      "properties": {
        "@id": "way/35065803",
        "highway": "primary",
        "junction": "roundabout",
        "lit": "yes",
        "maxspeed": "80",
        "maxspeed:type": "CH:rural",
        "surface": "asphalt"
      },
      "geometry": {
        "type": "LineString",
        "coordinates": [
          [
            7.0318073,
            46.8760068
          ],
          [
            7.0318141,
            46.8759727
          ],
          [
            7.031835,
            46.8759413
          ],
          [
            7.0318717,
            46.8759134
          ],
          [
            7.0319194,
            46.8758949
          ],
          [
            7.0319732,
            46.8758874
          ],
          [
            7.0320277,
            46.8758919
          ],
          [
            7.0320773,
            46.8759079
          ],
          [
            7.0321172,
            46.8759337
          ],
          [
            7.0321432,
            46.8759667
          ],
          [
            7.0321527,
            46.8760036
          ],
          [
            7.0321453,
            46.8760398
          ],
          [
            7.0321221,
            46.8760726
          ],
          [
            7.0320853,
            46.876099
          ],
          [
            7.0320543,
            46.876112
          ],
          [
            7.031997,
            46.8761229
          ],
          [
            7.0319376,
            46.8761199
          ],
          [
            7.031902,
            46.8761118
          ],
          [
            7.0318723,
            46.8760977
          ],
          [
            7.0318376,
            46.8760722
          ],
          [
            7.0318152,
            46.8760408
          ],
          [
            7.0318073,
            46.8760068
          ]
        ]
      },
      "id": "way/35065803"
    },
    {
      "type": "Feature",
      "properties": {
        "@id": "way/35065804",
        "highway": "secondary",
        "lanes": "2",
        "maxspeed": "80",
        "ref": "153",
        "reg_ref": "503b"
      },
      "geometry": {
        "type": "LineString",
        "coordinates": [
          [
            7.0314344,
            46.876534
          ],
          [
            7.0309945,
            46.8769699
          ]
        ]
      },
      "id": "way/35065804"
    },
    {
      "type": "Feature",
      "properties": {
        "@id": "way/35065805",
        "cycleway:both": "no",
        "highway": "tertiary",
        "lanes": "2",
        "maxspeed:type": "CH:rural",
        "name": "Route de l'Industrie",
        "smoothness": "good",
        "surface": "asphalt"
      },
      "geometry": {
        "type": "LineString",
        "coordinates": [
          [
            7.0276424,
            46.8799447
          ],
          [
            7.0275395,
            46.8798924
          ],
          [
            7.0274338,
            46.8798457
          ],
          [
            7.0245437,
            46.8785768
          ],
          [
            7.0244671,
            46.8785441
          ]
        ]
      },
      "id": "way/35065805"
    },
    {
      "type": "Feature",
      "properties": {
        "@id": "way/35065847",
        "destination": "Avenches;Cudrefin",
        "highway": "motorway_link",
        "lanes": "1",
        "oneway": "yes",
        "surface": "asphalt"
      },
      "geometry": {
        "type": "LineString",
        "coordinates": [
          [
            7.0213205,
            46.8806851
          ],
          [
            7.0222066,
            46.8809038
          ]
        ]
      },
      "id": "way/35065847"
    },
    {
      "type": "Feature",
      "properties": {
        "@id": "way/35065848",
        "highway": "motorway_link",
        "lanes": "1",
        "maxheight": "default",
        "oneway": "yes",
        "surface": "asphalt"
      },
      "geometry": {
        "type": "LineString",
        "coordinates": [
          [
            7.025881,
            46.8817701
          ],
          [
            7.0259815,
            46.8817786
          ],
          [
            7.026037,
            46.8817904
          ],
          [
            7.0260938,
            46.8818132
          ],
          [
            7.0261936,
            46.8818736
          ],
          [
            7.0281067,
            46.8830493
          ],
          [
            7.0282945,
            46.8831586
          ],
          [
            7.0284861,
            46.8832668
          ],
          [
            7.0286628,
            46.8833642
          ],
          [
            7.0296625,
            46.8839156
          ]
        ]
      },
      "id": "way/35065848"
    },
    {
      "type": "Feature",
      "properties": {
        "@id": "way/35065849",
        "destination": "Avenches;Cudrefin",
        "highway": "motorway_link",
        "lanes": "1",
        "oneway": "yes",
        "surface": "asphalt"
      },
      "geometry": {
        "type": "LineString",
        "coordinates": [
          [
            7.0290024,
            46.8837364
          ],
          [
            7.0285554,
            46.8835978
          ]
        ]
      },
      "id": "way/35065849"
    },
    {
      "type": "Feature",
      "properties": {
        "@id": "way/35065850",
        "highway": "motorway_link",
        "lanes": "1",
        "oneway": "yes",
        "surface": "asphalt"
      },
      "geometry": {
        "type": "LineString",
        "coordinates": [
          [
            7.0250185,
            46.8825792
          ],
          [
            7.0249756,
            46.8825791
          ],
          [
            7.0249387,
            46.8825781
          ],
          [
            7.0249087,
            46.8825751
          ],
          [
            7.0248765,
            46.8825683
          ],
          [
            7.02485,
            46.8825606
          ],
          [
            7.0248287,
            46.8825528
          ],
          [
            7.024805,
            46.8825412
          ],
          [
            7.0247119,
            46.8824879
          ],
          [
            7.0245714,
            46.8824029
          ],
          [
            7.0243083,
            46.8822476
          ],
          [
            7.0240488,
            46.8820941
          ],
          [
            7.0235823,
            46.881821
          ],
          [
            7.0233296,
            46.8816833
          ],
          [
            7.023099,
            46.8815642
          ],
          [
            7.0229564,
            46.8814939
          ],
          [
            7.0228119,
            46.881425
          ],
          [
            7.0226702,
            46.8813602
          ],
          [
            7.0225282,
            46.8812972
          ],
          [
            7.0223316,
            46.8812157
          ],
          [
            7.0220889,
            46.8811188
          ],
          [
            7.0212979,
            46.8807952
          ]
        ]
      },
      "id": "way/35065850"
    },
    {
      "type": "Feature",
      "properties": {
        "@id": "way/35151194",
        "highway": "tertiary",
        "lit": "no",
        "maxspeed": "80",
        "name": "Route de Salavaux",
        "oneway": "yes",
        "rcrc_ref": "505c",
        "surface": "asphalt"
      },
      "geometry": {
        "type": "LineString",
        "coordinates": [
          [
            7.0495978,
            46.9011799
          ],
          [
            7.0494639,
            46.901165
          ],
          [
            7.0492697,
            46.9011172
          ]
        ]
      },
      "id": "way/35151194"
    },
    {
      "type": "Feature",
      "properties": {
        "@id": "way/36783985",
        "highway": "unclassified",
        "surface": "asphalt"
      },
      "geometry": {
        "type": "LineString",
        "coordinates": [
          [
            7.0495978,
            46.9011799
          ],
          [
            7.0495907,
            46.9012155
          ],
          [
            7.0495413,
            46.9014466
          ]
        ]
      },
      "id": "way/36783985"
    },
    {
      "type": "Feature",
      "properties": {
        "@id": "way/37136041",
        "bridge": "yes",
        "bridge:structure": "beam",
        "highway": "motorway",
        "int_ref": "E 25",
        "lanes": "2",
        "layer": "1",
        "maxspeed": "120",
        "name": "Viaduc du Bois de Rosset",
        "oneway": "yes",
        "ref": "A1",
        "surface": "asphalt",
        "toll": "yes"
      },
      "geometry": {
        "type": "LineString",
        "coordinates": [
          [
            7.0617545,
            46.8959454
          ],
          [
            7.0611413,
            46.8959386
          ],
          [
            7.0606687,
            46.8959337
          ],
          [
            7.0573955,
            46.8958987
          ],
          [
            7.0569096,
            46.8958924
          ],
          [
            7.0564336,
            46.895885
          ],
          [
            7.0559421,
            46.8958735
          ],
          [
            7.0556591,
            46.8958649
          ],
          [
            7.055374,
            46.8958528
          ],
          [
            7.0551374,
            46.8958413
          ],
          [
            7.0549044,
            46.8958279
          ],
          [
            7.054671,
            46.895813
          ],
          [
            7.0544432,
            46.8957961
          ],
          [
            7.0542084,
            46.895777
          ],
          [
            7.0538645,
            46.8957457
          ],
          [
            7.0536423,
            46.8957234
          ]
        ]
      },
      "id": "way/37136041"
    },
    {
      "type": "Feature",
      "properties": {
        "@id": "way/37136042",
        "highway": "motorway",
        "int_ref": "E 25",
        "lanes": "2",
        "maxspeed": "120",
        "oneway": "yes",
        "ref": "A1",
        "surface": "asphalt",
        "toll": "yes"
      },
      "geometry": {
        "type": "LineString",
        "coordinates": [
          [
            7.0617573,
            46.8958385
          ],
          [
            7.0620352,
            46.8958428
          ],
          [
            7.0623133,
            46.895848
          ],
          [
            7.0625492,
            46.8958541
          ],
          [
            7.0627842,
            46.895861
          ],
          [
            7.0630773,
            46.8958709
          ],
          [
            7.0633724,
            46.8958838
          ],
          [
            7.0636088,
            46.8958966
          ],
          [
            7.063845,
            46.8959109
          ],
          [
            7.0640824,
            46.895927
          ],
          [
            7.0643163,
            46.8959441
          ],
          [
            7.0645538,
            46.8959646
          ],
          [
            7.0647772,
            46.895985
          ],
          [
            7.0650103,
            46.8960095
          ],
          [
            7.0652428,
            46.8960359
          ],
          [
            7.0654748,
            46.8960628
          ],
          [
            7.0657057,
            46.896091
          ],
          [
            7.0659372,
            46.8961229
          ],
          [
            7.0661669,
            46.8961561
          ],
          [
            7.0666239,
            46.8962269
          ],
          [
            7.0669448,
            46.8962817
          ],
          [
            7.0672379,
            46.8963339
          ],
          [
            7.0675291,
            46.8963881
          ],
          [
            7.0679786,
            46.8964779
          ],
          [
            7.0684252,
            46.8965703
          ],
          [
            7.068868,
            46.8966678
          ],
          [
            7.0693107,
            46.896768
          ],
          [
            7.0697554,
            46.8968721
          ],
          [
            7.0701949,
            46.8969764
          ],
          [
            7.0706318,
            46.8970831
          ],
          [
            7.0710702,
            46.8971915
          ],
          [
            7.0715072,
            46.8973007
          ],
          [
            7.0723895,
            46.8975271
          ],
          [
            7.0728306,
            46.8976437
          ],
          [
            7.0732721,
            46.897762
          ],
          [
            7.0736988,
            46.8978778
          ],
          [
            7.0741308,
            46.8979966
          ],
          [
            7.0745655,
            46.8981177
          ],
          [
            7.0749983,
            46.8982412
          ],
          [
            7.0754339,
            46.8983658
          ],
          [
            7.0758613,
            46.8984911
          ],
          [
            7.0762909,
            46.8986177
          ],
          [
            7.0767159,
            46.8987457
          ],
          [
            7.0771418,
            46.8988744
          ],
          [
            7.0775652,
            46.8990048
          ],
          [
            7.0779882,
            46.8991368
          ],
          [
            7.0784123,
            46.8992709
          ],
          [
            7.0788348,
            46.8994063
          ],
          [
            7.0791803,
            46.899519
          ],
          [
            7.0796582,
            46.899675
          ],
          [
            7.0801034,
            46.8998236
          ],
          [
            7.0805473,
            46.8999741
          ],
          [
            7.0809896,
            46.9001258
          ],
          [
            7.0814303,
            46.9002789
          ],
          [
            7.0818489,
            46.900426
          ],
          [
            7.0822664,
            46.9005744
          ],
          [
            7.0826855,
            46.9007264
          ],
          [
            7.0831046,
            46.900879
          ]
        ]
      },
      "id": "way/37136042"
    },
    {
      "type": "Feature",
      "properties": {
        "@id": "way/37136043",
        "highway": "motorway",
        "int_ref": "E 25",
        "lanes": "2",
        "maxheight": "default",
        "maxspeed": "120",
        "oneway": "yes",
        "ref": "A1",
        "surface": "asphalt",
        "toll": "yes"
      },
      "geometry": {
        "type": "LineString",
        "coordinates": [
          [
            7.0519582,
            46.895495
          ],
          [
            7.0516453,
            46.8954411
          ],
          [
            7.0514119,
            46.8953988
          ],
          [
            7.0511936,
            46.8953564
          ],
          [
            7.0509763,
            46.8953124
          ],
          [
            7.0507421,
            46.895263
          ],
          [
            7.0505082,
            46.8952119
          ],
          [
            7.0502844,
            46.8951611
          ],
          [
            7.0500617,
            46.8951086
          ],
          [
            7.0498457,
            46.8950554
          ],
          [
            7.0496306,
            46.8950006
          ],
          [
            7.0494185,
            46.8949452
          ],
          [
            7.0492075,
            46.8948875
          ],
          [
            7.0489868,
            46.8948247
          ],
          [
            7.0487682,
            46.8947605
          ],
          [
            7.0485547,
            46.894696
          ],
          [
            7.0483424,
            46.8946296
          ],
          [
            7.0481305,
            46.8945614
          ],
          [
            7.0479201,
            46.8944917
          ],
          [
            7.0477123,
            46.8944206
          ],
          [
            7.0475058,
            46.8943482
          ],
          [
            7.0473,
            46.8942739
          ],
          [
            7.047095,
            46.8941972
          ],
          [
            7.0468913,
            46.8941186
          ],
          [
            7.0466888,
            46.8940399
          ],
          [
            7.0464875,
            46.8939587
          ],
          [
            7.0462887,
            46.8938756
          ],
          [
            7.0460933,
            46.8937919
          ],
          [
            7.0458997,
            46.8937074
          ],
          [
            7.0457002,
            46.8936179
          ],
          [
            7.0455039,
            46.8935273
          ],
          [
            7.0453102,
            46.8934358
          ],
          [
            7.0451202,
            46.8933435
          ],
          [
            7.0449351,
            46.8932513
          ],
          [
            7.0447517,
            46.8931578
          ],
          [
            7.0445609,
            46.8930583
          ],
          [
            7.0443774,
            46.89296
          ],
          [
            7.0441952,
            46.8928601
          ],
          [
            7.0440186,
            46.8927608
          ],
          [
            7.0438448,
            46.8926611
          ],
          [
            7.0436633,
            46.8925547
          ],
          [
            7.0434839,
            46.8924477
          ],
          [
            7.0433116,
            46.8923428
          ],
          [
            7.0431403,
            46.8922375
          ],
          [
            7.0429725,
            46.8921337
          ],
          [
            7.0428064,
            46.8920295
          ],
          [
            7.0423335,
            46.8917253
          ],
          [
            7.0421122,
            46.8915819
          ],
          [
            7.0414389,
            46.8911434
          ],
          [
            7.0394402,
            46.8898409
          ],
          [
            7.0364222,
            46.8878744
          ],
          [
            7.0357108,
            46.8874103
          ],
          [
            7.0353508,
            46.8871795
          ],
          [
            7.0349901,
            46.8869533
          ],
          [
            7.0346427,
            46.8867392
          ],
          [
            7.0342983,
            46.8865295
          ],
          [
            7.0339509,
            46.8863228
          ],
          [
            7.0336009,
            46.8861181
          ],
          [
            7.0332492,
            46.8859156
          ],
          [
            7.0328937,
            46.8857154
          ],
          [
            7.032714,
            46.8856151
          ],
          [
            7.0325348,
            46.8855163
          ],
          [
            7.0321735,
            46.8853196
          ],
          [
            7.0318053,
            46.8851229
          ],
          [
            7.0314368,
            46.8849287
          ],
          [
            7.0310592,
            46.8847344
          ]
        ]
      },
      "id": "way/37136043"
    },
    {
      "type": "Feature",
      "properties": {
        "@id": "way/37136045",
        "bridge": "yes",
        "highway": "motorway",
        "int_ref": "E 25",
        "lanes": "2",
        "layer": "1",
        "maxspeed": "120",
        "name": "Viaduc du Bois de Rosset",
        "oneway": "yes",
        "ref": "A1",
        "source:name": "Mapillary",
        "surface": "asphalt",
        "toll": "yes"
      },
      "geometry": {
        "type": "LineString",
        "coordinates": [
          [
            7.0520068,
            46.8953926
          ],
          [
            7.0524906,
            46.8954694
          ]
        ]
      },
      "id": "way/37136045"
    },
    {
      "type": "Feature",
      "properties": {
        "@id": "way/37136072",
        "bridge": "yes",
        "highway": "unclassified",
        "layer": "1",
        "motor_vehicle": "agricultural;destination",
        "smoothness": "excellent",
        "surface": "asphalt"
      },
      "geometry": {
        "type": "LineString",
        "coordinates": [
          [
            7.0419241,
            46.890795
          ],
          [
            7.0412539,
            46.8915393
          ]
        ]
      },
      "id": "way/37136072"
    },
    {
      "type": "Feature",
      "properties": {
        "@id": "way/37916745",
        "highway": "tertiary",
        "name": "Route d'Oleyres",
        "rcrc_ref": "604d"
      },
      "geometry": {
        "type": "LineString",
        "coordinates": [
          [
            7.0420328,
            46.8762148
          ],
          [
            7.0420611,
            46.8760904
          ],
          [
            7.0422025,
            46.8754711
          ],
          [
            7.0422573,
            46.8749479
          ],
          [
            7.0423033,
            46.8746849
          ],
          [
            7.0423967,
            46.8745132
          ],
          [
            7.0425401,
            46.8743397
          ],
          [
            7.0429228,
            46.8739899
          ],
          [
            7.0432317,
            46.8737237
          ],
          [
            7.0433185,
            46.8736426
          ],
          [
            7.0433542,
            46.8736016
          ],
          [
            7.0433836,
            46.8735555
          ],
          [
            7.0434047,
            46.8735156
          ],
          [
            7.0434226,
            46.8734554
          ],
          [
            7.0434225,
            46.8734063
          ],
          [
            7.0434172,
            46.8733577
          ],
          [
            7.0434036,
            46.8733046
          ],
          [
            7.0433857,
            46.8732633
          ],
          [
            7.0433573,
            46.8732174
          ],
          [
            7.0433199,
            46.8731718
          ],
          [
            7.0432826,
            46.8731335
          ],
          [
            7.0432423,
            46.8730952
          ],
          [
            7.0431753,
            46.8730463
          ],
          [
            7.0431024,
            46.8730014
          ],
          [
            7.0430212,
            46.8729544
          ],
          [
            7.0429428,
            46.8729129
          ],
          [
            7.0428103,
            46.8728484
          ],
          [
            7.0425903,
            46.8727429
          ],
          [
            7.0424766,
            46.8726879
          ],
          [
            7.0424062,
            46.8726474
          ],
          [
            7.0423471,
            46.8726065
          ],
          [
            7.042314,
            46.8725753
          ],
          [
            7.0422771,
            46.87254
          ],
          [
            7.0422465,
            46.8725034
          ],
          [
            7.0422234,
            46.8724673
          ],
          [
            7.0422076,
            46.87243
          ],
          [
            7.0421947,
            46.8723815
          ],
          [
            7.0421886,
            46.8723388
          ],
          [
            7.0421924,
            46.872297
          ],
          [
            7.0421993,
            46.8722578
          ],
          [
            7.0422114,
            46.8722216
          ],
          [
            7.0422303,
            46.8721829
          ],
          [
            7.0422576,
            46.8721363
          ],
          [
            7.0422985,
            46.8720837
          ],
          [
            7.0425024,
            46.8718547
          ],
          [
            7.0426048,
            46.8717298
          ],
          [
            7.042672,
            46.8716365
          ],
          [
            7.0427035,
            46.8715821
          ],
          [
            7.0427306,
            46.8715226
          ],
          [
            7.0427624,
            46.8714375
          ],
          [
            7.04279,
            46.8713126
          ],
          [
            7.0428106,
            46.8711665
          ],
          [
            7.0428357,
            46.8706495
          ],
          [
            7.0428448,
            46.8703917
          ],
          [
            7.0428694,
            46.8698438
          ],
          [
            7.042886,
            46.8696353
          ],
          [
            7.0429094,
            46.8694365
          ],
          [
            7.0429337,
            46.8692977
          ],
          [
            7.0429932,
            46.8689939
          ],
          [
            7.0432268,
            46.8678588
          ],
          [
            7.0432451,
            46.8677591
          ],
          [
            7.0432536,
            46.8676996
          ],
          [
            7.0432547,
            46.8676675
          ],
          [
            7.0432543,
            46.8676255
          ],
          [
            7.0432478,
            46.8675791
          ],
          [
            7.0432348,
            46.8675365
          ],
          [
            7.043219,
            46.8674984
          ],
          [
            7.0432004,
            46.8674621
          ],
          [
            7.0431661,
            46.867408
          ],
          [
            7.0431133,
            46.8673401
          ],
          [
            7.0430292,
            46.8672482
          ],
          [
            7.0426976,
            46.8669151
          ],
          [
            7.042359,
            46.8665851
          ],
          [
            7.0421627,
            46.8663969
          ],
          [
            7.042066,
            46.8663137
          ],
          [
            7.0419521,
            46.8662234
          ],
          [
            7.0417725,
            46.8660979
          ],
          [
            7.0415741,
            46.8659677
          ],
          [
            7.0413381,
            46.8658188
          ],
          [
            7.0407102,
            46.865449
          ],
          [
            7.0393441,
            46.8647477
          ],
          [
            7.0386477,
            46.8643842
          ],
          [
            7.037072,
            46.8635167
          ],
          [
            7.0365845,
            46.8632483
          ],
          [
            7.0364658,
            46.8631774
          ],
          [
            7.0363854,
            46.8631196
          ],
          [
            7.036331,
            46.8630778
          ],
          [
            7.0362601,
            46.8630187
          ],
          [
            7.0361698,
            46.8629359
          ],
          [
            7.0360796,
            46.8628428
          ],
          [
            7.0357266,
            46.8624567
          ],
          [
            7.0355587,
            46.8622837
          ]
        ]
      },
      "id": "way/37916745"
    },
    {
      "type": "Feature",
      "properties": {
        "@id": "way/37916750",
        "highway": "residential",
        "surface": "asphalt"
      },
      "geometry": {
        "type": "LineString",
        "coordinates": [
          [
            7.0475459,
            46.901479
          ],
          [
            7.0475227,
            46.9014366
          ],
          [
            7.0474886,
            46.9013458
          ],
          [
            7.0475028,
            46.9012279
          ]
        ]
      },
      "id": "way/37916750"
    },
    {
      "type": "Feature",
      "properties": {
        "@id": "way/37916751",
        "highway": "residential",
        "name": "Les Vouats"
      },
      "geometry": {
        "type": "LineString",
        "coordinates": [
          [
            7.0656811,
            46.9032251
          ],
          [
            7.0656226,
            46.9032977
          ],
          [
            7.0653864,
            46.9035554
          ],
          [
            7.0636365,
            46.9029752
          ],
          [
            7.0635232,
            46.9028953
          ],
          [
            7.0619093,
            46.902391
          ],
          [
            7.0621069,
            46.9020235
          ],
          [
            7.0621278,
            46.9019739
          ],
          [
            7.062138,
            46.9019408
          ]
        ]
      },
      "id": "way/37916751"
    },
    {
      "type": "Feature",
      "properties": {
        "@id": "way/37916753",
        "highway": "residential",
        "name": "Pâquier aux Oies"
      },
      "geometry": {
        "type": "LineString",
        "coordinates": [
          [
            7.0619093,
            46.902391
          ],
          [
            7.0617621,
            46.9026506
          ]
        ]
      },
      "id": "way/37916753"
    },
    {
      "type": "Feature",
      "properties": {
        "@id": "way/37928880",
        "cycleway:both": "no",
        "highway": "primary",
        "junction": "roundabout",
        "lit": "yes",
        "maxspeed": "60",
        "sidewalk": "right"
      },
      "geometry": {
        "type": "LineString",
        "coordinates": [
          [
            7.0419413,
            46.8784725
          ],
          [
            7.0419588,
            46.8784576
          ],
          [
            7.0419822,
            46.8784474
          ],
          [
            7.0420092,
            46.8784427
          ],
          [
            7.0420345,
            46.8784437
          ],
          [
            7.0420584,
            46.8784497
          ],
          [
            7.0420787,
            46.8784601
          ],
          [
            7.0420937,
            46.878474
          ],
          [
            7.0421023,
            46.8784906
          ],
          [
            7.0421034,
            46.8785081
          ],
          [
            7.042097,
            46.8785251
          ],
          [
            7.0420836,
            46.8785401
          ],
          [
            7.0420619,
            46.8785528
          ],
          [
            7.0420354,
            46.8785601
          ],
          [
            7.0420068,
            46.878561
          ],
          [
            7.0419793,
            46.8785556
          ],
          [
            7.0419559,
            46.8785443
          ],
          [
            7.041939,
            46.8785285
          ],
          [
            7.0419306,
            46.8785098
          ],
          [
            7.0419315,
            46.8784903
          ],
          [
            7.0419413,
            46.8784725
          ]
        ]
      },
      "id": "way/37928880"
    },
    {
      "type": "Feature",
      "properties": {
        "@id": "way/43129193",
        "highway": "unclassified",
        "layer": "-1",
        "lit": "no",
        "maxheight:signed": "no",
        "surface": "asphalt",
        "tunnel": "yes"
      },
      "geometry": {
        "type": "LineString",
        "coordinates": [
          [
            7.0283055,
            46.8835614
          ],
          [
            7.0287608,
            46.8833459
          ]
        ]
      },
      "id": "way/43129193"
    },
    {
      "type": "Feature",
      "properties": {
        "@id": "way/43590043",
        "highway": "primary",
        "lanes": "2",
        "lit": "no",
        "maxspeed": "80",
        "maxspeed:type": "CH:rural",
        "name": "Vy-d'Avenches",
        "ref": "1",
        "surface": "asphalt"
      },
      "geometry": {
        "type": "LineString",
        "coordinates": [
          [
            7.0234791,
            46.8719365
          ],
          [
            7.0248711,
            46.8725311
          ],
          [
            7.0257739,
            46.8730311
          ],
          [
            7.0273783,
            46.8740948
          ],
          [
            7.0279169,
            46.874402
          ],
          [
            7.028456,
            46.8746596
          ],
          [
            7.0302516,
            46.8753176
          ]
        ]
      },
      "id": "way/43590043"
    },
    {
      "type": "Feature",
      "properties": {
        "@id": "way/45241041",
        "highway": "residential",
        "lit": "yes",
        "maxspeed": "30",
        "maxspeed:type": "CH:zone30",
        "name": "Chemin des Rosiers",
        "smoothness": "excellent",
        "surface": "asphalt"
      },
      "geometry": {
        "type": "LineString",
        "coordinates": [
          [
            7.035206,
            46.8808087
          ],
          [
            7.0352266,
            46.8807719
          ],
          [
            7.0356407,
            46.8800333
          ],
          [
            7.0357442,
            46.8798487
          ],
          [
            7.0359706,
            46.8794448
          ]
        ]
      },
      "id": "way/45241041"
    },
    {
      "type": "Feature",
      "properties": {
        "@id": "way/45241042",
        "highway": "residential",
        "maxspeed": "30",
        "maxspeed:type": "CH:zone30",
        "name": "Chemin des Lauriers"
      },
      "geometry": {
        "type": "LineString",
        "coordinates": [
          [
            7.0347832,
            46.8805273
          ],
          [
            7.0348054,
            46.8804951
          ],
          [
            7.0351162,
            46.8800505
          ],
          [
            7.0351453,
            46.8799545
          ],
          [
            7.035261,
            46.8797922
          ],
          [
            7.0353802,
            46.8795642
          ],
          [
            7.0354497,
            46.8794524
          ],
          [
            7.0354633,
            46.8794306
          ]
        ]
      },
      "id": "way/45241042"
    },
    {
      "type": "Feature",
      "properties": {
        "@id": "way/45241043",
        "highway": "pedestrian",
        "name": "Impasse du Collège"
      },
      "geometry": {
        "type": "LineString",
        "coordinates": [
          [
            7.0342311,
            46.8801137
          ],
          [
            7.0342338,
            46.8801079
          ],
          [
            7.034679,
            46.8791219
          ]
        ]
      },
      "id": "way/45241043"
    },
    {
      "type": "Feature",
      "properties": {
        "@id": "way/45241044",
        "highway": "residential",
        "maxspeed": "30",
        "maxspeed:type": "CH:zone30",
        "name": "Chemin des Lauriers"
      },
      "geometry": {
        "type": "LineString",
        "coordinates": [
          [
            7.0344749,
            46.8803359
          ],
          [
            7.0345029,
            46.8802947
          ],
          [
            7.0347597,
            46.8799165
          ],
          [
            7.0347388,
            46.8798582
          ],
          [
            7.0349346,
            46.8795773
          ],
          [
            7.0349408,
            46.8795504
          ],
          [
            7.0349474,
            46.879517
          ],
          [
            7.0349662,
            46.87949
          ],
          [
            7.0351002,
            46.8793038
          ]
        ]
      },
      "id": "way/45241044"
    },
    {
      "type": "Feature",
      "properties": {
        "@id": "way/45241045",
        "highway": "footway",
        "name": "Chemin des Ecoliers"
      },
      "geometry": {
        "type": "LineString",
        "coordinates": [
          [
            7.0331008,
            46.8787155
          ],
          [
            7.033694,
            46.8788613
          ],
          [
            7.0340314,
            46.8789638
          ],
          [
            7.0340797,
            46.8789766
          ],
          [
            7.0343922,
            46.8790527
          ],
          [
            7.0346068,
            46.8791045
          ],
          [
            7.034679,
            46.8791219
          ],
          [
            7.0351511,
            46.8792365
          ],
          [
            7.0355238,
            46.8793317
          ],
          [
            7.0359706,
            46.8794448
          ],
          [
            7.0360347,
            46.879489
          ],
          [
            7.0363731,
            46.8795866
          ],
          [
            7.0365473,
            46.8796264
          ],
          [
            7.0370997,
            46.8797189
          ]
        ]
      },
      "id": "way/45241045"
    },
    {
      "type": "Feature",
      "properties": {
        "@id": "way/45241046",
        "highway": "residential",
        "maxspeed": "30",
        "maxspeed:type": "CH:zone30",
        "name": "Impasse des Lilas"
      },
      "geometry": {
        "type": "LineString",
        "coordinates": [
          [
            7.0333593,
            46.879587
          ],
          [
            7.0333746,
            46.8795524
          ],
          [
            7.033694,
            46.8788613
          ],
          [
            7.0337385,
            46.8788
          ],
          [
            7.0337589,
            46.8787912
          ],
          [
            7.0337856,
            46.8787859
          ],
          [
            7.033827,
            46.8787879
          ],
          [
            7.0340209,
            46.8788359
          ],
          [
            7.0340687,
            46.8788413
          ],
          [
            7.0341152,
            46.8788384
          ],
          [
            7.0341617,
            46.8788402
          ],
          [
            7.0344691,
            46.8789249
          ],
          [
            7.0345136,
            46.8789371
          ]
        ]
      },
      "id": "way/45241046"
    },
    {
      "type": "Feature",
      "properties": {
        "@id": "way/45241047",
        "highway": "residential",
        "name": "Chemin des Cigognes",
        "oneway": "yes"
      },
      "geometry": {
        "type": "LineString",
        "coordinates": [
          [
            7.0325311,
            46.883097
          ],
          [
            7.0327178,
            46.8828864
          ],
          [
            7.0328989,
            46.8826731
          ],
          [
            7.0332623,
            46.8822468
          ],
          [
            7.0339784,
            46.8813772
          ]
        ]
      },
      "id": "way/45241047"
    },
    {
      "type": "Feature",
      "properties": {
        "@id": "way/45241048",
        "highway": "residential",
        "name": "Chemin des Artisans"
      },
      "geometry": {
        "type": "LineString",
        "coordinates": [
          [
            7.0339784,
            46.8813772
          ],
          [
            7.0322538,
            46.8802607
          ]
        ]
      },
      "id": "way/45241048"
    },
    {
      "type": "Feature",
      "properties": {
        "@id": "way/45241050",
        "highway": "track",
        "smoothness": "excellent",
        "surface": "concrete",
        "tracktype": "grade1"
      },
      "geometry": {
        "type": "LineString",
        "coordinates": [
          [
            7.0315266,
            46.8786016
          ],
          [
            7.0302728,
            46.8798052
          ],
          [
            7.0291441,
            46.8808886
          ]
        ]
      },
      "id": "way/45241050"
    },
    {
      "type": "Feature",
      "properties": {
        "@id": "way/45241054",
        "highway": "service"
      },
      "geometry": {
        "type": "LineString",
        "coordinates": [
          [
            7.0320067,
            46.8811015
          ],
          [
            7.031858,
            46.8812922
          ]
        ]
      },
      "id": "way/45241054"
    },
    {
      "type": "Feature",
      "properties": {
        "@id": "way/45241055",
        "highway": "service",
        "service": "driveway",
        "smoothness": "excellent",
        "surface": "asphalt"
      },
      "geometry": {
        "type": "LineString",
        "coordinates": [
          [
            7.0391548,
            46.8839247
          ],
          [
            7.0394439,
            46.8841323
          ],
          [
            7.0396284,
            46.8843348
          ],
          [
            7.0396507,
            46.8843592
          ]
        ]
      },
      "id": "way/45241055"
    },
    {
      "type": "Feature",
      "properties": {
        "@id": "way/45241056",
        "highway": "service",
        "oneway": "yes"
      },
      "geometry": {
        "type": "LineString",
        "coordinates": [
          [
            7.0396507,
            46.8843592
          ],
          [
            7.0405959,
            46.885191
          ],
          [
            7.0406086,
            46.8852225
          ],
          [
            7.0405269,
            46.8852943
          ],
          [
            7.0401832,
            46.8855499
          ]
        ]
      },
      "id": "way/45241056"
    },
    {
      "type": "Feature",
      "properties": {
        "@id": "way/45241057",
        "highway": "service",
        "smoothness": "excellent",
        "surface": "asphalt"
      },
      "geometry": {
        "type": "LineString",
        "coordinates": [
          [
            7.0386124,
            46.8845935
          ],
          [
            7.0387049,
            46.8846361
          ],
          [
            7.0387286,
            46.8846499
          ],
          [
            7.0387439,
            46.8846623
          ],
          [
            7.038756,
            46.8846753
          ],
          [
            7.0387692,
            46.8846937
          ],
          [
            7.0388102,
            46.8847787
          ],
          [
            7.0388208,
            46.8847964
          ],
          [
            7.0388331,
            46.8848111
          ],
          [
            7.0388451,
            46.8848205
          ],
          [
            7.0388628,
            46.8848303
          ],
          [
            7.0388865,
            46.8848382
          ],
          [
            7.038905,
            46.8848412
          ],
          [
            7.0389283,
            46.884843
          ],
          [
            7.0389517,
            46.8848422
          ],
          [
            7.038968,
            46.8848393
          ],
          [
            7.0389854,
            46.8848332
          ],
          [
            7.0390075,
            46.8848224
          ],
          [
            7.0392,
            46.8847164
          ],
          [
            7.0394049,
            46.8848872
          ],
          [
            7.0401832,
            46.8855499
          ],
          [
            7.0401315,
            46.8857095
          ],
          [
            7.0399338,
            46.8859095
          ],
          [
            7.0396864,
            46.8860438
          ]
        ]
      },
      "id": "way/45241057"
    },
    {
      "type": "Feature",
      "properties": {
        "@id": "way/45241058",
        "highway": "service",
        "smoothness": "excellent",
        "surface": "asphalt"
      },
      "geometry": {
        "type": "LineString",
        "coordinates": [
          [
            7.0392,
            46.8847164
          ],
          [
            7.0391983,
            46.8845764
          ],
          [
            7.0396507,
            46.8843592
          ]
        ]
      },
      "id": "way/45241058"
    },
    {
      "type": "Feature",
      "properties": {
        "@id": "way/45241060",
        "cycleway:both": "no",
        "highway": "residential",
        "maxspeed": "30",
        "name": "Rue René Grandjean",
        "sidewalk": "no"
      },
      "geometry": {
        "type": "LineString",
        "coordinates": [
          [
            7.0397437,
            46.8832096
          ],
          [
            7.0384359,
            46.8823116
          ]
        ]
      },
      "id": "way/45241060"
    },
    {
      "type": "Feature",
      "properties": {
        "@id": "way/45241061",
        "highway": "residential",
        "maxspeed": "30",
        "maxspeed:type": "CH:zone30",
        "name": "Chemin de la Poste",
        "sidewalk": "no"
      },
      "geometry": {
        "type": "LineString",
        "coordinates": [
          [
            7.0380005,
            46.8826341
          ],
          [
            7.0384359,
            46.8823116
          ],
          [
            7.038572,
            46.882205
          ],
          [
            7.0385913,
            46.8821923
          ],
          [
            7.0387622,
            46.8820824
          ]
        ]
      },
      "id": "way/45241061"
    },
    {
      "type": "Feature",
      "properties": {
        "@id": "way/45241062",
        "highway": "residential",
        "name": "Rue René Grandjean"
      },
      "geometry": {
        "type": "LineString",
        "coordinates": [
          [
            7.038572,
            46.882205
          ],
          [
            7.0368311,
            46.8810821
          ],
          [
            7.0367078,
            46.8810368
          ]
        ]
      },
      "id": "way/45241062"
    },
    {
      "type": "Feature",
      "properties": {
        "@id": "way/45241064",
        "highway": "residential",
        "name": "Impasse de Sous Ville"
      },
      "geometry": {
        "type": "LineString",
        "coordinates": [
          [
            7.0363812,
            46.8803704
          ],
          [
            7.0363441,
            46.880528
          ],
          [
            7.0361208,
            46.8807751
          ],
          [
            7.0365615,
            46.8809943
          ],
          [
            7.0367078,
            46.8810368
          ]
        ]
      },
      "id": "way/45241064"
    },
    {
      "type": "Feature",
      "properties": {
        "@id": "way/45241066",
        "cycleway:both": "no",
        "highway": "residential",
        "lane_markings": "no",
        "maxspeed": "50",
        "name": "Route du Moulin",
        "sidewalk": "right",
        "surface": "asphalt"
      },
      "geometry": {
        "type": "LineString",
        "coordinates": [
          [
            7.0441813,
            46.8843016
          ],
          [
            7.0442641,
            46.8842519
          ],
          [
            7.0443228,
            46.884222
          ],
          [
            7.0445181,
            46.8841041
          ],
          [
            7.0447167,
            46.8839843
          ],
          [
            7.0447661,
            46.8839571
          ],
          [
            7.0449497,
            46.883849
          ],
          [
            7.0451279,
            46.8837525
          ],
          [
            7.045309,
            46.8836448
          ],
          [
            7.0456363,
            46.8834627
          ],
          [
            7.0456555,
            46.883452
          ],
          [
            7.0457278,
            46.8834117
          ]
        ]
      },
      "id": "way/45241066"
    },
    {
      "type": "Feature",
      "properties": {
        "@id": "way/45241067",
        "cycleway:both": "no",
        "highway": "residential",
        "lane_markings": "no",
        "lit": "yes",
        "maxspeed:type": "CH:urban",
        "name": "Chemin du Soleil",
        "sidewalk": "no",
        "smoothness": "excellent",
        "surface": "asphalt"
      },
      "geometry": {
        "type": "LineString",
        "coordinates": [
          [
            7.0451279,
            46.8837525
          ],
          [
            7.0462497,
            46.8848963
          ]
        ]
      },
      "id": "way/45241067"
    },
    {
      "type": "Feature",
      "properties": {
        "@id": "way/45241068",
        "highway": "service",
        "name": "Impasse des Noyers",
        "surface": "asphalt"
      },
      "geometry": {
        "type": "LineString",
        "coordinates": [
          [
            7.0446134,
            46.8836099
          ],
          [
            7.0449497,
            46.883849
          ]
        ]
      },
      "id": "way/45241068"
    },
    {
      "type": "Feature",
      "properties": {
        "@id": "way/45241071",
        "highway": "residential",
        "lit": "yes",
        "maxspeed:type": "CH:urban",
        "name": "Route du Pré-Vert",
        "sidewalk": "right",
        "smoothness": "excellent",
        "surface": "asphalt"
      },
      "geometry": {
        "type": "LineString",
        "coordinates": [
          [
            7.0441813,
            46.8843016
          ],
          [
            7.0442494,
            46.8843834
          ],
          [
            7.044739,
            46.8847566
          ],
          [
            7.0454293,
            46.8853223
          ],
          [
            7.0457107,
            46.8855381
          ]
        ]
      },
      "id": "way/45241071"
    },
    {
      "type": "Feature",
      "properties": {
        "@id": "way/45241072",
        "cycleway:both": "no",
        "highway": "residential",
        "maxspeed:type": "CH:urban",
        "name": "Route de l'Estivage",
        "sidewalk": "left",
        "smoothness": "excellent",
        "surface": "asphalt"
      },
      "geometry": {
        "type": "LineString",
        "coordinates": [
          [
            7.0476884,
            46.8856763
          ],
          [
            7.0466084,
            46.886233
          ],
          [
            7.0463268,
            46.8863931
          ],
          [
            7.0460492,
            46.8865461
          ],
          [
            7.0457627,
            46.886704
          ],
          [
            7.0454108,
            46.8869297
          ],
          [
            7.0453675,
            46.8869649
          ],
          [
            7.045128,
            46.8871643
          ]
        ]
      },
      "id": "way/45241072"
    },
    {
      "type": "Feature",
      "properties": {
        "@id": "way/45241074",
        "highway": "residential",
        "maxspeed:type": "CH:urban",
        "name": "Impasse de l'Estivage",
        "oneway": "no"
      },
      "geometry": {
        "type": "LineString",
        "coordinates": [
          [
            7.0463268,
            46.8863931
          ],
          [
            7.047028,
            46.8869635
          ],
          [
            7.0473012,
            46.8871696
          ]
        ]
      },
      "id": "way/45241074"
    },
    {
      "type": "Feature",
      "properties": {
        "@id": "way/45241075",
        "highway": "service",
        "service": "driveway"
      },
      "geometry": {
        "type": "LineString",
        "coordinates": [
          [
            7.047028,
            46.8869635
          ],
          [
            7.0475909,
            46.8866317
          ]
        ]
      },
      "id": "way/45241075"
    },
    {
      "type": "Feature",
      "properties": {
        "@id": "way/45241076",
        "highway": "service",
        "oneway": "no",
        "service": "driveway",
        "vehicle": "private"
      },
      "geometry": {
        "type": "LineString",
        "coordinates": [
          [
            7.0477427,
            46.887504
          ],
          [
            7.048509,
            46.8869931
          ]
        ]
      },
      "id": "way/45241076"
    },
    {
      "type": "Feature",
      "properties": {
        "@id": "way/45241077",
        "highway": "service"
      },
      "geometry": {
        "type": "LineString",
        "coordinates": [
          [
            7.0492576,
            46.887073
          ],
          [
            7.049692,
            46.8874127
          ],
          [
            7.0496996,
            46.8874403
          ],
          [
            7.0496966,
            46.8874666
          ],
          [
            7.0496711,
            46.8874988
          ],
          [
            7.0495721,
            46.8875622
          ],
          [
            7.0495407,
            46.8875702
          ],
          [
            7.0495052,
            46.8875709
          ],
          [
            7.0494623,
            46.8875551
          ],
          [
            7.0491771,
            46.8873547
          ],
          [
            7.0490952,
            46.8873516
          ]
        ]
      },
      "id": "way/45241077"
    },
    {
      "type": "Feature",
      "properties": {
        "@id": "way/45241080",
        "highway": "service"
      },
      "geometry": {
        "type": "LineString",
        "coordinates": [
          [
            7.0448441,
            46.887445
          ],
          [
            7.0462399,
            46.8884587
          ],
          [
            7.0463915,
            46.88867
          ],
          [
            7.0464431,
            46.888765
          ],
          [
            7.0464633,
            46.8887694
          ],
          [
            7.0464898,
            46.8887753
          ],
          [
            7.047798,
            46.8897212
          ],
          [
            7.0471609,
            46.8901712
          ],
          [
            7.0462867,
            46.8894541
          ],
          [
            7.0462405,
            46.8894223
          ],
          [
            7.0443595,
            46.8880005
          ]
        ]
      },
      "id": "way/45241080"
    },
    {
      "type": "Feature",
      "properties": {
        "@id": "way/45241081",
        "highway": "service"
      },
      "geometry": {
        "type": "LineString",
        "coordinates": [
          [
            7.0464431,
            46.888765
          ],
          [
            7.046424,
            46.8887914
          ],
          [
            7.0464297,
            46.8889464
          ],
          [
            7.0462405,
            46.8894223
          ]
        ]
      },
      "id": "way/45241081"
    },
    {
      "type": "Feature",
      "properties": {
        "@id": "way/45241084",
        "highway": "unclassified",
        "name": "Impasse de la Plaine"
      },
      "geometry": {
        "type": "LineString",
        "coordinates": [
          [
            7.0480518,
            46.8924013
          ],
          [
            7.0478174,
            46.8926687
          ],
          [
            7.0476344,
            46.8928809
          ],
          [
            7.0475199,
            46.8930147
          ],
          [
            7.0474572,
            46.8930789
          ],
          [
            7.047381,
            46.8931351
          ],
          [
            7.047291,
            46.8931801
          ],
          [
            7.04719,
            46.8932139
          ],
          [
            7.0470774,
            46.8932367
          ],
          [
            7.0469653,
            46.8932459
          ],
          [
            7.0468651,
            46.8932437
          ],
          [
            7.0467589,
            46.8932292
          ],
          [
            7.0466639,
            46.893203
          ],
          [
            7.0465716,
            46.8931667
          ],
          [
            7.0461107,
            46.8929494
          ],
          [
            7.0460021,
            46.8928926
          ],
          [
            7.045909,
            46.892824
          ]
        ]
      },
      "id": "way/45241084"
    },
    {
      "type": "Feature",
      "properties": {
        "@id": "way/45241085",
        "highway": "service"
      },
      "geometry": {
        "type": "LineString",
        "coordinates": [
          [
            7.0468884,
            46.891526
          ],
          [
            7.0460662,
            46.8924964
          ],
          [
            7.046026,
            46.8925322
          ],
          [
            7.0459787,
            46.8925643
          ],
          [
            7.0459244,
            46.8925902
          ],
          [
            7.0458617,
            46.8926071
          ],
          [
            7.0457876,
            46.8926117
          ],
          [
            7.0457095,
            46.8926016
          ],
          [
            7.0456406,
            46.8925821
          ],
          [
            7.045574,
            46.8925588
          ],
          [
            7.0449936,
            46.892321
          ],
          [
            7.0449279,
            46.8922914
          ],
          [
            7.0448783,
            46.8922559
          ],
          [
            7.0448397,
            46.8922126
          ],
          [
            7.0448201,
            46.892167
          ],
          [
            7.0448163,
            46.8921179
          ],
          [
            7.0448247,
            46.8920696
          ],
          [
            7.0448468,
            46.8920247
          ],
          [
            7.044877,
            46.8919826
          ],
          [
            7.0456491,
            46.8911084
          ],
          [
            7.0458497,
            46.8909369
          ],
          [
            7.0459824,
            46.8908443
          ]
        ]
      },
      "id": "way/45241085"
    },
    {
      "type": "Feature",
      "properties": {
        "@id": "way/45241087",
        "highway": "service"
      },
      "geometry": {
        "type": "LineString",
        "coordinates": [
          [
            7.0455449,
            46.8905166
          ],
          [
            7.0454524,
            46.890691
          ]
        ]
      },
      "id": "way/45241087"
    },
    {
      "type": "Feature",
      "properties": {
        "@id": "way/45241089",
        "highway": "residential",
        "name": "Route Industrielle",
        "oneway": "yes"
      },
      "geometry": {
        "type": "LineString",
        "coordinates": [
          [
            7.0522893,
            46.8906517
          ],
          [
            7.0520332,
            46.8906472
          ],
          [
            7.0517882,
            46.8906131
          ],
          [
            7.0515179,
            46.8905481
          ]
        ]
      },
      "id": "way/45241089"
    },
    {
      "type": "Feature",
      "properties": {
        "@id": "way/45241091",
        "highway": "residential",
        "name": "Chemin des Cigognes"
      },
      "geometry": {
        "type": "LineString",
        "coordinates": [
          [
            7.0339784,
            46.8813772
          ],
          [
            7.0346403,
            46.8806347
          ]
        ]
      },
      "id": "way/45241091"
    },
    {
      "type": "Feature",
      "properties": {
        "@id": "way/45263647",
        "highway": "track",
        "tracktype": "grade1"
      },
      "geometry": {
        "type": "LineString",
        "coordinates": [
          [
            7.0241333,
            46.878401
          ],
          [
            7.0240323,
            46.8785042
          ],
          [
            7.0236312,
            46.8787726
          ],
          [
            7.0235035,
            46.8788601
          ],
          [
            7.0234382,
            46.878911
          ],
          [
            7.0233777,
            46.8789635
          ],
          [
            7.0232591,
            46.8790741
          ],
          [
            7.0225548,
            46.8797444
          ],
          [
            7.0221795,
            46.8800994
          ],
          [
            7.0220431,
            46.8802278
          ],
          [
            7.0219921,
            46.8802798
          ],
          [
            7.0219437,
            46.8803343
          ],
          [
            7.0218233,
            46.8804733
          ],
          [
            7.0217882,
            46.8805011
          ],
          [
            7.0217492,
            46.8805174
          ],
          [
            7.0216979,
            46.8805243
          ],
          [
            7.0216454,
            46.8805187
          ],
          [
            7.0215941,
            46.8805059
          ],
          [
            7.0214171,
            46.8804539
          ],
          [
            7.0212087,
            46.8803948
          ],
          [
            7.0191916,
            46.8798555
          ],
          [
            7.0186828,
            46.8797287
          ],
          [
            7.0181709,
            46.8796086
          ],
          [
            7.0179489,
            46.8795546
          ],
          [
            7.0177115,
            46.8795032
          ],
          [
            7.0172019,
            46.8793928
          ],
          [
            7.0169656,
            46.8793466
          ],
          [
            7.0167268,
            46.8793029
          ],
          [
            7.0164898,
            46.8792633
          ],
          [
            7.0163081,
            46.8792301
          ],
          [
            7.0161275,
            46.8791908
          ]
        ]
      },
      "id": "way/45263647"
    },
    {
      "type": "Feature",
      "properties": {
        "@id": "way/45263648",
        "highway": "track",
        "tracktype": "grade1"
      },
      "geometry": {
        "type": "LineString",
        "coordinates": [
          [
            7.0214879,
            46.8809723
          ],
          [
            7.0214138,
            46.8810694
          ],
          [
            7.0213163,
            46.8811818
          ],
          [
            7.0211905,
            46.8813092
          ],
          [
            7.0210983,
            46.8813932
          ],
          [
            7.021,
            46.8814744
          ],
          [
            7.0209026,
            46.8815484
          ],
          [
            7.0208054,
            46.8816139
          ],
          [
            7.0207079,
            46.8816758
          ],
          [
            7.0206191,
            46.8817243
          ],
          [
            7.0205271,
            46.8817721
          ],
          [
            7.0203331,
            46.881863
          ],
          [
            7.0200319,
            46.882
          ],
          [
            7.0197321,
            46.8821355
          ],
          [
            7.0196295,
            46.8821856
          ],
          [
            7.0195296,
            46.8822377
          ],
          [
            7.0193917,
            46.882317
          ],
          [
            7.0193102,
            46.8823698
          ],
          [
            7.0192328,
            46.8824251
          ],
          [
            7.0191019,
            46.882529
          ],
          [
            7.018991,
            46.882627
          ],
          [
            7.0189373,
            46.8826779
          ],
          [
            7.0188855,
            46.8827296
          ],
          [
            7.0187823,
            46.8828355
          ],
          [
            7.0187174,
            46.8829202
          ],
          [
            7.0186617,
            46.8830118
          ]
        ]
      },
      "id": "way/45263648"
    },
    {
      "type": "Feature",
      "properties": {
        "@id": "way/45263649",
        "highway": "track",
        "layer": "-1",
        "tracktype": "grade1",
        "tunnel": "yes"
      },
      "geometry": {
        "type": "LineString",
        "coordinates": [
          [
            7.0216863,
            46.8806812
          ],
          [
            7.0214879,
            46.8809723
          ]
        ]
      },
      "id": "way/45263649"
    },
    {
      "type": "Feature",
      "properties": {
        "@id": "way/45267307",
        "cycleway:both": "no",
        "highway": "residential",
        "maxspeed": "30",
        "maxspeed:type": "CH:zone30",
        "name": "Chemin des Prés du Ruz",
        "sidewalk": "left"
      },
      "geometry": {
        "type": "LineString",
        "coordinates": [
          [
            7.0449955,
            46.8745788
          ],
          [
            7.044247,
            46.8748511
          ],
          [
            7.0441109,
            46.8749171
          ],
          [
            7.0440873,
            46.8749286
          ],
          [
            7.0439667,
            46.8750174
          ],
          [
            7.0435598,
            46.875493
          ],
          [
            7.0433394,
            46.8756821
          ]
        ]
      },
      "id": "way/45267307"
    },
    {
      "type": "Feature",
      "properties": {
        "@id": "way/45267308",
        "highway": "service"
      },
      "geometry": {
        "type": "LineString",
        "coordinates": [
          [
            7.0407628,
            46.8761667
          ],
          [
            7.0409465,
            46.8758554
          ],
          [
            7.0409847,
            46.8757678
          ]
        ]
      },
      "id": "way/45267308"
    },
    {
      "type": "Feature",
      "properties": {
        "@id": "way/45267309",
        "highway": "service"
      },
      "geometry": {
        "type": "LineString",
        "coordinates": [
          [
            7.0401355,
            46.8759654
          ],
          [
            7.0403105,
            46.8757088
          ],
          [
            7.040312,
            46.8756504
          ],
          [
            7.0403432,
            46.875597
          ]
        ]
      },
      "id": "way/45267309"
    },
    {
      "type": "Feature",
      "properties": {
        "@id": "way/45267310",
        "highway": "service"
      },
      "geometry": {
        "type": "LineString",
        "coordinates": [
          [
            7.0395358,
            46.8757674
          ],
          [
            7.0397089,
            46.8755031
          ],
          [
            7.0397186,
            46.8754002
          ]
        ]
      },
      "id": "way/45267310"
    },
    {
      "type": "Feature",
      "properties": {
        "@id": "way/45267311",
        "cycleway:both": "no",
        "highway": "residential",
        "name": "Rue des Helvètes",
        "sidewalk": "no"
      },
      "geometry": {
        "type": "LineString",
        "coordinates": [
          [
            7.0420328,
            46.8762148
          ],
          [
            7.0419972,
            46.8762124
          ],
          [
            7.0419696,
            46.8762106
          ],
          [
            7.0418196,
            46.8762093
          ],
          [
            7.0416897,
            46.8762399
          ],
          [
            7.041549,
            46.8762572
          ],
          [
            7.0413886,
            46.8762664
          ],
          [
            7.0412123,
            46.8762587
          ],
          [
            7.0410488,
            46.8762309
          ],
          [
            7.0407628,
            46.8761667
          ],
          [
            7.0401355,
            46.8759654
          ],
          [
            7.0399459,
            46.8759028
          ],
          [
            7.0395358,
            46.8757674
          ],
          [
            7.0391325,
            46.8756368
          ],
          [
            7.0390254,
            46.8755927
          ],
          [
            7.0389914,
            46.8755252
          ],
          [
            7.0390108,
            46.8754378
          ],
          [
            7.0390562,
            46.8753106
          ],
          [
            7.0389561,
            46.8752513
          ],
          [
            7.038365,
            46.8750283
          ]
        ]
      },
      "id": "way/45267311"
    },
    {
      "type": "Feature",
      "properties": {
        "@id": "way/45267312",
        "highway": "residential",
        "maxspeed": "30",
        "maxspeed:type": "CH:zone30",
        "name": "Route du Signal",
        "sidewalk": "left"
      },
      "geometry": {
        "type": "LineString",
        "coordinates": [
          [
            7.0434226,
            46.8734554
          ],
          [
            7.0435107,
            46.8734521
          ],
          [
            7.0435476,
            46.873453
          ],
          [
            7.043619,
            46.8734632
          ],
          [
            7.0436939,
            46.8734782
          ],
          [
            7.0437501,
            46.8734939
          ],
          [
            7.0438033,
            46.8735117
          ],
          [
            7.0438203,
            46.873526
          ],
          [
            7.043841,
            46.873548
          ],
          [
            7.0438509,
            46.8735708
          ],
          [
            7.043857,
            46.8735892
          ],
          [
            7.0438578,
            46.8736127
          ],
          [
            7.0438504,
            46.8736414
          ],
          [
            7.0438416,
            46.8736607
          ],
          [
            7.0437235,
            46.8738013
          ],
          [
            7.0432104,
            46.8744057
          ],
          [
            7.0429857,
            46.8746755
          ],
          [
            7.0428726,
            46.8748584
          ],
          [
            7.0427316,
            46.8752023
          ],
          [
            7.0426634,
            46.8754642
          ],
          [
            7.0426351,
            46.8756822
          ],
          [
            7.0426372,
            46.8758569
          ],
          [
            7.0426712,
            46.8760401
          ]
        ]
      },
      "id": "way/45267312"
    },
    {
      "type": "Feature",
      "properties": {
        "@id": "way/51444089",
        "bridge": "yes",
        "highway": "secondary",
        "layer": "1",
        "maxspeed": "80",
        "name": "Viaduc Milavy",
        "rcrc_ref": "503b",
        "ref": "153"
      },
      "geometry": {
        "type": "LineString",
        "coordinates": [
          [
            7.0309945,
            46.8769699
          ],
          [
            7.0290859,
            46.8787596
          ]
        ]
      },
      "id": "way/51444089"
    },
    {
      "type": "Feature",
      "properties": {
        "@id": "way/51444090",
        "highway": "secondary",
        "maxspeed": "80",
        "rcrc_ref": "503b",
        "ref": "153"
      },
      "geometry": {
        "type": "LineString",
        "coordinates": [
          [
            7.0290859,
            46.8787596
          ],
          [
            7.0280193,
            46.8797608
          ],
          [
            7.0279395,
            46.8798399
          ],
          [
            7.0278669,
            46.8799193
          ]
        ]
      },
      "id": "way/51444090"
    },
    {
      "type": "Feature",
      "properties": {
        "@id": "way/51444091",
        "cycleway:both": "no",
        "highway": "residential",
        "name": "Impasse des Lavandières",
        "sidewalk": "no"
      },
      "geometry": {
        "type": "LineString",
        "coordinates": [
          [
            7.0421351,
            46.8769003
          ],
          [
            7.0421734,
            46.8768874
          ],
          [
            7.042264,
            46.8768519
          ],
          [
            7.0422906,
            46.8767856
          ],
          [
            7.0423513,
            46.8767378
          ],
          [
            7.0431948,
            46.8764495
          ],
          [
            7.0432305,
            46.8764329
          ],
          [
            7.0432448,
            46.8764127
          ],
          [
            7.0432753,
            46.8763165
          ]
        ]
      },
      "id": "way/51444091"
    },
    {
      "type": "Feature",
      "properties": {
        "@id": "way/51444093",
        "highway": "service",
        "lanes": "2",
        "smoothness": "excellent",
        "surface": "asphalt"
      },
      "geometry": {
        "type": "LineString",
        "coordinates": [
          [
            7.0320517,
            46.8764038
          ],
          [
            7.0320371,
            46.8764536
          ],
          [
            7.0320334,
            46.8764903
          ],
          [
            7.0320382,
            46.8765232
          ],
          [
            7.0320495,
            46.876563
          ],
          [
            7.0320667,
            46.8765922
          ],
          [
            7.0320849,
            46.8766138
          ],
          [
            7.0321097,
            46.8766319
          ],
          [
            7.0321463,
            46.87665
          ],
          [
            7.0321889,
            46.8766662
          ],
          [
            7.0322955,
            46.8767064
          ],
          [
            7.0324026,
            46.8767529
          ],
          [
            7.0325824,
            46.8768309
          ],
          [
            7.0327815,
            46.8769172
          ],
          [
            7.0328304,
            46.8769384
          ],
          [
            7.0328863,
            46.8769626
          ],
          [
            7.032938,
            46.8769851
          ],
          [
            7.0329786,
            46.877003
          ]
        ]
      },
      "id": "way/51444093"
    },
    {
      "type": "Feature",
      "properties": {
        "@id": "way/51444094",
        "highway": "residential",
        "lit": "yes",
        "smoothness": "excellent",
        "surface": "asphalt"
      },
      "geometry": {
        "type": "LineString",
        "coordinates": [
          [
            7.0367015,
            46.8783906
          ],
          [
            7.0362547,
            46.8781979
          ],
          [
            7.0357993,
            46.8780028
          ]
        ]
      },
      "id": "way/51444094"
    },
    {
      "type": "Feature",
      "properties": {
        "@id": "way/51444095",
        "highway": "residential"
      },
      "geometry": {
        "type": "LineString",
        "coordinates": [
          [
            7.0362547,
            46.8781979
          ],
          [
            7.0359361,
            46.8785532
          ],
          [
            7.0362038,
            46.8786669
          ]
        ]
      },
      "id": "way/51444095"
    },
    {
      "type": "Feature",
      "properties": {
        "@id": "way/51444097",
        "cycleway:both": "no",
        "highway": "residential",
        "maxspeed": "50",
        "name": "Rue de Bibracte",
        "sidewalk": "right"
      },
      "geometry": {
        "type": "LineString",
        "coordinates": [
          [
            7.0395551,
            46.8769002
          ],
          [
            7.0395383,
            46.8768827
          ],
          [
            7.039518,
            46.8768648
          ],
          [
            7.0394943,
            46.8768478
          ],
          [
            7.0394622,
            46.8768329
          ],
          [
            7.0394211,
            46.8768183
          ],
          [
            7.0391266,
            46.8767359
          ],
          [
            7.0388851,
            46.8766707
          ],
          [
            7.0383514,
            46.8765266
          ],
          [
            7.0382158,
            46.87649
          ],
          [
            7.0380112,
            46.8764347
          ],
          [
            7.0378436,
            46.8763894
          ],
          [
            7.0371966,
            46.8762148
          ],
          [
            7.0370843,
            46.8761859
          ],
          [
            7.0370019,
            46.8761652
          ],
          [
            7.0369679,
            46.8761538
          ],
          [
            7.0369467,
            46.8761458
          ],
          [
            7.0369222,
            46.8761332
          ],
          [
            7.0369067,
            46.8761216
          ],
          [
            7.0368889,
            46.8761042
          ],
          [
            7.0368761,
            46.8760879
          ]
        ]
      },
      "id": "way/51444097"
    },
    {
      "type": "Feature",
      "properties": {
        "@id": "way/51444098",
        "highway": "residential",
        "maxspeed:type": "CH:urban",
        "name": "Chemin des Roches"
      },
      "geometry": {
        "type": "LineString",
        "coordinates": [
          [
            7.0432654,
            46.8774024
          ],
          [
            7.0432434,
            46.87736
          ],
          [
            7.0432409,
            46.8773098
          ],
          [
            7.04362,
            46.8767156
          ],
          [
            7.0436768,
            46.8766129
          ],
          [
            7.0437088,
            46.8765667
          ],
          [
            7.0437456,
            46.8765333
          ],
          [
            7.0438879,
            46.8764448
          ],
          [
            7.0441338,
            46.876314
          ]
        ]
      },
      "id": "way/51444098"
    },
    {
      "type": "Feature",
      "properties": {
        "@id": "way/51444099",
        "highway": "service",
        "service": "driveway"
      },
      "geometry": {
        "type": "LineString",
        "coordinates": [
          [
            7.0441338,
            46.876314
          ],
          [
            7.0442845,
            46.8762147
          ],
          [
            7.0444197,
            46.8761213
          ]
        ]
      },
      "id": "way/51444099"
    },
    {
      "type": "Feature",
      "properties": {
        "@id": "way/51444100",
        "highway": "service",
        "smoothness": "excellent",
        "surface": "asphalt"
      },
      "geometry": {
        "type": "LineString",
        "coordinates": [
          [
            7.0436054,
            46.8769811
          ],
          [
            7.0445171,
            46.8773985
          ]
        ]
      },
      "id": "way/51444100"
    },
    {
      "type": "Feature",
      "properties": {
        "@id": "way/51444101",
        "highway": "service"
      },
      "geometry": {
        "type": "LineString",
        "coordinates": [
          [
            7.044303,
            46.8764494
          ],
          [
            7.0449367,
            46.8768083
          ],
          [
            7.0450445,
            46.8768534
          ],
          [
            7.0451544,
            46.8768806
          ],
          [
            7.0454253,
            46.8769036
          ]
        ]
      },
      "id": "way/51444101"
    },
    {
      "type": "Feature",
      "properties": {
        "@id": "way/51444108",
        "highway": "path",
        "name": "Chemin des Marronniers",
        "tunnel": "building_passage"
      },
      "geometry": {
        "type": "LineString",
        "coordinates": [
          [
            7.0383641,
            46.879859
          ],
          [
            7.0383419,
            46.8798687
          ]
        ]
      },
      "id": "way/51444108"
    },
    {
      "type": "Feature",
      "properties": {
        "@id": "way/51444109",
        "highway": "unclassified",
        "name": "Chemin du Selley"
      },
      "geometry": {
        "type": "LineString",
        "coordinates": [
          [
            7.044772,
            46.880682
          ],
          [
            7.0449965,
            46.8805693
          ],
          [
            7.0452416,
            46.8803893
          ],
          [
            7.0454436,
            46.8802108
          ],
          [
            7.045577,
            46.8800929
          ],
          [
            7.0457047,
            46.8799267
          ],
          [
            7.0457746,
            46.8798078
          ],
          [
            7.0458694,
            46.8796839
          ],
          [
            7.0459547,
            46.8796035
          ],
          [
            7.0460387,
            46.8795626
          ]
        ]
      },
      "id": "way/51444109"
    },
    {
      "type": "Feature",
      "properties": {
        "@id": "way/51444111",
        "highway": "service"
      },
      "geometry": {
        "type": "LineString",
        "coordinates": [
          [
            7.043637,
            46.8817864
          ],
          [
            7.0438209,
            46.8819872
          ]
        ]
      },
      "id": "way/51444111"
    },
    {
      "type": "Feature",
      "properties": {
        "@id": "way/51444112",
        "highway": "service"
      },
      "geometry": {
        "type": "LineString",
        "coordinates": [
          [
            7.0430871,
            46.8824746
          ],
          [
            7.0433338,
            46.8825572
          ]
        ]
      },
      "id": "way/51444112"
    },
    {
      "type": "Feature",
      "properties": {
        "@id": "way/51444113",
        "highway": "service",
        "service": "driveway"
      },
      "geometry": {
        "type": "LineString",
        "coordinates": [
          [
            7.043834,
            46.8812119
          ],
          [
            7.043423,
            46.8814613
          ],
          [
            7.0432647,
            46.8816319
          ],
          [
            7.0429914,
            46.8819392
          ],
          [
            7.0427941,
            46.8822919
          ]
        ]
      },
      "id": "way/51444113"
    },
    {
      "type": "Feature",
      "properties": {
        "@id": "way/51444114",
        "highway": "residential",
        "name": "Avenue Jomini"
      },
      "geometry": {
        "type": "LineString",
        "coordinates": [
          [
            7.0441441,
            46.8815465
          ],
          [
            7.043637,
            46.8817864
          ],
          [
            7.0435233,
            46.8818598
          ],
          [
            7.0434312,
            46.8819433
          ],
          [
            7.043388,
            46.8819998
          ],
          [
            7.0433405,
            46.8820748
          ]
        ]
      },
      "id": "way/51444114"
    },
    {
      "type": "Feature",
      "properties": {
        "@id": "way/51444115",
        "highway": "service",
        "smoothness": "excellent",
        "surface": "asphalt"
      },
      "geometry": {
        "type": "LineString",
        "coordinates": [
          [
            7.0489776,
            46.8866658
          ],
          [
            7.0495722,
            46.8863049
          ],
          [
            7.0497933,
            46.8861825
          ],
          [
            7.0498989,
            46.8860843
          ]
        ]
      },
      "id": "way/51444115"
    },
    {
      "type": "Feature",
      "properties": {
        "@id": "way/51444970",
        "highway": "residential",
        "maxspeed": "50",
        "maxspeed:type": "CH:urban",
        "name": "Rue du Jura",
        "oneway": "no",
        "surface": "asphalt"
      },
      "geometry": {
        "type": "LineString",
        "coordinates": [
          [
            7.0388871,
            46.8797389
          ],
          [
            7.0393948,
            46.8801515
          ],
          [
            7.039879,
            46.8804442
          ],
          [
            7.0400643,
            46.8805592
          ],
          [
            7.0401479,
            46.8806156
          ]
        ]
      },
      "id": "way/51444970"
    },
    {
      "type": "Feature",
      "properties": {
        "@id": "way/51444971",
        "highway": "residential",
        "name": "Rue de la Tour"
      },
      "geometry": {
        "type": "LineString",
        "coordinates": [
          [
            7.0383641,
            46.879859
          ],
          [
            7.0384819,
            46.8797997
          ],
          [
            7.0385617,
            46.8798015
          ],
          [
            7.0388871,
            46.8797389
          ]
        ]
      },
      "id": "way/51444971"
    },
    {
      "type": "Feature",
      "properties": {
        "@id": "way/51444973",
        "cycleway:both": "no",
        "highway": "residential",
        "lane_markings": "no",
        "maxspeed:type": "CH:urban",
        "name": "Place du Montmezard",
        "smoothness": "excellent",
        "surface": "asphalt"
      },
      "geometry": {
        "type": "LineString",
        "coordinates": [
          [
            7.0387226,
            46.8787642
          ],
          [
            7.0386857,
            46.8787979
          ]
        ]
      },
      "id": "way/51444973"
    },
    {
      "type": "Feature",
      "properties": {
        "@id": "way/51444974",
        "handrail": "yes",
        "highway": "steps",
        "lit": "yes",
        "name": "Chemin de la Petite Poya",
        "step_count": "8"
      },
      "geometry": {
        "type": "LineString",
        "coordinates": [
          [
            7.0432802,
            46.8806114
          ],
          [
            7.0433157,
            46.8805793
          ]
        ]
      },
      "id": "way/51444974"
    },
    {
      "type": "Feature",
      "properties": {
        "@id": "way/51444976",
        "highway": "residential",
        "maxspeed": "30",
        "name": "Route de la Grande Poya",
        "oneway": "yes"
      },
      "geometry": {
        "type": "LineString",
        "coordinates": [
          [
            7.0432692,
            46.8795489
          ],
          [
            7.0429715,
            46.8797979
          ],
          [
            7.0429007,
            46.8798708
          ],
          [
            7.0427226,
            46.8801038
          ],
          [
            7.0426818,
            46.8801742
          ],
          [
            7.0426593,
            46.8802463
          ],
          [
            7.0426547,
            46.880301
          ],
          [
            7.042689,
            46.8805259
          ],
          [
            7.0427038,
            46.8805987
          ]
        ]
      },
      "id": "way/51444976"
    },
    {
      "type": "Feature",
      "properties": {
        "@id": "way/51445715",
        "highway": "path",
        "name": "Chemin du Montmezard",
        "surface": "asphalt"
      },
      "geometry": {
        "type": "LineString",
        "coordinates": [
          [
            7.0393108,
            46.8784248
          ],
          [
            7.0393343,
            46.8784129
          ]
        ]
      },
      "id": "way/51445715"
    },
    {
      "type": "Feature",
      "properties": {
        "@id": "way/51445716",
        "cycleway:both": "no",
        "highway": "residential",
        "lane_markings": "no",
        "lit": "yes",
        "name": "Ruelle des Arvoz",
        "sidewalk": "no",
        "smoothness": "good",
        "surface": "sett"
      },
      "geometry": {
        "type": "LineString",
        "coordinates": [
          [
            7.0410702,
            46.8795956
          ],
          [
            7.0410579,
            46.8796202
          ],
          [
            7.0409489,
            46.8797129
          ],
          [
            7.040798,
            46.8798414
          ]
        ]
      },
      "id": "way/51445716"
    },
    {
      "type": "Feature",
      "properties": {
        "@id": "way/51445717",
        "highway": "residential",
        "name": "Rue de la Tour"
      },
      "geometry": {
        "type": "LineString",
        "coordinates": [
          [
            7.039228,
            46.8790986
          ],
          [
            7.0389817,
            46.8793669
          ],
          [
            7.0389351,
            46.8794353
          ],
          [
            7.0389079,
            46.879496
          ],
          [
            7.0388851,
            46.8796179
          ],
          [
            7.0388918,
            46.8796985
          ],
          [
            7.0388871,
            46.8797389
          ]
        ]
      },
      "id": "way/51445717"
    },
    {
      "type": "Feature",
      "properties": {
        "@id": "way/51445719",
        "cycleway:both": "no",
        "highway": "residential",
        "name": "Rue du Collège",
        "oneway": "yes",
        "sidewalk": "no",
        "source": "@3d4pi | mapillary.com"
      },
      "geometry": {
        "type": "LineString",
        "coordinates": [
          [
            7.0403755,
            46.8802993
          ],
          [
            7.040632,
            46.8804511
          ],
          [
            7.041259,
            46.8807525
          ],
          [
            7.0413689,
            46.8808054
          ]
        ]
      },
      "id": "way/51445719"
    },
    {
      "type": "Feature",
      "properties": {
        "@id": "way/51445720",
        "cycleway:both": "no",
        "highway": "residential",
        "lane_markings": "no",
        "name": "Rue du Temple",
        "sidewalk": "no",
        "surface": "sett"
      },
      "geometry": {
        "type": "LineString",
        "coordinates": [
          [
            7.040632,
            46.8804511
          ],
          [
            7.0409784,
            46.8801263
          ]
        ]
      },
      "id": "way/51445720"
    },
    {
      "type": "Feature",
      "properties": {
        "@id": "way/51447454",
        "highway": "pedestrian",
        "lit": "yes",
        "name": "Passage de Benneville",
        "smoothness": "good",
        "surface": "sett",
        "width": "4"
      },
      "geometry": {
        "type": "LineString",
        "coordinates": [
          [
            7.0414412,
            46.8792634
          ],
          [
            7.0413945,
            46.87931
          ],
          [
            7.0413904,
            46.879314
          ]
        ]
      },
      "id": "way/51447454"
    },
    {
      "type": "Feature",
      "properties": {
        "@id": "way/55848250",
        "highway": "service",
        "maxspeed": "10",
        "motor_vehicle": "private",
        "name": "JCC",
        "surface": "gravel"
      },
      "geometry": {
        "type": "LineString",
        "coordinates": [
          [
            7.0463699,
            46.9015572
          ],
          [
            7.0463098,
            46.901497
          ],
          [
            7.0461754,
            46.9013005
          ],
          [
            7.0460202,
            46.9009708
          ],
          [
            7.045861,
            46.9005486
          ],
          [
            7.0458391,
            46.9003861
          ]
        ]
      },
      "id": "way/55848250"
    },
    {
      "type": "Feature",
      "properties": {
        "@id": "way/55848251",
        "highway": "service",
        "maxspeed": "10",
        "name": "JCM",
        "oneway": "yes"
      },
      "geometry": {
        "type": "LineString",
        "coordinates": [
          [
            7.0483527,
            46.8988735
          ],
          [
            7.0485139,
            46.8986733
          ],
          [
            7.0488394,
            46.8984046
          ],
          [
            7.0491665,
            46.8981919
          ],
          [
            7.0494,
            46.8980759
          ],
          [
            7.0496905,
            46.8979608
          ],
          [
            7.0499656,
            46.8978792
          ],
          [
            7.0501992,
            46.8978326
          ],
          [
            7.0502963,
            46.8978235
          ],
          [
            7.050351,
            46.8978515
          ]
        ]
      },
      "id": "way/55848251"
    },
    {
      "type": "Feature",
      "properties": {
        "@id": "way/55848252",
        "highway": "service",
        "maxspeed": "10",
        "name": "JCM",
        "oneway": "yes"
      },
      "geometry": {
        "type": "LineString",
        "coordinates": [
          [
            7.0477715,
            46.8986599
          ],
          [
            7.0479694,
            46.8984194
          ],
          [
            7.0483325,
            46.8981148
          ],
          [
            7.048789,
            46.8978273
          ],
          [
            7.0490668,
            46.8977045
          ],
          [
            7.0490855,
            46.8976963
          ],
          [
            7.0493391,
            46.8975842
          ],
          [
            7.0497202,
            46.8974687
          ],
          [
            7.0502666,
            46.8973704
          ],
          [
            7.0503996,
            46.8973754
          ]
        ]
      },
      "id": "way/55848252"
    },
    {
      "type": "Feature",
      "properties": {
        "@id": "way/55848253",
        "highway": "service",
        "maxspeed": "10",
        "oneway": "yes"
      },
      "geometry": {
        "type": "LineString",
        "coordinates": [
          [
            7.0471574,
            46.8984348
          ],
          [
            7.0472048,
            46.898389
          ],
          [
            7.047387,
            46.898213
          ],
          [
            7.0476818,
            46.8979477
          ],
          [
            7.0480629,
            46.8976628
          ],
          [
            7.0484403,
            46.8974441
          ],
          [
            7.0487114,
            46.8973103
          ],
          [
            7.0489134,
            46.8972291
          ],
          [
            7.0489652,
            46.8972083
          ],
          [
            7.049508,
            46.8970364
          ],
          [
            7.0499107,
            46.8969528
          ],
          [
            7.0503313,
            46.896916
          ],
          [
            7.0504967,
            46.8969283
          ]
        ]
      },
      "id": "way/55848253"
    },
    {
      "type": "Feature",
      "properties": {
        "@id": "way/55848254",
        "highway": "service",
        "maxspeed": "10",
        "oneway": "yes"
      },
      "geometry": {
        "type": "LineString",
        "coordinates": [
          [
            7.0471463,
            46.9011841
          ],
          [
            7.0476407,
            46.9010241
          ],
          [
            7.0481235,
            46.9008784
          ],
          [
            7.0481884,
            46.9008417
          ],
          [
            7.0483973,
            46.9007695
          ],
          [
            7.0485182,
            46.9006954
          ],
          [
            7.0486749,
            46.9006468
          ],
          [
            7.0488106,
            46.9006521
          ],
          [
            7.0488211,
            46.9006855
          ],
          [
            7.0488552,
            46.9007561
          ],
          [
            7.0488652,
            46.9007757
          ],
          [
            7.0488331,
            46.9007962
          ],
          [
            7.0488452,
            46.9008391
          ],
          [
            7.0488696,
            46.9008673
          ],
          [
            7.0489074,
            46.9009323
          ]
        ]
      },
      "id": "way/55848254"
    },
    {
      "type": "Feature",
      "properties": {
        "@id": "way/55848255",
        "highway": "service",
        "maxspeed": "10",
        "motor_vehicle": "private",
        "name": "JCC",
        "surface": "gravel"
      },
      "geometry": {
        "type": "LineString",
        "coordinates": [
          [
            7.0460863,
            46.9016418
          ],
          [
            7.0459621,
            46.9015073
          ],
          [
            7.0458442,
            46.901284
          ],
          [
            7.0457519,
            46.9010879
          ],
          [
            7.0457155,
            46.9009955
          ],
          [
            7.0456271,
            46.9007569
          ],
          [
            7.045552,
            46.9004871
          ],
          [
            7.0455533,
            46.9004409
          ],
          [
            7.0455768,
            46.9003946
          ],
          [
            7.045672,
            46.9003783
          ],
          [
            7.0458391,
            46.9003861
          ],
          [
            7.0461916,
            46.9003612
          ],
          [
            7.0462773,
            46.9003976
          ],
          [
            7.0463704,
            46.9007724
          ],
          [
            7.0467239,
            46.9014536
          ]
        ]
      },
      "id": "way/55848255"
    },
    {
      "type": "Feature",
      "properties": {
        "@id": "way/55848257",
        "highway": "service",
        "maxspeed": "10",
        "oneway": "yes"
      },
      "geometry": {
        "type": "LineString",
        "coordinates": [
          [
            7.0472048,
            46.898389
          ],
          [
            7.0483125,
            46.8969365
          ],
          [
            7.0487655,
            46.8963224
          ],
          [
            7.0488518,
            46.8962733
          ],
          [
            7.0489154,
            46.8962758
          ],
          [
            7.049693,
            46.8965263
          ],
          [
            7.050561,
            46.8967797
          ]
        ]
      },
      "id": "way/55848257"
    },
    {
      "type": "Feature",
      "properties": {
        "@id": "way/55848258",
        "highway": "service",
        "maxspeed": "10",
        "oneway": "yes"
      },
      "geometry": {
        "type": "LineString",
        "coordinates": [
          [
            7.0489304,
            46.8990666
          ],
          [
            7.0490515,
            46.8989278
          ],
          [
            7.049411,
            46.8986453
          ],
          [
            7.049605,
            46.8985324
          ],
          [
            7.0499493,
            46.898377
          ],
          [
            7.0501566,
            46.8983079
          ],
          [
            7.0502585,
            46.8982926
          ],
          [
            7.0503167,
            46.8983185
          ]
        ]
      },
      "id": "way/55848258"
    },
    {
      "type": "Feature",
      "properties": {
        "@id": "way/55848261",
        "highway": "residential",
        "maxspeed": "10",
        "oneway": "no"
      },
      "geometry": {
        "type": "LineString",
        "coordinates": [
          [
            7.0501546,
            46.8995
          ],
          [
            7.0499236,
            46.8994226
          ],
          [
            7.0494736,
            46.899263
          ],
          [
            7.0494199,
            46.8992439
          ]
        ]
      },
      "id": "way/55848261"
    },
    {
      "type": "Feature",
      "properties": {
        "@id": "way/55848262",
        "highway": "residential",
        "maxspeed": "10",
        "oneway": "yes"
      },
      "geometry": {
        "type": "LineString",
        "coordinates": [
          [
            7.050561,
            46.8967797
          ],
          [
            7.0504967,
            46.8969283
          ],
          [
            7.0503996,
            46.8973754
          ],
          [
            7.050397,
            46.8974285
          ],
          [
            7.050351,
            46.8978515
          ],
          [
            7.050347,
            46.897906
          ],
          [
            7.0503167,
            46.8983185
          ],
          [
            7.0502979,
            46.8986401
          ],
          [
            7.050305,
            46.898723
          ],
          [
            7.050308,
            46.8987543
          ]
        ]
      },
      "id": "way/55848262"
    },
    {
      "type": "Feature",
      "properties": {
        "@id": "way/55848264",
        "highway": "residential",
        "name": "Vers l'Eau-Noire"
      },
      "geometry": {
        "type": "LineString",
        "coordinates": [
          [
            7.0444617,
            46.9021261
          ],
          [
            7.0444712,
            46.9021585
          ],
          [
            7.0444858,
            46.9022091
          ],
          [
            7.044604,
            46.9026034
          ],
          [
            7.0446963,
            46.9029112
          ],
          [
            7.0448451,
            46.9034022
          ]
        ]
      },
      "id": "way/55848264"
    },
    {
      "type": "Feature",
      "properties": {
        "@id": "way/59407179",
        "highway": "track",
        "surface": "concrete",
        "tracktype": "grade1"
      },
      "geometry": {
        "type": "LineString",
        "coordinates": [
          [
            7.0319488,
            46.9100039
          ],
          [
            7.0274743,
            46.9058905
          ],
          [
            7.0237618,
            46.9024461
          ],
          [
            7.0205803,
            46.899438
          ],
          [
            7.0190262,
            46.8980578
          ]
        ]
      },
      "id": "way/59407179"
    },
    {
      "type": "Feature",
      "properties": {
        "@id": "way/59407180",
        "highway": "track",
        "surface": "unpaved",
        "tracktype": "grade2"
      },
      "geometry": {
        "type": "LineString",
        "coordinates": [
          [
            7.0416403,
            46.902817
          ],
          [
            7.0413696,
            46.9026902
          ],
          [
            7.0387262,
            46.900897
          ],
          [
            7.0355116,
            46.8986812
          ],
          [
            7.0353752,
            46.8985518
          ],
          [
            7.0352564,
            46.898484
          ],
          [
            7.035053,
            46.8983262
          ],
          [
            7.034869,
            46.8981098
          ],
          [
            7.0307129,
            46.8930915
          ],
          [
            7.028159,
            46.8896702
          ],
          [
            7.0256736,
            46.8862819
          ]
        ]
      },
      "id": "way/59407180"
    },
    {
      "type": "Feature",
      "properties": {
        "@id": "way/59407182",
        "check_date:tracktype": "2024-09-06",
        "highway": "track",
        "tracktype": "grade1"
      },
      "geometry": {
        "type": "LineString",
        "coordinates": [
          [
            7.0307129,
            46.8930915
          ],
          [
            7.0355671,
            46.8878574
          ]
        ]
      },
      "id": "way/59407182"
    },
    {
      "type": "Feature",
      "properties": {
        "@id": "way/59407183",
        "highway": "service",
        "lit": "no"
      },
      "geometry": {
        "type": "LineString",
        "coordinates": [
          [
            7.0248424,
            46.8871783
          ],
          [
            7.0247383,
            46.8871419
          ],
          [
            7.0246504,
            46.8871223
          ],
          [
            7.0227178,
            46.8868423
          ],
          [
            7.0220088,
            46.8867405
          ],
          [
            7.0212986,
            46.8866417
          ],
          [
            7.0211874,
            46.8866227
          ],
          [
            7.0211117,
            46.8866084
          ],
          [
            7.021015,
            46.8865879
          ],
          [
            7.0209548,
            46.8865673
          ],
          [
            7.0208911,
            46.8865354
          ],
          [
            7.0208336,
            46.8865047
          ]
        ]
      },
      "id": "way/59407183"
    },
    {
      "type": "Feature",
      "properties": {
        "@id": "way/59407185",
        "highway": "track",
        "surface": "concrete:plates",
        "tracktype": "grade1"
      },
      "geometry": {
        "type": "LineString",
        "coordinates": [
          [
            7.0310636,
            46.9027701
          ],
          [
            7.0257553,
            46.8978527
          ],
          [
            7.0243202,
            46.8961715
          ],
          [
            7.0202386,
            46.8913063
          ]
        ]
      },
      "id": "way/59407185"
    },
    {
      "type": "Feature",
      "properties": {
        "@id": "way/59407189",
        "highway": "track",
        "tracktype": "grade1"
      },
      "geometry": {
        "type": "LineString",
        "coordinates": [
          [
            7.0205803,
            46.899438
          ],
          [
            7.0243202,
            46.8961715
          ]
        ]
      },
      "id": "way/59407189"
    },
    {
      "type": "Feature",
      "properties": {
        "@id": "way/59407190",
        "highway": "track",
        "smoothness": "excellent",
        "surface": "asphalt",
        "tracktype": "grade1"
      },
      "geometry": {
        "type": "LineString",
        "coordinates": [
          [
            7.0362739,
            46.8870905
          ],
          [
            7.0369282,
            46.8863845
          ],
          [
            7.0369583,
            46.8863583
          ],
          [
            7.0369926,
            46.8863363
          ],
          [
            7.0370791,
            46.8862895
          ],
          [
            7.0371192,
            46.8862749
          ],
          [
            7.0371582,
            46.8862639
          ],
          [
            7.0372425,
            46.8862477
          ]
        ]
      },
      "id": "way/59407190"
    },
    {
      "type": "Feature",
      "properties": {
        "@id": "way/59407191",
        "bridge": "yes",
        "highway": "track",
        "layer": "1",
        "smoothness": "excellent",
        "surface": "asphalt",
        "tracktype": "grade1"
      },
      "geometry": {
        "type": "LineString",
        "coordinates": [
          [
            7.0355671,
            46.8878574
          ],
          [
            7.0362739,
            46.8870905
          ]
        ]
      },
      "id": "way/59407191"
    },
    {
      "type": "Feature",
      "properties": {
        "@id": "way/59407192",
        "highway": "track",
        "surface": "concrete:plates",
        "tracktype": "grade1"
      },
      "geometry": {
        "type": "LineString",
        "coordinates": [
          [
            7.032993,
            46.9011242
          ],
          [
            7.0335965,
            46.9017878
          ],
          [
            7.0349279,
            46.9032356
          ],
          [
            7.0350119,
            46.9033004
          ],
          [
            7.0351677,
            46.9034093
          ]
        ]
      },
      "id": "way/59407192"
    },
    {
      "type": "Feature",
      "properties": {
        "@id": "way/61163464",
        "highway": "footway"
      },
      "geometry": {
        "type": "LineString",
        "coordinates": [
          [
            7.0447271,
            46.8821078
          ],
          [
            7.0448694,
            46.8820742
          ],
          [
            7.0451161,
            46.8820259
          ]
        ]
      },
      "id": "way/61163464"
    },
    {
      "type": "Feature",
      "properties": {
        "@id": "way/61163469",
        "highway": "residential",
        "lane_markings": "no",
        "name": "La Tornalla",
        "surface": "asphalt"
      },
      "geometry": {
        "type": "LineString",
        "coordinates": [
          [
            7.0618495,
            46.8818304
          ],
          [
            7.0618063,
            46.8818692
          ],
          [
            7.0617851,
            46.8819316
          ],
          [
            7.0618559,
            46.8828551
          ],
          [
            7.0619342,
            46.8837817
          ],
          [
            7.061968,
            46.8839892
          ],
          [
            7.061973,
            46.8840678
          ]
        ]
      },
      "id": "way/61163469"
    },
    {
      "type": "Feature",
      "properties": {
        "@id": "way/65417775",
        "highway": "secondary",
        "maxspeed": "50",
        "name": "Route de Donatyre",
        "nat_ref": "157.1",
        "rcrc_ref": "602b",
        "ref": "157.1"
      },
      "geometry": {
        "type": "LineString",
        "coordinates": [
          [
            7.0452165,
            46.8761017
          ],
          [
            7.0448379,
            46.876249
          ],
          [
            7.044303,
            46.8764494
          ],
          [
            7.0440841,
            46.8765531
          ],
          [
            7.0439526,
            46.8766347
          ],
          [
            7.0438651,
            46.8767024
          ],
          [
            7.0437576,
            46.8768059
          ],
          [
            7.0436054,
            46.8769811
          ],
          [
            7.0433717,
            46.8772856
          ],
          [
            7.0432654,
            46.8774024
          ],
          [
            7.04317,
            46.8774744
          ],
          [
            7.0430185,
            46.8775624
          ],
          [
            7.0428983,
            46.877634
          ],
          [
            7.0427486,
            46.8777389
          ],
          [
            7.0426309,
            46.8778484
          ],
          [
            7.0425817,
            46.8778941
          ],
          [
            7.0422858,
            46.8781775
          ],
          [
            7.042135,
            46.8783384
          ],
          [
            7.0421156,
            46.8783651
          ]
        ]
      },
      "id": "way/65417775"
    },
    {
      "type": "Feature",
      "properties": {
        "@id": "way/65417805",
        "highway": "primary",
        "lanes": "2",
        "lit": "no",
        "maxspeed": "80",
        "name": "Route de Berne",
        "rcrc_ref": "601a",
        "ref": "1"
      },
      "geometry": {
        "type": "LineString",
        "coordinates": [
          [
            7.0500677,
            46.8874421
          ],
          [
            7.050218,
            46.8875647
          ],
          [
            7.0503239,
            46.8876695
          ],
          [
            7.0504201,
            46.8877739
          ],
          [
            7.0505224,
            46.8878923
          ],
          [
            7.0506066,
            46.8880123
          ],
          [
            7.0507092,
            46.888169
          ],
          [
            7.050874,
            46.8884269
          ],
          [
            7.0510351,
            46.8886859
          ],
          [
            7.0514587,
            46.8894061
          ],
          [
            7.0520224,
            46.8902932
          ],
          [
            7.0521873,
            46.8905216
          ],
          [
            7.0522893,
            46.8906517
          ],
          [
            7.0523824,
            46.8907495
          ],
          [
            7.0525085,
            46.8908628
          ],
          [
            7.052696,
            46.891004
          ],
          [
            7.0528871,
            46.8911317
          ]
        ]
      },
      "id": "way/65417805"
    },
    {
      "type": "Feature",
      "properties": {
        "@id": "way/65417848",
        "cycleway:both": "no",
        "highway": "secondary",
        "lanes": "2",
        "maxspeed": "80",
        "name": "Route de Donatyre",
        "nat_ref": "157.1",
        "rcrc_ref": "602b",
        "ref": "157.1",
        "smoothness": "excellent",
        "surface": "asphalt"
      },
      "geometry": {
        "type": "LineString",
        "coordinates": [
          [
            7.0537795,
            46.8756649
          ],
          [
            7.052639,
            46.8754953
          ],
          [
            7.0518738,
            46.875375
          ],
          [
            7.0500387,
            46.8751672
          ],
          [
            7.0495713,
            46.8751488
          ],
          [
            7.049258,
            46.8751613
          ],
          [
            7.0489839,
            46.875206
          ],
          [
            7.0485192,
            46.8752738
          ],
          [
            7.0477255,
            46.8754183
          ],
          [
            7.0465726,
            46.8756164
          ]
        ]
      },
      "id": "way/65417848"
    },
    {
      "type": "Feature",
      "properties": {
        "@id": "way/65417858",
        "cycleway:both": "no",
        "highway": "secondary",
        "lane_markings": "no",
        "maxspeed": "50",
        "name": "Route de Fribourg",
        "nat_ref": "157.1",
        "rcrc_ref": "602b",
        "ref": "157.1",
        "sidewalk": "both",
        "surface": "asphalt"
      },
      "geometry": {
        "type": "LineString",
        "coordinates": [
          [
            7.0596319,
            46.8742914
          ],
          [
            7.0595881,
            46.8743192
          ],
          [
            7.0595443,
            46.8743514
          ],
          [
            7.0594404,
            46.8744445
          ],
          [
            7.0591885,
            46.8747006
          ],
          [
            7.0590881,
            46.8747896
          ],
          [
            7.0588961,
            46.8749505
          ],
          [
            7.0586572,
            46.8751276
          ],
          [
            7.0586193,
            46.8751557
          ],
          [
            7.0582129,
            46.8754533
          ],
          [
            7.0580596,
            46.8755895
          ],
          [
            7.0579576,
            46.8756932
          ],
          [
            7.0578503,
            46.8758108
          ],
          [
            7.0577796,
            46.8758937
          ],
          [
            7.0576842,
            46.8760155
          ],
          [
            7.0575976,
            46.8761301
          ],
          [
            7.0575711,
            46.8761654
          ],
          [
            7.0573928,
            46.8764177
          ],
          [
            7.057353,
            46.8764645
          ],
          [
            7.057328,
            46.8764921
          ],
          [
            7.0573047,
            46.8765133
          ],
          [
            7.0572793,
            46.87653
          ],
          [
            7.0572506,
            46.876543
          ],
          [
            7.0572035,
            46.876557
          ]
        ]
      },
      "id": "way/65417858"
    },
    {
      "type": "Feature",
      "properties": {
        "@id": "way/65745710",
        "cycleway:both": "no",
        "highway": "residential",
        "maxspeed": "50",
        "name": "Rue des Allobroges",
        "sidewalk": "left"
      },
      "geometry": {
        "type": "LineString",
        "coordinates": [
          [
            7.0393022,
            46.8776558
          ],
          [
            7.0392979,
            46.8776288
          ],
          [
            7.0392945,
            46.8775662
          ],
          [
            7.0392933,
            46.8775459
          ],
          [
            7.0392954,
            46.8775264
          ],
          [
            7.0393013,
            46.8775012
          ],
          [
            7.0393131,
            46.8774681
          ],
          [
            7.0393601,
            46.8773846
          ],
          [
            7.039503,
            46.8771334
          ],
          [
            7.0395687,
            46.8770213
          ],
          [
            7.0395769,
            46.8769927
          ],
          [
            7.039579,
            46.8769712
          ],
          [
            7.0395771,
            46.8769505
          ],
          [
            7.0395723,
            46.8769299
          ],
          [
            7.0395639,
            46.8769142
          ],
          [
            7.0395551,
            46.8769002
          ],
          [
            7.0396211,
            46.8768727
          ],
          [
            7.0396452,
            46.876861
          ],
          [
            7.0396613,
            46.8768499
          ],
          [
            7.0396777,
            46.8768322
          ],
          [
            7.0398144,
            46.8765911
          ],
          [
            7.0398251,
            46.8765692
          ],
          [
            7.0398315,
            46.8765473
          ],
          [
            7.0398346,
            46.8765306
          ],
          [
            7.0398342,
            46.8765128
          ],
          [
            7.0398274,
            46.8764871
          ],
          [
            7.0398191,
            46.8764671
          ],
          [
            7.0398095,
            46.8764521
          ],
          [
            7.0397986,
            46.8764379
          ],
          [
            7.0397811,
            46.8764208
          ],
          [
            7.0397612,
            46.8764076
          ],
          [
            7.0397379,
            46.8763956
          ],
          [
            7.0397054,
            46.8763833
          ],
          [
            7.0396508,
            46.8763663
          ],
          [
            7.0392448,
            46.8762555
          ],
          [
            7.0392108,
            46.8762423
          ],
          [
            7.0391412,
            46.8762119
          ],
          [
            7.0391103,
            46.8762009
          ],
          [
            7.0390235,
            46.876178
          ],
          [
            7.0382287,
            46.8759637
          ],
          [
            7.0381909,
            46.8759515
          ],
          [
            7.0381331,
            46.8759223
          ],
          [
            7.0381013,
            46.8759108
          ],
          [
            7.0374592,
            46.8757363
          ],
          [
            7.0374115,
            46.8757248
          ],
          [
            7.0373737,
            46.8757202
          ],
          [
            7.0373429,
            46.8757199
          ],
          [
            7.0373126,
            46.8757222
          ]
        ]
      },
      "id": "way/65745710"
    },
    {
      "type": "Feature",
      "properties": {
        "@id": "way/65745711",
        "cycleway:both": "no",
        "highway": "tertiary",
        "lanes": "2",
        "name": "Rue du Lavoir",
        "rcrc_ref": "604d",
        "sidewalk": "left"
      },
      "geometry": {
        "type": "LineString",
        "coordinates": [
          [
            7.0394706,
            46.8777251
          ],
          [
            7.0395194,
            46.8777112
          ],
          [
            7.0396083,
            46.8776857
          ],
          [
            7.0405834,
            46.8773154
          ],
          [
            7.0408433,
            46.8772167
          ],
          [
            7.0411979,
            46.8770821
          ],
          [
            7.041742,
            46.8768169
          ],
          [
            7.0419368,
            46.8767398
          ],
          [
            7.0419998,
            46.8767126
          ]
        ]
      },
      "id": "way/65745711"
    },
    {
      "type": "Feature",
      "properties": {
        "@id": "way/65745716",
        "cycleway:both": "no",
        "highway": "primary",
        "lanes": "2",
        "lit": "yes",
        "maxspeed": "50",
        "name": "Route du Faubourg",
        "ref": "1",
        "sidewalk": "both",
        "surface": "asphalt"
      },
      "geometry": {
        "type": "LineString",
        "coordinates": [
          [
            7.0397761,
            46.8779279
          ],
          [
            7.0400193,
            46.8779843
          ],
          [
            7.0404855,
            46.878116
          ],
          [
            7.0409404,
            46.8782446
          ],
          [
            7.0414957,
            46.8783945
          ],
          [
            7.0415846,
            46.8784175
          ],
          [
            7.0417555,
            46.8784616
          ],
          [
            7.0418874,
            46.8784831
          ],
          [
            7.0419315,
            46.8784903
          ]
        ]
      },
      "id": "way/65745716"
    },
    {
      "type": "Feature",
      "properties": {
        "@id": "way/65745720",
        "cycleway:both": "no",
        "highway": "primary",
        "junction": "roundabout",
        "lanes": "1",
        "lit": "yes",
        "maxspeed": "50",
        "name": "Route du Faubourg",
        "sidewalk": "right"
      },
      "geometry": {
        "type": "LineString",
        "coordinates": [
          [
            7.0394753,
            46.8777444
          ],
          [
            7.0394742,
            46.8777639
          ],
          [
            7.0394624,
            46.8777913
          ],
          [
            7.0394394,
            46.8778152
          ],
          [
            7.0394072,
            46.8778334
          ],
          [
            7.0393687,
            46.8778445
          ],
          [
            7.0393321,
            46.8778475
          ],
          [
            7.0392956,
            46.877844
          ],
          [
            7.0392617,
            46.8778342
          ],
          [
            7.0392272,
            46.8778147
          ],
          [
            7.0392033,
            46.8777889
          ],
          [
            7.0391922,
            46.8777593
          ],
          [
            7.0391945,
            46.8777311
          ],
          [
            7.0392086,
            46.8777045
          ],
          [
            7.0392334,
            46.8776818
          ],
          [
            7.0392651,
            46.8776655
          ],
          [
            7.0393022,
            46.8776558
          ],
          [
            7.0393454,
            46.8776538
          ],
          [
            7.0393874,
            46.8776607
          ],
          [
            7.0394245,
            46.8776759
          ],
          [
            7.0394531,
            46.8776981
          ],
          [
            7.0394706,
            46.8777251
          ],
          [
            7.0394753,
            46.8777444
          ]
        ]
      },
      "id": "way/65745720"
    },
    {
      "type": "Feature",
      "properties": {
        "@id": "way/71738955",
        "highway": "track",
        "tracktype": "grade2"
      },
      "geometry": {
        "type": "LineString",
        "coordinates": [
          [
            7.0192098,
            46.8859959
          ],
          [
            7.0191358,
            46.8858993
          ],
          [
            7.018976,
            46.8857224
          ],
          [
            7.018874,
            46.8856244
          ],
          [
            7.0188285,
            46.8855841
          ],
          [
            7.018816,
            46.885573
          ],
          [
            7.018758,
            46.8855296
          ],
          [
            7.0186851,
            46.8854842
          ],
          [
            7.0184583,
            46.8853428
          ],
          [
            7.0183724,
            46.8852865
          ],
          [
            7.0183122,
            46.8852209
          ],
          [
            7.0182614,
            46.8851548
          ],
          [
            7.0182246,
            46.8850875
          ],
          [
            7.0181889,
            46.8849937
          ],
          [
            7.0181675,
            46.884924
          ],
          [
            7.0181634,
            46.8848488
          ],
          [
            7.0181831,
            46.8847812
          ],
          [
            7.0182056,
            46.8847364
          ],
          [
            7.0182469,
            46.8846765
          ],
          [
            7.0182693,
            46.8846302
          ],
          [
            7.0182851,
            46.8845816
          ],
          [
            7.0183532,
            46.8844955
          ],
          [
            7.0184886,
            46.8842701
          ],
          [
            7.0185406,
            46.8841821
          ],
          [
            7.018581,
            46.8840928
          ],
          [
            7.0186051,
            46.8840016
          ],
          [
            7.0186462,
            46.8838161
          ],
          [
            7.018668,
            46.8837266
          ],
          [
            7.0187066,
            46.8835634
          ],
          [
            7.0187513,
            46.8834142
          ],
          [
            7.0187738,
            46.8833284
          ],
          [
            7.0188358,
            46.8831654
          ],
          [
            7.0189058,
            46.8830327
          ],
          [
            7.0189847,
            46.8829258
          ],
          [
            7.019079,
            46.8828062
          ],
          [
            7.0191942,
            46.8826949
          ],
          [
            7.0193071,
            46.8825941
          ],
          [
            7.0194269,
            46.8825049
          ],
          [
            7.0195961,
            46.8823985
          ],
          [
            7.0206595,
            46.8818932
          ],
          [
            7.0207462,
            46.8818519
          ],
          [
            7.0208497,
            46.8818017
          ],
          [
            7.0209291,
            46.8817422
          ],
          [
            7.0211709,
            46.8815766
          ],
          [
            7.0213478,
            46.8814291
          ],
          [
            7.0214646,
            46.8813216
          ],
          [
            7.021584,
            46.8811807
          ]
        ]
      },
      "id": "way/71738955"
    },
    {
      "type": "Feature",
      "properties": {
        "@id": "way/71738966",
        "highway": "track",
        "smoothness": "intermediate",
        "surface": "fine_gravel",
        "tracktype": "grade3"
      },
      "geometry": {
        "type": "LineString",
        "coordinates": [
          [
            7.0245437,
            46.8785768
          ],
          [
            7.024375,
            46.8786481
          ],
          [
            7.0240009,
            46.8787467
          ],
          [
            7.0237622,
            46.8788499
          ],
          [
            7.023579,
            46.8789782
          ],
          [
            7.0227006,
            46.8798558
          ],
          [
            7.0224428,
            46.8801007
          ],
          [
            7.0221677,
            46.8803622
          ],
          [
            7.0220484,
            46.880492
          ],
          [
            7.0220145,
            46.8805473
          ],
          [
            7.0220019,
            46.8805997
          ],
          [
            7.0220325,
            46.880637
          ],
          [
            7.0220884,
            46.8806548
          ],
          [
            7.0222034,
            46.8806951
          ],
          [
            7.0229631,
            46.8808973
          ],
          [
            7.0237726,
            46.8810891
          ],
          [
            7.0244101,
            46.8812331
          ],
          [
            7.0248071,
            46.8813393
          ]
        ]
      },
      "id": "way/71738966"
    },
    {
      "type": "Feature",
      "properties": {
        "@id": "way/72604748",
        "highway": "track",
        "name": "Pâquier aux Oies",
        "tracktype": "grade2"
      },
      "geometry": {
        "type": "LineString",
        "coordinates": [
          [
            7.0613164,
            46.9034081
          ],
          [
            7.0617251,
            46.9027162
          ],
          [
            7.0617621,
            46.9026506
          ]
        ]
      },
      "id": "way/72604748"
    },
    {
      "type": "Feature",
      "properties": {
        "@id": "way/72605282",
        "highway": "track",
        "motorcar": "agricultural",
        "smoothness": "excellent",
        "surface": "asphalt",
        "tracktype": "grade1"
      },
      "geometry": {
        "type": "LineString",
        "coordinates": [
          [
            7.0584586,
            46.8940357
          ],
          [
            7.0600127,
            46.8931718
          ],
          [
            7.060178,
            46.8931025
          ],
          [
            7.0607782,
            46.8929039
          ],
          [
            7.0610206,
            46.8928331
          ],
          [
            7.0624456,
            46.8924987
          ],
          [
            7.0626042,
            46.8924674
          ],
          [
            7.0626995,
            46.8924579
          ],
          [
            7.0627853,
            46.8924558
          ],
          [
            7.0628488,
            46.892461
          ],
          [
            7.0638237,
            46.8925846
          ],
          [
            7.064875,
            46.8927236
          ],
          [
            7.0655854,
            46.8928119
          ],
          [
            7.0657126,
            46.8928335
          ],
          [
            7.0658123,
            46.8928562
          ],
          [
            7.0658978,
            46.8928788
          ],
          [
            7.0661993,
            46.8929756
          ]
        ]
      },
      "id": "way/72605282"
    },
    {
      "type": "Feature",
      "properties": {
        "@id": "way/72605285",
        "highway": "track",
        "motorcar": "no",
        "motorcycle": "no",
        "smoothness": "good",
        "surface": "compacted",
        "tracktype": "grade2"
      },
      "geometry": {
        "type": "LineString",
        "coordinates": [
          [
            7.0580993,
            46.887793
          ],
          [
            7.0582627,
            46.8878726
          ],
          [
            7.0595335,
            46.888552
          ],
          [
            7.0614608,
            46.8896072
          ]
        ]
      },
      "id": "way/72605285"
    },
    {
      "type": "Feature",
      "properties": {
        "@id": "way/73813790",
        "highway": "service",
        "service": "parking_aisle",
        "surface": "compacted"
      },
      "geometry": {
        "type": "LineString",
        "coordinates": [
          [
            7.041951,
            46.8814647
          ],
          [
            7.0418557,
            46.88154
          ],
          [
            7.0417731,
            46.8816101
          ],
          [
            7.0416885,
            46.8816787
          ],
          [
            7.0416363,
            46.881689
          ],
          [
            7.0415301,
            46.8816563
          ],
          [
            7.0414646,
            46.8816491
          ],
          [
            7.0413583,
            46.8816054
          ]
        ]
      },
      "id": "way/73813790"
    },
    {
      "type": "Feature",
      "properties": {
        "@id": "way/73813793",
        "highway": "service"
      },
      "geometry": {
        "type": "LineString",
        "coordinates": [
          [
            7.0389079,
            46.879496
          ],
          [
            7.0389802,
            46.8795325
          ],
          [
            7.0390903,
            46.8796123
          ],
          [
            7.0389405,
            46.8797061
          ],
          [
            7.0388918,
            46.8796985
          ]
        ]
      },
      "id": "way/73813793"
    },
    {
      "type": "Feature",
      "properties": {
        "@id": "way/73813795",
        "highway": "service",
        "service": "parking_aisle"
      },
      "geometry": {
        "type": "LineString",
        "coordinates": [
          [
            7.0387754,
            46.8787112
          ],
          [
            7.0387756,
            46.8786821
          ]
        ]
      },
      "id": "way/73813795"
    },
    {
      "type": "Feature",
      "properties": {
        "@id": "way/73814147",
        "bridge": "yes",
        "cycleway:both": "no",
        "highway": "tertiary",
        "lanes": "2",
        "layer": "1",
        "maxspeed:type": "CH:rural",
        "maxweight:signed": "no",
        "name": "Route de l'Industrie",
        "smoothness": "good",
        "surface": "asphalt"
      },
      "geometry": {
        "type": "LineString",
        "coordinates": [
          [
            7.0244671,
            46.8785441
          ],
          [
            7.024245,
            46.8784496
          ]
        ]
      },
      "id": "way/73814147"
    },
    {
      "type": "Feature",
      "properties": {
        "@id": "way/84031237",
        "highway": "track",
        "moped": "agricultural",
        "motorcar": "agricultural",
        "motorcycle": "agricultural",
        "smoothness": "excellent",
        "surface": "asphalt",
        "tracktype": "grade1"
      },
      "geometry": {
        "type": "LineString",
        "coordinates": [
          [
            7.0491976,
            46.8811381
          ],
          [
            7.049279,
            46.8811356
          ],
          [
            7.0510023,
            46.8814757
          ],
          [
            7.0511321,
            46.8815098
          ],
          [
            7.0511737,
            46.8815274
          ],
          [
            7.0512607,
            46.8815661
          ],
          [
            7.0513577,
            46.8816216
          ],
          [
            7.0517263,
            46.8818572
          ],
          [
            7.0518923,
            46.8819607
          ],
          [
            7.0523462,
            46.8822149
          ],
          [
            7.0524639,
            46.8823011
          ],
          [
            7.0527602,
            46.8826286
          ],
          [
            7.0529304,
            46.8828239
          ],
          [
            7.0531217,
            46.8830236
          ],
          [
            7.0535966,
            46.8834128
          ],
          [
            7.0539921,
            46.883703
          ],
          [
            7.0543048,
            46.8839626
          ],
          [
            7.0544209,
            46.8840626
          ],
          [
            7.0547048,
            46.8844329
          ],
          [
            7.055049,
            46.8848717
          ],
          [
            7.0560369,
            46.8857377
          ],
          [
            7.0561379,
            46.8858589
          ],
          [
            7.0562543,
            46.8860344
          ],
          [
            7.0563181,
            46.8862298
          ],
          [
            7.0563516,
            46.8864314
          ],
          [
            7.0564307,
            46.8866892
          ],
          [
            7.0565158,
            46.8868554
          ],
          [
            7.0566192,
            46.8869989
          ],
          [
            7.0567196,
            46.8870986
          ],
          [
            7.0568169,
            46.887161
          ],
          [
            7.0569811,
            46.8872521
          ],
          [
            7.0572351,
            46.8873605
          ],
          [
            7.0576113,
            46.8875394
          ],
          [
            7.0577008,
            46.8875897
          ]
        ]
      },
      "id": "way/84031237"
    },
    {
      "type": "Feature",
      "properties": {
        "@id": "way/117410150",
        "cycleway:both": "no",
        "highway": "residential",
        "lane_markings": "no",
        "lit": "yes",
        "maxspeed": "50",
        "name": "Place de la Gare",
        "sidewalk": "both",
        "sidewalk:both:surface": "asphalt",
        "smoothness": "good",
        "surface": "asphalt"
      },
      "geometry": {
        "type": "LineString",
        "coordinates": [
          [
            7.0409296,
            46.8844
          ],
          [
            7.0410019,
            46.8844467
          ],
          [
            7.0411906,
            46.8845649
          ],
          [
            7.041347,
            46.8846629
          ],
          [
            7.0415657,
            46.8848082
          ],
          [
            7.0415844,
            46.8848203
          ],
          [
            7.04165,
            46.8848629
          ]
        ]
      },
      "id": "way/117410150"
    },
    {
      "type": "Feature",
      "properties": {
        "@id": "way/117410155",
        "highway": "residential",
        "lit": "yes",
        "name": "Avenue Jomini",
        "sidewalk": "both",
        "surface": "asphalt"
      },
      "geometry": {
        "type": "LineString",
        "coordinates": [
          [
            7.0446511,
            46.8821272
          ],
          [
            7.0447044,
            46.8822046
          ],
          [
            7.0448154,
            46.882359
          ],
          [
            7.0448548,
            46.8824004
          ]
        ]
      },
      "id": "way/117410155"
    },
    {
      "type": "Feature",
      "properties": {
        "@id": "way/117410157",
        "highway": "path",
        "surface": "grass"
      },
      "geometry": {
        "type": "LineString",
        "coordinates": [
          [
            7.0464116,
            46.8821635
          ],
          [
            7.0464965,
            46.8821474
          ],
          [
            7.0466191,
            46.8820814
          ],
          [
            7.046674,
            46.882047
          ],
          [
            7.0467908,
            46.8819458
          ],
          [
            7.046801,
            46.8818987
          ],
          [
            7.0467205,
            46.8817708
          ],
          [
            7.0467394,
            46.8817218
          ],
          [
            7.0481781,
            46.8808974
          ],
          [
            7.0486455,
            46.8805965
          ]
        ]
      },
      "id": "way/117410157"
    },
    {
      "type": "Feature",
      "properties": {
        "@id": "way/117410158",
        "highway": "unclassified",
        "lane_markings": "no",
        "maxspeed": "50",
        "name": "Route de Donatyre",
        "surface": "asphalt"
      },
      "geometry": {
        "type": "LineString",
        "coordinates": [
          [
            7.0618495,
            46.8818304
          ],
          [
            7.0619945,
            46.881847
          ],
          [
            7.0621135,
            46.8818508
          ],
          [
            7.0624853,
            46.8818626
          ],
          [
            7.0631545,
            46.881901
          ],
          [
            7.0638663,
            46.8820185
          ],
          [
            7.0645263,
            46.8821413
          ],
          [
            7.0657208,
            46.8823682
          ],
          [
            7.066063,
            46.8824019
          ],
          [
            7.0663579,
            46.8824073
          ],
          [
            7.0666948,
            46.8824139
          ],
          [
            7.0670459,
            46.882461
          ],
          [
            7.0672582,
            46.8825094
          ],
          [
            7.0684978,
            46.8829304
          ],
          [
            7.0685398,
            46.8829447
          ],
          [
            7.0691885,
            46.8831086
          ],
          [
            7.0695614,
            46.8831853
          ],
          [
            7.0698557,
            46.8832207
          ],
          [
            7.0701363,
            46.8832275
          ],
          [
            7.070852,
            46.8831963
          ],
          [
            7.0711512,
            46.8832089
          ],
          [
            7.0716835,
            46.8832524
          ],
          [
            7.071812,
            46.8832678
          ]
        ]
      },
      "id": "way/117410158"
    },
    {
      "type": "Feature",
      "properties": {
        "@id": "way/117410162",
        "cycleway:both": "no",
        "highway": "unclassified",
        "lane_markings": "no",
        "name": "Chemin des Conches",
        "smoothness": "excellent",
        "surface": "asphalt"
      },
      "geometry": {
        "type": "LineString",
        "coordinates": [
          [
            7.0458603,
            46.8832687
          ],
          [
            7.0459829,
            46.8832232
          ],
          [
            7.0461964,
            46.8831475
          ],
          [
            7.0462695,
            46.8831192
          ]
        ]
      },
      "id": "way/117410162"
    },
    {
      "type": "Feature",
      "properties": {
        "@id": "way/117410165",
        "access": "agricultural",
        "highway": "track",
        "surface": "ground",
        "tracktype": "grade3"
      },
      "geometry": {
        "type": "LineString",
        "coordinates": [
          [
            7.0580993,
            46.887793
          ],
          [
            7.0580292,
            46.887862
          ],
          [
            7.0570258,
            46.8887115
          ],
          [
            7.056565,
            46.8889734
          ],
          [
            7.0562182,
            46.8891198
          ]
        ]
      },
      "id": "way/117410165"
    },
    {
      "type": "Feature",
      "properties": {
        "@id": "way/117410166",
        "cycleway:both": "no",
        "highway": "unclassified",
        "lane_markings": "no",
        "name": "Chemin du Selley",
        "surface": "asphalt"
      },
      "geometry": {
        "type": "LineString",
        "coordinates": [
          [
            7.0486455,
            46.8805965
          ],
          [
            7.0488857,
            46.880811
          ],
          [
            7.0489978,
            46.8809106
          ]
        ]
      },
      "id": "way/117410166"
    },
    {
      "type": "Feature",
      "properties": {
        "@id": "way/117705397",
        "highway": "service",
        "surface": "asphalt"
      },
      "geometry": {
        "type": "LineString",
        "coordinates": [
          [
            7.0582129,
            46.8754533
          ],
          [
            7.0581125,
            46.8753994
          ],
          [
            7.0580479,
            46.8753702
          ],
          [
            7.0578469,
            46.8752793
          ],
          [
            7.0573303,
            46.8750744
          ]
        ]
      },
      "id": "way/117705397"
    },
    {
      "type": "Feature",
      "properties": {
        "@id": "way/120498127",
        "highway": "track",
        "motor_vehicle": "agricultural",
        "smoothness": "excellent",
        "surface": "asphalt",
        "tracktype": "grade1"
      },
      "geometry": {
        "type": "LineString",
        "coordinates": [
          [
            7.0590202,
            46.886861
          ],
          [
            7.0582779,
            46.8866652
          ],
          [
            7.0579138,
            46.8865525
          ],
          [
            7.0563764,
            46.8859293
          ],
          [
            7.0561379,
            46.8858589
          ],
          [
            7.0560229,
            46.8858693
          ],
          [
            7.0549055,
            46.8860894
          ],
          [
            7.0544217,
            46.8862056
          ],
          [
            7.0542388,
            46.8863084
          ],
          [
            7.054155,
            46.8863672
          ]
        ]
      },
      "id": "way/120498127"
    },
    {
      "type": "Feature",
      "properties": {
        "@id": "way/120498129",
        "highway": "track",
        "name": "Chemin du Selley",
        "tracktype": "grade2"
      },
      "geometry": {
        "type": "LineString",
        "coordinates": [
          [
            7.0460387,
            46.8795626
          ],
          [
            7.0459905,
            46.8795082
          ],
          [
            7.0459388,
            46.8794831
          ],
          [
            7.0454355,
            46.8792373
          ],
          [
            7.0449945,
            46.8790712
          ],
          [
            7.0445439,
            46.8789109
          ],
          [
            7.0442945,
            46.8788166
          ],
          [
            7.0438293,
            46.8785305
          ],
          [
            7.0436556,
            46.8784358
          ],
          [
            7.0435169,
            46.8783936
          ],
          [
            7.0432981,
            46.8783696
          ],
          [
            7.0429856,
            46.8783559
          ],
          [
            7.0427901,
            46.8783262
          ],
          [
            7.0422858,
            46.8781775
          ]
        ]
      },
      "id": "way/120498129"
    },
    {
      "type": "Feature",
      "properties": {
        "@id": "way/121164612",
        "highway": "track",
        "surface": "concrete:plates",
        "tracktype": "grade1"
      },
      "geometry": {
        "type": "LineString",
        "coordinates": [
          [
            7.054155,
            46.8863672
          ],
          [
            7.0544557,
            46.886555
          ],
          [
            7.0548221,
            46.8867361
          ],
          [
            7.0549839,
            46.8868228
          ],
          [
            7.0550023,
            46.8869694
          ],
          [
            7.0548907,
            46.8870639
          ],
          [
            7.0547459,
            46.8871372
          ],
          [
            7.053791,
            46.8876761
          ],
          [
            7.0536945,
            46.8876944
          ],
          [
            7.0534316,
            46.8876505
          ],
          [
            7.0531258,
            46.8876269
          ]
        ]
      },
      "id": "way/121164612"
    },
    {
      "type": "Feature",
      "properties": {
        "@id": "way/125301180",
        "highway": "footway",
        "lit": "no",
        "name": "Passage de Benneville",
        "surface": "asphalt",
        "width": "1"
      },
      "geometry": {
        "type": "LineString",
        "coordinates": [
          [
            7.0418831,
            46.8785695
          ],
          [
            7.0415643,
            46.8789289
          ],
          [
            7.0415238,
            46.8789498
          ],
          [
            7.0414528,
            46.8791222
          ]
        ]
      },
      "id": "way/125301180"
    },
    {
      "type": "Feature",
      "properties": {
        "@id": "way/125305475",
        "highway": "track",
        "tracktype": "grade1"
      },
      "geometry": {
        "type": "LineString",
        "coordinates": [
          [
            7.0662089,
            46.9000615
          ],
          [
            7.0644752,
            46.9018241
          ]
        ]
      },
      "id": "way/125305475"
    },
    {
      "type": "Feature",
      "properties": {
        "@id": "way/125305482",
        "highway": "track",
        "tracktype": "grade2"
      },
      "geometry": {
        "type": "LineString",
        "coordinates": [
          [
            7.0585238,
            46.8973847
          ],
          [
            7.0614087,
            46.8995415
          ]
        ]
      },
      "id": "way/125305482"
    },
    {
      "type": "Feature",
      "properties": {
        "@id": "way/125305494",
        "highway": "track",
        "tracktype": "grade1"
      },
      "geometry": {
        "type": "LineString",
        "coordinates": [
          [
            7.0673172,
            46.9038737
          ],
          [
            7.0672468,
            46.9037607
          ],
          [
            7.0671531,
            46.9037039
          ],
          [
            7.0668523,
            46.9035445
          ],
          [
            7.0667601,
            46.9034933
          ],
          [
            7.0667057,
            46.9034596
          ],
          [
            7.0666478,
            46.9034199
          ],
          [
            7.0665167,
            46.9033216
          ],
          [
            7.0644752,
            46.9018241
          ],
          [
            7.0614087,
            46.8995415
          ],
          [
            7.0631885,
            46.8977339
          ]
        ]
      },
      "id": "way/125305494"
    },
    {
      "type": "Feature",
      "properties": {
        "@id": "way/128523365",
        "highway": "residential",
        "lit": "yes",
        "maxspeed": "30",
        "maxspeed:type": "CH:zone30",
        "name": "Impasse de Saint-Antoine"
      },
      "geometry": {
        "type": "LineString",
        "coordinates": [
          [
            7.037012,
            46.8780101
          ],
          [
            7.0369821,
            46.8780503
          ],
          [
            7.0367015,
            46.8783906
          ],
          [
            7.0366032,
            46.8785119
          ],
          [
            7.0365192,
            46.8786154
          ],
          [
            7.0365718,
            46.8786697
          ]
        ]
      },
      "id": "way/128523365"
    },
    {
      "type": "Feature",
      "properties": {
        "@id": "way/128523366",
        "cycleway:both": "no",
        "highway": "residential",
        "lane_markings": "no",
        "lit": "yes",
        "maxspeed": "50",
        "name": "Place de la Gare",
        "sidewalk": "both",
        "sidewalk:both:surface": "asphalt",
        "smoothness": "excellent",
        "surface": "asphalt"
      },
      "geometry": {
        "type": "LineString",
        "coordinates": [
          [
            7.0406006,
            46.8841837
          ],
          [
            7.0408688,
            46.8843555
          ],
          [
            7.0409296,
            46.8844
          ]
        ]
      },
      "id": "way/128523366"
    },
    {
      "type": "Feature",
      "properties": {
        "@id": "way/128523367",
        "highway": "primary",
        "lanes": "3",
        "lanes:backward": "1",
        "lanes:forward": "2",
        "lit": "yes",
        "maxspeed": "60",
        "name": "Rue de Lausanne",
        "ref": "1",
        "reg_ref": "601a",
        "surface": "asphalt",
        "turn:lanes:forward": "left|"
      },
      "geometry": {
        "type": "LineString",
        "coordinates": [
          [
            7.0351561,
            46.8772833
          ],
          [
            7.0352386,
            46.8773133
          ],
          [
            7.0354291,
            46.8773803
          ],
          [
            7.0356363,
            46.8774367
          ],
          [
            7.0357397,
            46.8774622
          ],
          [
            7.0359287,
            46.8774836
          ]
        ]
      },
      "id": "way/128523367"
    },
    {
      "type": "Feature",
      "properties": {
        "@id": "way/128523369",
        "cycleway:both": "no",
        "highway": "residential",
        "lanes": "2",
        "lit": "yes",
        "maxspeed": "50",
        "name": "Place de la Gare",
        "sidewalk": "left",
        "smoothness": "excellent",
        "surface": "asphalt"
      },
      "geometry": {
        "type": "LineString",
        "coordinates": [
          [
            7.0395056,
            46.8836202
          ],
          [
            7.0396029,
            46.8836412
          ],
          [
            7.0396443,
            46.8836506
          ],
          [
            7.0398198,
            46.8837347
          ],
          [
            7.0402752,
            46.8839978
          ],
          [
            7.0404169,
            46.884081
          ],
          [
            7.0406006,
            46.8841837
          ]
        ]
      },
      "id": "way/128523369"
    },
    {
      "type": "Feature",
      "properties": {
        "@id": "way/128523378",
        "cycleway:both": "no",
        "highway": "residential",
        "maxspeed": "50",
        "name": "Route de la Province",
        "sidewalk": "left"
      },
      "geometry": {
        "type": "LineString",
        "coordinates": [
          [
            7.0383742,
            46.8784723
          ],
          [
            7.0386377,
            46.8783432
          ],
          [
            7.0388011,
            46.87821
          ],
          [
            7.0390441,
            46.8780119
          ],
          [
            7.039163,
            46.877915
          ],
          [
            7.039217,
            46.8778708
          ],
          [
            7.0392617,
            46.8778342
          ]
        ]
      },
      "id": "way/128523378"
    },
    {
      "type": "Feature",
      "properties": {
        "@id": "way/128523381",
        "cycleway:both": "no",
        "highway": "residential",
        "lit": "yes",
        "name": "Route de Sous-Ville",
        "official_name": "Route de Sous Ville",
        "sidewalk": "right"
      },
      "geometry": {
        "type": "LineString",
        "coordinates": [
          [
            7.0370997,
            46.8797189
          ],
          [
            7.037065,
            46.8797749
          ],
          [
            7.0369808,
            46.879891
          ],
          [
            7.0369233,
            46.8800008
          ],
          [
            7.0368708,
            46.8801379
          ],
          [
            7.0367677,
            46.8806552
          ],
          [
            7.0367078,
            46.8810368
          ],
          [
            7.036639,
            46.8813347
          ],
          [
            7.0366215,
            46.8814878
          ],
          [
            7.0366168,
            46.8816166
          ]
        ]
      },
      "id": "way/128523381"
    },
    {
      "type": "Feature",
      "properties": {
        "@id": "way/128523392",
        "highway": "primary",
        "lanes": "2",
        "lit": "yes",
        "maxspeed": "50",
        "name": "Route du Faubourg",
        "ref": "1"
      },
      "geometry": {
        "type": "LineString",
        "coordinates": [
          [
            7.0359287,
            46.8774836
          ],
          [
            7.0360109,
            46.8774922
          ],
          [
            7.0362632,
            46.8774967
          ],
          [
            7.0362954,
            46.8774973
          ],
          [
            7.0366525,
            46.8775037
          ],
          [
            7.0375628,
            46.8775033
          ],
          [
            7.0380025,
            46.8775261
          ],
          [
            7.0383854,
            46.8775741
          ],
          [
            7.0387917,
            46.8776666
          ]
        ]
      },
      "id": "way/128523392"
    },
    {
      "type": "Feature",
      "properties": {
        "@id": "way/128523397",
        "highway": "residential",
        "lit": "yes",
        "name": "Rue de Lausanne",
        "smoothness": "excellent",
        "surface": "asphalt"
      },
      "geometry": {
        "type": "LineString",
        "coordinates": [
          [
            7.0359287,
            46.8774836
          ],
          [
            7.0359496,
            46.8775527
          ],
          [
            7.0360105,
            46.8775976
          ],
          [
            7.0360958,
            46.8776358
          ],
          [
            7.0361709,
            46.8776607
          ],
          [
            7.0364294,
            46.8777716
          ],
          [
            7.037012,
            46.8780101
          ],
          [
            7.0379927,
            46.8784036
          ],
          [
            7.0381181,
            46.8784441
          ],
          [
            7.0383742,
            46.8784723
          ],
          [
            7.0384202,
            46.8785516
          ],
          [
            7.0384508,
            46.8785764
          ],
          [
            7.0385307,
            46.8786411
          ],
          [
            7.0387226,
            46.8787642
          ]
        ]
      },
      "id": "way/128523397"
    },
    {
      "type": "Feature",
      "properties": {
        "@id": "way/128523405",
        "cycleway:both": "no",
        "highway": "residential",
        "lit": "yes",
        "maxspeed": "50",
        "name": "Chemin du Milieu",
        "sidewalk": "right"
      },
      "geometry": {
        "type": "LineString",
        "coordinates": [
          [
            7.0389141,
            46.8842472
          ],
          [
            7.038808,
            46.8843781
          ],
          [
            7.0386124,
            46.8845935
          ],
          [
            7.0385806,
            46.8846293
          ],
          [
            7.0380643,
            46.8851864
          ],
          [
            7.0379767,
            46.8852852
          ],
          [
            7.0379546,
            46.8853101
          ]
        ]
      },
      "id": "way/128523405"
    },
    {
      "type": "Feature",
      "properties": {
        "@id": "way/128523406",
        "cycleway:both": "no",
        "highway": "residential",
        "lanes": "2",
        "lit": "yes",
        "maxspeed:type": "CH:urban",
        "name": "Chemin du Milieu",
        "sidewalk": "right",
        "sidewalk:right:surface": "asphalt",
        "smoothness": "excellent",
        "surface": "asphalt"
      },
      "geometry": {
        "type": "LineString",
        "coordinates": [
          [
            7.0395056,
            46.8836202
          ],
          [
            7.0394071,
            46.8836783
          ],
          [
            7.039334,
            46.8837257
          ],
          [
            7.0393056,
            46.8837536
          ],
          [
            7.0392792,
            46.8837818
          ],
          [
            7.0392407,
            46.883826
          ],
          [
            7.0391854,
            46.8838895
          ],
          [
            7.0391548,
            46.8839247
          ]
        ]
      },
      "id": "way/128523406"
    },
    {
      "type": "Feature",
      "properties": {
        "@id": "way/128523414",
        "highway": "residential"
      },
      "geometry": {
        "type": "LineString",
        "coordinates": [
          [
            7.0389141,
            46.8842472
          ],
          [
            7.0388058,
            46.884203
          ],
          [
            7.0387518,
            46.8841888
          ],
          [
            7.0386915,
            46.8841746
          ],
          [
            7.0386366,
            46.8841673
          ],
          [
            7.0385872,
            46.8841637
          ],
          [
            7.0385447,
            46.8841635
          ],
          [
            7.0385023,
            46.8841656
          ],
          [
            7.0384599,
            46.8841706
          ],
          [
            7.0383978,
            46.8841824
          ],
          [
            7.038335,
            46.8841983
          ],
          [
            7.0382031,
            46.8842435
          ],
          [
            7.0381189,
            46.8842718
          ],
          [
            7.038051,
            46.8842899
          ],
          [
            7.0379537,
            46.8843106
          ],
          [
            7.037836,
            46.8843335
          ],
          [
            7.0377308,
            46.8843457
          ],
          [
            7.0376186,
            46.8843537
          ],
          [
            7.0375304,
            46.8843539
          ],
          [
            7.037413,
            46.8843472
          ],
          [
            7.0372483,
            46.8843304
          ],
          [
            7.0370002,
            46.8842993
          ],
          [
            7.0347547,
            46.8840121
          ]
        ]
      },
      "id": "way/128523414"
    },
    {
      "type": "Feature",
      "properties": {
        "@id": "way/128523422",
        "highway": "secondary",
        "lanes": "2",
        "lit": "no",
        "maxspeed": "80",
        "rcrc_ref": "503b",
        "ref": "153",
        "surface": "asphalt"
      },
      "geometry": {
        "type": "LineString",
        "coordinates": [
          [
            7.0253379,
            46.8822805
          ],
          [
            7.0250185,
            46.8825792
          ],
          [
            7.0248247,
            46.8827611
          ],
          [
            7.024771,
            46.8828114
          ],
          [
            7.0242015,
            46.8833445
          ],
          [
            7.0234877,
            46.8840152
          ],
          [
            7.0220444,
            46.8853713
          ],
          [
            7.0208336,
            46.8865047
          ],
          [
            7.0206994,
            46.8866281
          ],
          [
            7.0205547,
            46.8867588
          ],
          [
            7.0204013,
            46.8868953
          ],
          [
            7.0202451,
            46.8870316
          ],
          [
            7.0201386,
            46.8871198
          ],
          [
            7.0200303,
            46.887207
          ],
          [
            7.0199174,
            46.8872945
          ],
          [
            7.0198022,
            46.887381
          ],
          [
            7.019688,
            46.8874638
          ],
          [
            7.0195713,
            46.8875456
          ],
          [
            7.0194593,
            46.8876203
          ],
          [
            7.0193438,
            46.8876933
          ],
          [
            7.0192355,
            46.8877589
          ],
          [
            7.0191258,
            46.8878233
          ],
          [
            7.0189787,
            46.8879054
          ],
          [
            7.018829,
            46.8879847
          ],
          [
            7.018675,
            46.8880625
          ],
          [
            7.0185176,
            46.8881377
          ],
          [
            7.0183633,
            46.8882068
          ],
          [
            7.018206,
            46.8882728
          ],
          [
            7.0180481,
            46.888336
          ],
          [
            7.0178875,
            46.8883964
          ],
          [
            7.0177385,
            46.8884496
          ],
          [
            7.0175869,
            46.8885006
          ],
          [
            7.017354,
            46.8885721
          ],
          [
            7.0171083,
            46.88864
          ],
          [
            7.0168257,
            46.8887131
          ],
          [
            7.0166685,
            46.8887488
          ]
        ]
      },
      "id": "way/128523422"
    },
    {
      "type": "Feature",
      "properties": {
        "@id": "way/128969448",
        "highway": "secondary",
        "lane_markings": "yes",
        "lanes": "3",
        "lanes:backward": "1",
        "lanes:forward": "2",
        "maxspeed": "80",
        "name": "Route de Salavaux",
        "rcrc_ref": "505c",
        "ref": "152",
        "surface": "asphalt",
        "turn:lanes:forward": "left|"
      },
      "geometry": {
        "type": "LineString",
        "coordinates": [
          [
            7.0492697,
            46.9011172
          ],
          [
            7.0494156,
            46.9010598
          ],
          [
            7.0495436,
            46.9009943
          ]
        ]
      },
      "id": "way/128969448"
    },
    {
      "type": "Feature",
      "properties": {
        "@id": "way/128969452",
        "bicycle": "use_sidepath",
        "highway": "tertiary",
        "lanes": "2",
        "lit": "no",
        "maxspeed": "80",
        "name": "Route de Salavaux",
        "rcrc_ref": "505c",
        "smoothness": "excellent",
        "surface": "asphalt"
      },
      "geometry": {
        "type": "LineString",
        "coordinates": [
          [
            7.0495978,
            46.9011799
          ],
          [
            7.0497342,
            46.9011862
          ],
          [
            7.0499292,
            46.9012024
          ],
          [
            7.0501239,
            46.901223
          ],
          [
            7.050387,
            46.9012627
          ],
          [
            7.0505148,
            46.901286
          ],
          [
            7.0506401,
            46.9013124
          ],
          [
            7.0509263,
            46.9013806
          ],
          [
            7.0512213,
            46.9014632
          ],
          [
            7.0513437,
            46.901497
          ],
          [
            7.0517904,
            46.9016327
          ],
          [
            7.0523612,
            46.9018077
          ],
          [
            7.0534083,
            46.9021292
          ],
          [
            7.0538149,
            46.9022504
          ],
          [
            7.0540318,
            46.9022991
          ],
          [
            7.0542446,
            46.9023369
          ],
          [
            7.0544822,
            46.9023667
          ],
          [
            7.054836,
            46.9024026
          ],
          [
            7.0550694,
            46.9024169
          ],
          [
            7.0552557,
            46.9024213
          ],
          [
            7.0554506,
            46.9024115
          ],
          [
            7.0556542,
            46.9023846
          ],
          [
            7.0561425,
            46.9023018
          ]
        ]
      },
      "id": "way/128969452"
    },
    {
      "type": "Feature",
      "properties": {
        "@id": "way/128969457",
        "highway": "tertiary",
        "lit": "no",
        "maxspeed": "80",
        "name": "Route de Salavaux",
        "oneway": "yes",
        "rcrc_ref": "505c",
        "surface": "asphalt"
      },
      "geometry": {
        "type": "LineString",
        "coordinates": [
          [
            7.0495436,
            46.9009943
          ],
          [
            7.0495811,
            46.9010738
          ],
          [
            7.0496399,
            46.9011341
          ],
          [
            7.0497342,
            46.9011862
          ]
        ]
      },
      "id": "way/128969457"
    },
    {
      "type": "Feature",
      "properties": {
        "@id": "way/128969461",
        "highway": "secondary",
        "lane_markings": "yes",
        "lanes": "2",
        "maxspeed": "80",
        "name": "Route du Lac",
        "rcrc_ref": "505c",
        "ref": "152",
        "surface": "asphalt"
      },
      "geometry": {
        "type": "LineString",
        "coordinates": [
          [
            7.0514512,
            46.8968114
          ],
          [
            7.0515612,
            46.8966047
          ],
          [
            7.051674,
            46.8963996
          ],
          [
            7.0518049,
            46.8961668
          ],
          [
            7.051939,
            46.8959349
          ],
          [
            7.0520739,
            46.8957037
          ],
          [
            7.0522071,
            46.8954714
          ],
          [
            7.0523287,
            46.8952623
          ],
          [
            7.052428,
            46.8950857
          ],
          [
            7.0525074,
            46.8949375
          ]
        ]
      },
      "id": "way/128969461"
    },
    {
      "type": "Feature",
      "properties": {
        "@id": "way/128969473",
        "highway": "track",
        "surface": "asphalt",
        "tracktype": "grade1"
      },
      "geometry": {
        "type": "LineString",
        "coordinates": [
          [
            7.0455064,
            46.8942939
          ],
          [
            7.045466,
            46.8942812
          ]
        ]
      },
      "id": "way/128969473"
    },
    {
      "type": "Feature",
      "properties": {
        "@id": "way/128969485",
        "bridge": "yes",
        "highway": "track",
        "layer": "1",
        "surface": "asphalt",
        "tracktype": "grade1"
      },
      "geometry": {
        "type": "LineString",
        "coordinates": [
          [
            7.0456525,
            46.8943488
          ],
          [
            7.0455064,
            46.8942939
          ]
        ]
      },
      "id": "way/128969485"
    },
    {
      "type": "Feature",
      "properties": {
        "@id": "way/128969497",
        "highway": "track",
        "smoothness": "excellent",
        "surface": "asphalt",
        "tracktype": "grade1"
      },
      "geometry": {
        "type": "LineString",
        "coordinates": [
          [
            7.0514512,
            46.8968114
          ],
          [
            7.0513706,
            46.8967912
          ]
        ]
      },
      "id": "way/128969497"
    },
    {
      "type": "Feature",
      "properties": {
        "@id": "way/128981528",
        "cycleway:both": "no",
        "highway": "unclassified",
        "lanes": "2",
        "name": "Route Industrielle",
        "smoothness": "excellent",
        "surface": "asphalt"
      },
      "geometry": {
        "type": "LineString",
        "coordinates": [
          [
            7.045128,
            46.8871643
          ],
          [
            7.0451721,
            46.8872137
          ],
          [
            7.0452036,
            46.887249
          ],
          [
            7.0454566,
            46.8875006
          ],
          [
            7.0471792,
            46.8888321
          ],
          [
            7.0473866,
            46.8889931
          ],
          [
            7.0475059,
            46.8890781
          ],
          [
            7.0476328,
            46.8891636
          ],
          [
            7.0477674,
            46.8892436
          ],
          [
            7.0479504,
            46.8893387
          ],
          [
            7.0481166,
            46.8894205
          ],
          [
            7.0482757,
            46.8894881
          ],
          [
            7.0484409,
            46.8895495
          ],
          [
            7.0487772,
            46.8896621
          ],
          [
            7.0502429,
            46.8901396
          ],
          [
            7.0509428,
            46.8903677
          ],
          [
            7.0515179,
            46.8905481
          ]
        ]
      },
      "id": "way/128981528"
    },
    {
      "type": "Feature",
      "properties": {
        "@id": "way/128981531",
        "highway": "residential",
        "maxspeed:type": "CH:urban",
        "name": "Route de l'Estivage",
        "surface": "asphalt"
      },
      "geometry": {
        "type": "LineString",
        "coordinates": [
          [
            7.045128,
            46.8871643
          ],
          [
            7.0450485,
            46.88724
          ],
          [
            7.0449473,
            46.8873394
          ],
          [
            7.0449136,
            46.8873726
          ],
          [
            7.0448441,
            46.887445
          ],
          [
            7.0445921,
            46.8876929
          ],
          [
            7.0443595,
            46.8880005
          ],
          [
            7.0441631,
            46.888266
          ],
          [
            7.0435728,
            46.8889342
          ],
          [
            7.0435124,
            46.8890034
          ],
          [
            7.04345,
            46.8890846
          ],
          [
            7.0434046,
            46.8891429
          ]
        ]
      },
      "id": "way/128981531"
    },
    {
      "type": "Feature",
      "properties": {
        "@id": "way/128981561",
        "highway": "track",
        "lit": "no",
        "tracktype": "grade1"
      },
      "geometry": {
        "type": "LineString",
        "coordinates": [
          [
            7.0237618,
            46.9024461
          ],
          [
            7.0209196,
            46.9048717
          ]
        ]
      },
      "id": "way/128981561"
    },
    {
      "type": "Feature",
      "properties": {
        "@id": "way/129118888",
        "highway": "residential",
        "lane_markings": "no",
        "maxspeed:type": "CH:urban",
        "name": "Avenue Général Guisan",
        "surface": "asphalt"
      },
      "geometry": {
        "type": "LineString",
        "coordinates": [
          [
            7.0397871,
            46.8810746
          ],
          [
            7.0398148,
            46.8811321
          ],
          [
            7.0398541,
            46.8811896
          ],
          [
            7.040018,
            46.8813691
          ],
          [
            7.0401834,
            46.881529
          ],
          [
            7.0405299,
            46.881746
          ],
          [
            7.0409241,
            46.8819929
          ]
        ]
      },
      "id": "way/129118888"
    },
    {
      "type": "Feature",
      "properties": {
        "@id": "way/129118889",
        "cycleway:both": "no",
        "highway": "residential",
        "maxspeed": "30",
        "name": "Avenue Général Guisan",
        "sidewalk": "both",
        "surface": "asphalt"
      },
      "geometry": {
        "type": "LineString",
        "coordinates": [
          [
            7.0409241,
            46.8819929
          ],
          [
            7.0410911,
            46.8821118
          ],
          [
            7.0411627,
            46.8821791
          ],
          [
            7.0412539,
            46.882299
          ],
          [
            7.0413113,
            46.8824237
          ],
          [
            7.041322,
            46.8824501
          ],
          [
            7.0413363,
            46.8825505
          ],
          [
            7.0413471,
            46.8826697
          ],
          [
            7.0413222,
            46.882818
          ],
          [
            7.0412849,
            46.8828842
          ],
          [
            7.0412441,
            46.8829388
          ]
        ]
      },
      "id": "way/129118889"
    },
    {
      "type": "Feature",
      "properties": {
        "@id": "way/129118890",
        "highway": "residential",
        "lit": "yes",
        "maxspeed": "30",
        "maxspeed:type": "zone",
        "name": "Avenue Jomini"
      },
      "geometry": {
        "type": "LineString",
        "coordinates": [
          [
            7.0421558,
            46.880715
          ],
          [
            7.0423381,
            46.8806576
          ],
          [
            7.0424782,
            46.8806279
          ],
          [
            7.0425731,
            46.8806105
          ],
          [
            7.0427038,
            46.8805987
          ]
        ]
      },
      "id": "way/129118890"
    },
    {
      "type": "Feature",
      "properties": {
        "@id": "way/129118893",
        "cycleway:both": "no",
        "highway": "residential",
        "maxspeed": "30",
        "name": "Chemin du Gravenau",
        "sidewalk": "no"
      },
      "geometry": {
        "type": "LineString",
        "coordinates": [
          [
            7.0400715,
            46.8827676
          ],
          [
            7.0399537,
            46.8829245
          ],
          [
            7.0398312,
            46.8830908
          ],
          [
            7.0397437,
            46.8832096
          ],
          [
            7.0396641,
            46.8833108
          ],
          [
            7.0395048,
            46.8835166
          ],
          [
            7.0394983,
            46.8835409
          ],
          [
            7.0395006,
            46.8835714
          ]
        ]
      },
      "id": "way/129118893"
    },
    {
      "type": "Feature",
      "properties": {
        "@id": "way/129118913",
        "cycleway:both": "no",
        "highway": "residential",
        "lane_markings": "no",
        "lit": "yes",
        "maxspeed:type": "CH:urban",
        "name": "Place du Casino",
        "sidewalk": "no",
        "smoothness": "excellent",
        "surface": "asphalt"
      },
      "geometry": {
        "type": "LineString",
        "coordinates": [
          [
            7.0413131,
            46.8816606
          ],
          [
            7.0413583,
            46.8816054
          ],
          [
            7.0414333,
            46.8815138
          ],
          [
            7.0414549,
            46.8814874
          ],
          [
            7.041528,
            46.881427
          ],
          [
            7.0416922,
            46.8812914
          ],
          [
            7.0417491,
            46.8812327
          ],
          [
            7.0418032,
            46.8811625
          ]
        ]
      },
      "id": "way/129118913"
    },
    {
      "type": "Feature",
      "properties": {
        "@id": "way/129118914",
        "cycleway:both": "no",
        "highway": "residential",
        "lit": "no",
        "maxspeed:type": "CH:urban",
        "name": "Place de la Gare",
        "sidewalk": "no",
        "smoothness": "good",
        "surface": "asphalt"
      },
      "geometry": {
        "type": "LineString",
        "coordinates": [
          [
            7.0423627,
            46.8853252
          ],
          [
            7.0423602,
            46.8853796
          ],
          [
            7.0424121,
            46.885486
          ],
          [
            7.0437003,
            46.8862717
          ],
          [
            7.0440048,
            46.8864574
          ],
          [
            7.0450939,
            46.8871374
          ],
          [
            7.045128,
            46.8871643
          ]
        ]
      },
      "id": "way/129118914"
    },
    {
      "type": "Feature",
      "properties": {
        "@id": "way/129118915",
        "cycleway:both": "no",
        "highway": "primary",
        "lanes": "2",
        "lit": "yes",
        "maxspeed": "50",
        "name": "Route de Berne",
        "rcrc_ref": "601a",
        "ref": "1",
        "sidewalk": "both",
        "surface": "asphalt"
      },
      "geometry": {
        "type": "LineString",
        "coordinates": [
          [
            7.0452426,
            46.8824621
          ],
          [
            7.0452447,
            46.8825904
          ],
          [
            7.0452552,
            46.882667
          ]
        ]
      },
      "id": "way/129118915"
    },
    {
      "type": "Feature",
      "properties": {
        "@id": "way/129118916",
        "cycleway:both": "no",
        "highway": "secondary",
        "lanes": "2",
        "maxspeed": "80",
        "name": "Route de Donatyre",
        "nat_ref": "157.1",
        "rcrc_ref": "602b",
        "ref": "157.1",
        "smoothness": "excellent",
        "surface": "asphalt"
      },
      "geometry": {
        "type": "LineString",
        "coordinates": [
          [
            7.0465726,
            46.8756164
          ],
          [
            7.0463988,
            46.8756479
          ],
          [
            7.046337,
            46.8756639
          ],
          [
            7.0462452,
            46.8756878
          ],
          [
            7.0458631,
            46.875818
          ],
          [
            7.0452165,
            46.8761017
          ]
        ]
      },
      "id": "way/129118916"
    },
    {
      "type": "Feature",
      "properties": {
        "@id": "way/129118917",
        "cycleway:both": "no",
        "highway": "residential",
        "lane_markings": "no",
        "name": "Route de Villars-le-Grand",
        "sidewalk": "right",
        "surface": "asphalt"
      },
      "geometry": {
        "type": "LineString",
        "coordinates": [
          [
            7.0345535,
            46.8772815
          ],
          [
            7.0344563,
            46.8774248
          ],
          [
            7.0343927,
            46.8774999
          ],
          [
            7.0341242,
            46.8777679
          ],
          [
            7.0336365,
            46.8781656
          ],
          [
            7.0334913,
            46.8782884
          ],
          [
            7.0331894,
            46.8785419
          ],
          [
            7.0330501,
            46.8787065
          ],
          [
            7.0328843,
            46.8789535
          ],
          [
            7.0328694,
            46.8790099
          ],
          [
            7.032857,
            46.8790566
          ],
          [
            7.0328517,
            46.8790765
          ],
          [
            7.0328387,
            46.8791599
          ],
          [
            7.0328443,
            46.8792072
          ]
        ]
      },
      "id": "way/129118917"
    },
    {
      "type": "Feature",
      "properties": {
        "@id": "way/129118918",
        "cycleway:both": "no",
        "highway": "primary",
        "lanes": "2",
        "lit": "yes",
        "maxspeed": "50",
        "name": "Route du Faubourg",
        "rcrc_ref": "601a",
        "ref": "1",
        "sidewalk": "both",
        "sidewalk:both:surface": "asphalt",
        "smoothness": "excellent",
        "surface": "asphalt"
      },
      "geometry": {
        "type": "LineString",
        "coordinates": [
          [
            7.0435367,
            46.8793734
          ],
          [
            7.043612,
            46.8794454
          ],
          [
            7.043641,
            46.879473
          ],
          [
            7.0437307,
            46.8795575
          ],
          [
            7.0439387,
            46.879769
          ],
          [
            7.044034,
            46.8798754
          ],
          [
            7.0442395,
            46.8801049
          ],
          [
            7.0443304,
            46.8801955
          ],
          [
            7.0444298,
            46.8802853
          ],
          [
            7.0446079,
            46.8804719
          ],
          [
            7.044684,
            46.8805694
          ],
          [
            7.044772,
            46.880682
          ]
        ]
      },
      "id": "way/129118918"
    },
    {
      "type": "Feature",
      "properties": {
        "@id": "way/129118919",
        "highway": "residential",
        "maxspeed": "30",
        "name": "Rue Failloubaz",
        "surface": "asphalt"
      },
      "geometry": {
        "type": "LineString",
        "coordinates": [
          [
            7.037065,
            46.8797749
          ],
          [
            7.0371499,
            46.8798172
          ],
          [
            7.0371883,
            46.8798585
          ],
          [
            7.0373354,
            46.8800951
          ],
          [
            7.0373998,
            46.8801831
          ],
          [
            7.0374743,
            46.880267
          ],
          [
            7.037651,
            46.8804445
          ],
          [
            7.0377472,
            46.8805255
          ],
          [
            7.0378869,
            46.880629
          ],
          [
            7.0383084,
            46.8809158
          ],
          [
            7.0390022,
            46.8813446
          ],
          [
            7.039089,
            46.8813996
          ],
          [
            7.0401935,
            46.8821002
          ],
          [
            7.0405238,
            46.8823133
          ],
          [
            7.0406212,
            46.8823807
          ],
          [
            7.0412093,
            46.8827806
          ],
          [
            7.0413222,
            46.882818
          ]
        ]
      },
      "id": "way/129118919"
    },
    {
      "type": "Feature",
      "properties": {
        "@id": "way/129118920",
        "cycleway:both": "no",
        "highway": "residential",
        "maxspeed": "30",
        "name": "Rue de l'Avenir",
        "sidewalk": "no"
      },
      "geometry": {
        "type": "LineString",
        "coordinates": [
          [
            7.0400715,
            46.8827676
          ],
          [
            7.039218,
            46.8822137
          ],
          [
            7.0388845,
            46.8819973
          ],
          [
            7.038558,
            46.8817879
          ],
          [
            7.0368826,
            46.8807028
          ],
          [
            7.0367677,
            46.8806552
          ]
        ]
      },
      "id": "way/129118920"
    },
    {
      "type": "Feature",
      "properties": {
        "@id": "way/129118921",
        "cycleway:both": "no",
        "highway": "residential",
        "lane_markings": "no",
        "maxspeed:type": "CH:urban",
        "name": "Rue de la Cure",
        "smoothness": "good",
        "surface": "sett"
      },
      "geometry": {
        "type": "LineString",
        "coordinates": [
          [
            7.0403755,
            46.8802993
          ],
          [
            7.0400643,
            46.8805592
          ],
          [
            7.0399973,
            46.8806458
          ]
        ]
      },
      "id": "way/129118921"
    },
    {
      "type": "Feature",
      "properties": {
        "@id": "way/129118922",
        "highway": "residential",
        "lit": "yes",
        "maxspeed": "30",
        "maxspeed:type": "CH:zone30",
        "name": "Rue du Pavé",
        "smoothness": "excellent",
        "surface": "asphalt"
      },
      "geometry": {
        "type": "LineString",
        "coordinates": [
          [
            7.0412441,
            46.8829388
          ],
          [
            7.0417313,
            46.8830969
          ],
          [
            7.0419907,
            46.8831811
          ],
          [
            7.0420623,
            46.8832043
          ],
          [
            7.042717,
            46.8834168
          ],
          [
            7.0432153,
            46.8836064
          ],
          [
            7.043433,
            46.8836953
          ],
          [
            7.043638,
            46.8838012
          ],
          [
            7.0437955,
            46.8839121
          ],
          [
            7.0439422,
            46.8840413
          ],
          [
            7.0441229,
            46.8842413
          ],
          [
            7.0441813,
            46.8843016
          ]
        ]
      },
      "id": "way/129118922"
    },
    {
      "type": "Feature",
      "properties": {
        "@id": "way/129118923",
        "highway": "secondary",
        "maxspeed": "50",
        "name": "Route d'Avenches",
        "nat_ref": "157.1",
        "rcrc_ref": "602b",
        "ref": "157.1"
      },
      "geometry": {
        "type": "LineString",
        "coordinates": [
          [
            7.0572035,
            46.876557
          ],
          [
            7.0571774,
            46.8765619
          ],
          [
            7.0571454,
            46.8765653
          ],
          [
            7.0571037,
            46.876565
          ],
          [
            7.0570631,
            46.8765613
          ],
          [
            7.0570265,
            46.8765541
          ],
          [
            7.0569765,
            46.8765393
          ],
          [
            7.0569121,
            46.8765169
          ],
          [
            7.0567758,
            46.8764585
          ],
          [
            7.0564993,
            46.8763311
          ],
          [
            7.0559944,
            46.876124
          ],
          [
            7.0558867,
            46.8760855
          ],
          [
            7.0552942,
            46.8758734
          ],
          [
            7.055007,
            46.8757931
          ],
          [
            7.0548634,
            46.8757699
          ],
          [
            7.0540272,
            46.8756903
          ],
          [
            7.0537795,
            46.8756649
          ]
        ]
      },
      "id": "way/129118923"
    },
    {
      "type": "Feature",
      "properties": {
        "@id": "way/129118928",
        "handrail": "yes",
        "handrail:center": "yes",
        "highway": "steps",
        "incline": "down",
        "ramp": "yes",
        "ramp:bicycle": "yes",
        "step:condition": "even",
        "step:contrast": "no",
        "step_count": "20",
        "surface": "concrete",
        "tactile_paving": "no"
      },
      "geometry": {
        "type": "LineString",
        "coordinates": [
          [
            7.0388845,
            46.8819973
          ],
          [
            7.0387622,
            46.8820824
          ]
        ]
      },
      "id": "way/129118928"
    },
    {
      "type": "Feature",
      "properties": {
        "@id": "way/129118932",
        "handrail": "yes",
        "highway": "steps",
        "incline": "up",
        "lit": "yes",
        "ramp": "no",
        "step_count": "40",
        "surface": "asphalt",
        "tactile_paving": "no"
      },
      "geometry": {
        "type": "LineString",
        "coordinates": [
          [
            7.0409241,
            46.8819929
          ],
          [
            7.040973,
            46.8819546
          ]
        ]
      },
      "id": "way/129118932"
    },
    {
      "type": "Feature",
      "properties": {
        "@id": "way/129118933",
        "highway": "residential",
        "name": "Chemin de la Voie Ferrée"
      },
      "geometry": {
        "type": "LineString",
        "coordinates": [
          [
            7.0326819,
            46.8793578
          ],
          [
            7.0327725,
            46.8794034
          ],
          [
            7.0328405,
            46.8794407
          ],
          [
            7.0346403,
            46.8806347
          ]
        ]
      },
      "id": "way/129118933"
    },
    {
      "type": "Feature",
      "properties": {
        "@id": "way/129118937",
        "highway": "service",
        "name": "Chemin Saint-Martin"
      },
      "geometry": {
        "type": "LineString",
        "coordinates": [
          [
            7.0430185,
            46.8775624
          ],
          [
            7.0431276,
            46.8775785
          ],
          [
            7.0433669,
            46.8775795
          ],
          [
            7.0436183,
            46.8775805
          ],
          [
            7.0438378,
            46.8780036
          ]
        ]
      },
      "id": "way/129118937"
    },
    {
      "type": "Feature",
      "properties": {
        "@id": "way/129118939",
        "highway": "track",
        "smoothness": "good",
        "surface": "fine_gravel",
        "tracktype": "grade2"
      },
      "geometry": {
        "type": "LineString",
        "coordinates": [
          [
            7.0315266,
            46.8786016
          ],
          [
            7.0310313,
            46.8783401
          ],
          [
            7.0304912,
            46.8781057
          ],
          [
            7.0300877,
            46.8779552
          ],
          [
            7.0293225,
            46.8786664
          ],
          [
            7.0293346,
            46.8787555
          ],
          [
            7.0292998,
            46.8788415
          ],
          [
            7.0279638,
            46.8801163
          ]
        ]
      },
      "id": "way/129118939"
    },
    {
      "type": "Feature",
      "properties": {
        "@id": "way/129118940",
        "highway": "unclassified",
        "lane_markings": "no",
        "name": "Route de Villarepos",
        "rcrc_ref": "603d",
        "surface": "asphalt"
      },
      "geometry": {
        "type": "LineString",
        "coordinates": [
          [
            7.0572035,
            46.876557
          ],
          [
            7.0572332,
            46.8766063
          ],
          [
            7.0572415,
            46.8766182
          ],
          [
            7.0572544,
            46.876632
          ],
          [
            7.0572673,
            46.8766432
          ],
          [
            7.0572847,
            46.8766534
          ],
          [
            7.0576041,
            46.8768048
          ],
          [
            7.0579944,
            46.8769812
          ],
          [
            7.0590198,
            46.8773643
          ],
          [
            7.0596583,
            46.877584
          ],
          [
            7.0600161,
            46.8777138
          ],
          [
            7.0608177,
            46.8780419
          ],
          [
            7.0609353,
            46.8780948
          ],
          [
            7.0610275,
            46.8781426
          ],
          [
            7.0611083,
            46.8781927
          ],
          [
            7.0611833,
            46.8782427
          ],
          [
            7.0612707,
            46.8783071
          ],
          [
            7.0613249,
            46.8783574
          ],
          [
            7.0613746,
            46.8784102
          ],
          [
            7.0614105,
            46.8784588
          ],
          [
            7.061438,
            46.8785033
          ],
          [
            7.0614651,
            46.8785528
          ],
          [
            7.0614893,
            46.8786053
          ],
          [
            7.0615062,
            46.8786507
          ],
          [
            7.0615339,
            46.878735
          ],
          [
            7.061558,
            46.8788389
          ],
          [
            7.0615771,
            46.8789522
          ],
          [
            7.0615897,
            46.8790587
          ],
          [
            7.0615995,
            46.8791671
          ],
          [
            7.0616306,
            46.8797327
          ],
          [
            7.0616863,
            46.8804956
          ],
          [
            7.0617565,
            46.8814573
          ]
        ]
      },
      "id": "way/129118940"
    },
    {
      "type": "Feature",
      "properties": {
        "@id": "way/129118955",
        "highway": "secondary",
        "maxspeed": "80",
        "rcrc_ref": "503b",
        "ref": "153",
        "surface": "asphalt"
      },
      "geometry": {
        "type": "LineString",
        "coordinates": [
          [
            7.0276689,
            46.880095
          ],
          [
            7.0261234,
            46.8815429
          ],
          [
            7.0260758,
            46.8815858
          ],
          [
            7.025881,
            46.8817701
          ],
          [
            7.0258656,
            46.8817846
          ],
          [
            7.0253379,
            46.8822805
          ]
        ]
      },
      "id": "way/129118955"
    },
    {
      "type": "Feature",
      "properties": {
        "@id": "way/129123292",
        "cycleway:both": "no",
        "highway": "residential",
        "name": "Chemin du Couchant",
        "sidewalk": "no"
      },
      "geometry": {
        "type": "LineString",
        "coordinates": [
          [
            7.0318308,
            46.8810211
          ],
          [
            7.0319333,
            46.881065
          ],
          [
            7.0320067,
            46.8811015
          ],
          [
            7.0320956,
            46.8811514
          ],
          [
            7.0326663,
            46.8815324
          ]
        ]
      },
      "id": "way/129123292"
    },
    {
      "type": "Feature",
      "properties": {
        "@id": "way/129125109",
        "cycleway:both": "no",
        "highway": "unclassified",
        "lanes": "2",
        "lit": "no",
        "maxspeed:type": "CH:rural",
        "name": "Route de la Saugette",
        "smoothness": "excellent",
        "surface": "asphalt"
      },
      "geometry": {
        "type": "LineString",
        "coordinates": [
          [
            7.0287608,
            46.8833459
          ],
          [
            7.0290543,
            46.8832068
          ],
          [
            7.0293397,
            46.8830671
          ],
          [
            7.0294347,
            46.8830168
          ],
          [
            7.0296638,
            46.8828896
          ],
          [
            7.0298834,
            46.8827539
          ],
          [
            7.0300538,
            46.8826445
          ],
          [
            7.0304991,
            46.8823539
          ],
          [
            7.0309394,
            46.8820613
          ]
        ]
      },
      "id": "way/129125109"
    },
    {
      "type": "Feature",
      "properties": {
        "@id": "way/132459711",
        "cycleway:both": "no",
        "highway": "residential",
        "lane_markings": "no",
        "lit": "yes",
        "name": "Rue Centrale",
        "sidewalk": "both",
        "source": "@3d4pi | mapillary.com",
        "surface": "asphalt"
      },
      "geometry": {
        "type": "LineString",
        "coordinates": [
          [
            7.0406428,
            46.8799735
          ],
          [
            7.0409784,
            46.8801263
          ],
          [
            7.0417888,
            46.8805282
          ],
          [
            7.0420942,
            46.8806837
          ],
          [
            7.0421558,
            46.880715
          ]
        ]
      },
      "id": "way/132459711"
    },
    {
      "type": "Feature",
      "properties": {
        "@id": "way/140658524",
        "highway": "residential",
        "maxspeed": "10",
        "oneway": "no",
        "surface": "asphalt"
      },
      "geometry": {
        "type": "LineString",
        "coordinates": [
          [
            7.0501546,
            46.8995
          ],
          [
            7.050155,
            46.8995629
          ],
          [
            7.0500966,
            46.8997587
          ],
          [
            7.0500426,
            46.899911
          ],
          [
            7.0499274,
            46.9001615
          ],
          [
            7.0498844,
            46.9002504
          ],
          [
            7.0497364,
            46.9004177
          ],
          [
            7.0496515,
            46.9004966
          ],
          [
            7.0495051,
            46.9006154
          ]
        ]
      },
      "id": "way/140658524"
    },
    {
      "type": "Feature",
      "properties": {
        "@id": "way/140658531",
        "highway": "service",
        "maxspeed": "10"
      },
      "geometry": {
        "type": "LineString",
        "coordinates": [
          [
            7.0483125,
            46.8969365
          ],
          [
            7.0485977,
            46.8968337
          ],
          [
            7.0488769,
            46.8967302
          ],
          [
            7.0493047,
            46.8966123
          ],
          [
            7.049693,
            46.8965263
          ]
        ]
      },
      "id": "way/140658531"
    },
    {
      "type": "Feature",
      "properties": {
        "@id": "way/140658534",
        "highway": "service",
        "maxspeed": "10",
        "oneway": "yes"
      },
      "geometry": {
        "type": "LineString",
        "coordinates": [
          [
            7.0494199,
            46.8992439
          ],
          [
            7.0493696,
            46.8992172
          ],
          [
            7.0489353,
            46.8990801
          ],
          [
            7.0489304,
            46.8990666
          ],
          [
            7.0483527,
            46.8988735
          ],
          [
            7.0477715,
            46.8986599
          ]
        ]
      },
      "id": "way/140658534"
    },
    {
      "type": "Feature",
      "properties": {
        "@id": "way/154866123",
        "highway": "residential",
        "lane_markings": "no",
        "name": "Chemin de Fin de Verney",
        "surface": "asphalt"
      },
      "geometry": {
        "type": "LineString",
        "coordinates": [
          [
            7.0609353,
            46.8780948
          ],
          [
            7.0613386,
            46.8778423
          ],
          [
            7.0615692,
            46.8776927
          ],
          [
            7.062042,
            46.8778568
          ]
        ]
      },
      "id": "way/154866123"
    },
    {
      "type": "Feature",
      "properties": {
        "@id": "way/154866124",
        "highway": "residential",
        "name": "Chemin des Hôteaux"
      },
      "geometry": {
        "type": "LineString",
        "coordinates": [
          [
            7.0558867,
            46.8760855
          ],
          [
            7.0562426,
            46.875461
          ]
        ]
      },
      "id": "way/154866124"
    },
    {
      "type": "Feature",
      "properties": {
        "@id": "way/154866125",
        "highway": "residential",
        "name": "Chemin des Hôteaux"
      },
      "geometry": {
        "type": "LineString",
        "coordinates": [
          [
            7.0549013,
            46.8750536
          ],
          [
            7.0555579,
            46.8752443
          ],
          [
            7.055587,
            46.8752528
          ],
          [
            7.0562426,
            46.875461
          ],
          [
            7.0566261,
            46.8755912
          ],
          [
            7.0568901,
            46.8756841
          ]
        ]
      },
      "id": "way/154866125"
    },
    {
      "type": "Feature",
      "properties": {
        "@id": "way/154866127",
        "highway": "track",
        "horse": "no",
        "name": "Pré-Mermoud",
        "tracktype": "grade1",
        "vehicle": "agricultural"
      },
      "geometry": {
        "type": "LineString",
        "coordinates": [
          [
            7.0358545,
            46.8753774
          ],
          [
            7.0358821,
            46.8753638
          ],
          [
            7.0359064,
            46.8753445
          ],
          [
            7.0359498,
            46.8752803
          ],
          [
            7.0364476,
            46.8745671
          ],
          [
            7.036531,
            46.874489
          ],
          [
            7.036793,
            46.8744564
          ],
          [
            7.0369454,
            46.8744271
          ],
          [
            7.0370288,
            46.8743668
          ],
          [
            7.0371383,
            46.8742236
          ],
          [
            7.0371574,
            46.8741633
          ]
        ]
      },
      "id": "way/154866127"
    },
    {
      "type": "Feature",
      "properties": {
        "@id": "way/154866128",
        "highway": "service",
        "name": "Route d'Avenches",
        "service": "driveway"
      },
      "geometry": {
        "type": "LineString",
        "coordinates": [
          [
            7.0567758,
            46.8764585
          ],
          [
            7.0566442,
            46.876685
          ]
        ]
      },
      "id": "way/154866128"
    },
    {
      "type": "Feature",
      "properties": {
        "@id": "way/154866129",
        "highway": "residential",
        "lane_markings": "no",
        "name": "Route de Villarepos",
        "surface": "asphalt"
      },
      "geometry": {
        "type": "LineString",
        "coordinates": [
          [
            7.0608177,
            46.8780419
          ],
          [
            7.0606766,
            46.8781201
          ],
          [
            7.0606145,
            46.8781474
          ],
          [
            7.0604111,
            46.8782242
          ],
          [
            7.0595503,
            46.878534
          ]
        ]
      },
      "id": "way/154866129"
    },
    {
      "type": "Feature",
      "properties": {
        "@id": "way/154866130",
        "highway": "residential",
        "lane_markings": "no",
        "name": "Route de la Riaz",
        "surface": "asphalt"
      },
      "geometry": {
        "type": "LineString",
        "coordinates": [
          [
            7.0572847,
            46.8766534
          ],
          [
            7.0572651,
            46.8766852
          ],
          [
            7.0570773,
            46.8769775
          ],
          [
            7.0569179,
            46.8772152
          ],
          [
            7.0568455,
            46.8773269
          ],
          [
            7.0567746,
            46.8774683
          ],
          [
            7.0567611,
            46.8774981
          ],
          [
            7.0567517,
            46.8775274
          ],
          [
            7.0567058,
            46.8777321
          ],
          [
            7.0566415,
            46.8779972
          ]
        ]
      },
      "id": "way/154866130"
    },
    {
      "type": "Feature",
      "properties": {
        "@id": "way/154866132",
        "highway": "track",
        "surface": "ground",
        "tracktype": "grade3"
      },
      "geometry": {
        "type": "LineString",
        "coordinates": [
          [
            7.0542639,
            46.8797134
          ],
          [
            7.0542192,
            46.8796741
          ],
          [
            7.054187,
            46.8796493
          ],
          [
            7.0541537,
            46.8796326
          ],
          [
            7.0541159,
            46.8796183
          ],
          [
            7.0537154,
            46.8795078
          ],
          [
            7.0536387,
            46.8794906
          ],
          [
            7.0535423,
            46.8794721
          ],
          [
            7.0534148,
            46.8794483
          ],
          [
            7.0532716,
            46.8794137
          ],
          [
            7.0531135,
            46.8793708
          ],
          [
            7.0528213,
            46.879285
          ],
          [
            7.0526536,
            46.8792323
          ],
          [
            7.0514897,
            46.8789042
          ],
          [
            7.0510737,
            46.8787443
          ],
          [
            7.0509696,
            46.8787112
          ],
          [
            7.0505652,
            46.8786094
          ],
          [
            7.0504783,
            46.8785896
          ],
          [
            7.0504191,
            46.8785788
          ],
          [
            7.0502253,
            46.8785552
          ],
          [
            7.0500213,
            46.8785257
          ],
          [
            7.0490907,
            46.8783954
          ],
          [
            7.047913,
            46.8782505
          ],
          [
            7.0478202,
            46.8782364
          ],
          [
            7.0477634,
            46.8782259
          ],
          [
            7.0477103,
            46.8782124
          ],
          [
            7.0476148,
            46.8781773
          ],
          [
            7.047039,
            46.8779421
          ],
          [
            7.0464378,
            46.877693
          ],
          [
            7.0463218,
            46.87764
          ],
          [
            7.0456333,
            46.8772928
          ],
          [
            7.0455983,
            46.8772765
          ],
          [
            7.0455596,
            46.8772619
          ]
        ]
      },
      "id": "way/154866132"
    },
    {
      "type": "Feature",
      "properties": {
        "@id": "way/154866133",
        "highway": "track",
        "surface": "ground",
        "tracktype": "grade3"
      },
      "geometry": {
        "type": "LineString",
        "coordinates": [
          [
            7.0478202,
            46.8782364
          ],
          [
            7.0488901,
            46.8772126
          ],
          [
            7.0489772,
            46.8771257
          ],
          [
            7.0490642,
            46.8770984
          ],
          [
            7.0491795,
            46.8771
          ],
          [
            7.0493089,
            46.8771322
          ],
          [
            7.0504523,
            46.8774329
          ],
          [
            7.0516192,
            46.8777288
          ],
          [
            7.051838,
            46.8778558
          ],
          [
            7.0535178,
            46.8781936
          ],
          [
            7.0540519,
            46.8783174
          ],
          [
            7.0547624,
            46.8785361
          ],
          [
            7.0559538,
            46.8788045
          ],
          [
            7.0560012,
            46.8788139
          ],
          [
            7.0560444,
            46.8788173
          ],
          [
            7.0560846,
            46.8788155
          ],
          [
            7.0561314,
            46.8788044
          ],
          [
            7.056183,
            46.878786
          ],
          [
            7.0562431,
            46.8787601
          ],
          [
            7.056267,
            46.8787518
          ],
          [
            7.0562897,
            46.8787477
          ],
          [
            7.0563141,
            46.8787433
          ]
        ]
      },
      "id": "way/154866133"
    },
    {
      "type": "Feature",
      "properties": {
        "@id": "way/154866134",
        "highway": "track",
        "tracktype": "grade2"
      },
      "geometry": {
        "type": "LineString",
        "coordinates": [
          [
            7.0615769,
            46.8733332
          ],
          [
            7.0616316,
            46.8733773
          ],
          [
            7.0616563,
            46.8733928
          ],
          [
            7.0616859,
            46.8734082
          ],
          [
            7.0617207,
            46.8734223
          ],
          [
            7.0618952,
            46.8734812
          ],
          [
            7.062084,
            46.8735387
          ],
          [
            7.0621798,
            46.8735606
          ],
          [
            7.0622712,
            46.8735784
          ],
          [
            7.0623476,
            46.8735869
          ],
          [
            7.0624996,
            46.8735971
          ],
          [
            7.0627028,
            46.8736005
          ],
          [
            7.0632121,
            46.8736085
          ],
          [
            7.0632368,
            46.8736403
          ],
          [
            7.0632594,
            46.8736565
          ],
          [
            7.0632918,
            46.8736743
          ],
          [
            7.0635289,
            46.8737498
          ],
          [
            7.0636491,
            46.8737903
          ],
          [
            7.0637292,
            46.8738217
          ],
          [
            7.0637842,
            46.8738487
          ],
          [
            7.0638271,
            46.8738756
          ],
          [
            7.0638755,
            46.8739121
          ],
          [
            7.0639157,
            46.8739489
          ],
          [
            7.0639605,
            46.8740013
          ],
          [
            7.0639931,
            46.8740475
          ],
          [
            7.0643168,
            46.8746716
          ],
          [
            7.064705,
            46.8754211
          ],
          [
            7.0647167,
            46.8755578
          ],
          [
            7.0646814,
            46.8756735
          ],
          [
            7.0645897,
            46.8757684
          ],
          [
            7.0644273,
            46.8758891
          ],
          [
            7.0630531,
            46.8767755
          ],
          [
            7.0627918,
            46.8769385
          ],
          [
            7.0619463,
            46.8774195
          ],
          [
            7.0615692,
            46.8776927
          ]
        ]
      },
      "id": "way/154866134"
    },
    {
      "type": "Feature",
      "properties": {
        "@id": "way/154866135",
        "highway": "unclassified",
        "motorcar": "agricultural"
      },
      "geometry": {
        "type": "LineString",
        "coordinates": [
          [
            7.0489978,
            46.8809106
          ],
          [
            7.0490661,
            46.8808588
          ],
          [
            7.0492118,
            46.8807984
          ],
          [
            7.0493183,
            46.8807757
          ],
          [
            7.0495073,
            46.8807501
          ],
          [
            7.0496738,
            46.8807153
          ],
          [
            7.0499212,
            46.8806299
          ],
          [
            7.0507574,
            46.8803858
          ],
          [
            7.0509602,
            46.8803502
          ],
          [
            7.0512793,
            46.8803345
          ],
          [
            7.0514845,
            46.8803018
          ],
          [
            7.0519817,
            46.8801394
          ],
          [
            7.0523083,
            46.8800329
          ],
          [
            7.0525031,
            46.879989
          ],
          [
            7.0538613,
            46.8797681
          ],
          [
            7.0542639,
            46.8797134
          ],
          [
            7.0546193,
            46.8796623
          ],
          [
            7.0547295,
            46.8796417
          ],
          [
            7.0552789,
            46.8795163
          ],
          [
            7.0553567,
            46.8794925
          ],
          [
            7.0554099,
            46.8794713
          ],
          [
            7.0554648,
            46.8794444
          ],
          [
            7.0555128,
            46.8794154
          ],
          [
            7.0556299,
            46.8793378
          ],
          [
            7.0557554,
            46.8792495
          ],
          [
            7.0558904,
            46.8791451
          ],
          [
            7.0560939,
            46.8789723
          ],
          [
            7.0562341,
            46.8788281
          ],
          [
            7.0563141,
            46.8787433
          ],
          [
            7.0563601,
            46.8786884
          ],
          [
            7.0564006,
            46.8786297
          ],
          [
            7.0564446,
            46.8785656
          ],
          [
            7.0564752,
            46.8785108
          ],
          [
            7.0565228,
            46.8784122
          ],
          [
            7.0565585,
            46.8783261
          ],
          [
            7.0565749,
            46.8782724
          ],
          [
            7.056594,
            46.8781914
          ],
          [
            7.0566168,
            46.8780991
          ],
          [
            7.0566415,
            46.8779972
          ]
        ]
      },
      "id": "way/154866135"
    },
    {
      "type": "Feature",
      "properties": {
        "@id": "way/154866136",
        "highway": "track",
        "tracktype": "grade2"
      },
      "geometry": {
        "type": "LineString",
        "coordinates": [
          [
            7.0504523,
            46.8774329
          ],
          [
            7.0519605,
            46.8755582
          ]
        ]
      },
      "id": "way/154866136"
    },
    {
      "type": "Feature",
      "properties": {
        "@id": "way/154866137",
        "highway": "service"
      },
      "geometry": {
        "type": "LineString",
        "coordinates": [
          [
            7.0586572,
            46.8751276
          ],
          [
            7.0592638,
            46.875355
          ],
          [
            7.0598817,
            46.8747293
          ]
        ]
      },
      "id": "way/154866137"
    },
    {
      "type": "Feature",
      "properties": {
        "@id": "way/154866140",
        "highway": "track",
        "tracktype": "grade2"
      },
      "geometry": {
        "type": "LineString",
        "coordinates": [
          [
            7.048833,
            46.8753378
          ],
          [
            7.0492489,
            46.8752764
          ],
          [
            7.0494651,
            46.8752855
          ],
          [
            7.0519605,
            46.8755582
          ],
          [
            7.0529753,
            46.8756881
          ],
          [
            7.05316,
            46.8756809
          ],
          [
            7.053873,
            46.8757484
          ],
          [
            7.0540272,
            46.8756903
          ]
        ]
      },
      "id": "way/154866140"
    },
    {
      "type": "Feature",
      "properties": {
        "@id": "way/170142911",
        "highway": "unclassified",
        "motor_vehicle": "agricultural;destination",
        "smoothness": "excellent",
        "surface": "asphalt"
      },
      "geometry": {
        "type": "LineString",
        "coordinates": [
          [
            7.0401987,
            46.8927256
          ],
          [
            7.0404722,
            46.892411
          ],
          [
            7.0412539,
            46.8915393
          ]
        ]
      },
      "id": "way/170142911"
    },
    {
      "type": "Feature",
      "properties": {
        "@id": "way/171607920",
        "highway": "residential",
        "name": "Chemin Derrière la Tour"
      },
      "geometry": {
        "type": "LineString",
        "coordinates": [
          [
            7.0436242,
            46.8827517
          ],
          [
            7.0437274,
            46.8827172
          ],
          [
            7.0437971,
            46.8827608
          ],
          [
            7.0438821,
            46.8828139
          ],
          [
            7.0440692,
            46.8830417
          ],
          [
            7.0441371,
            46.8831244
          ],
          [
            7.044276,
            46.8832638
          ],
          [
            7.0443309,
            46.8832781
          ],
          [
            7.0443568,
            46.8832812
          ],
          [
            7.0443816,
            46.8832771
          ],
          [
            7.0446292,
            46.8831187
          ],
          [
            7.0449534,
            46.88295
          ],
          [
            7.0452848,
            46.8828017
          ]
        ]
      },
      "id": "way/171607920"
    },
    {
      "type": "Feature",
      "properties": {
        "@id": "way/171607922",
        "highway": "footway",
        "name": "Chemin du Gravenau",
        "surface": "asphalt"
      },
      "geometry": {
        "type": "LineString",
        "coordinates": [
          [
            7.0401153,
            46.8827031
          ],
          [
            7.0401232,
            46.8826914
          ],
          [
            7.0402841,
            46.8824539
          ],
          [
            7.04035,
            46.8824009
          ],
          [
            7.0404067,
            46.8823868
          ],
          [
            7.0404784,
            46.882392
          ],
          [
            7.0405292,
            46.8824034
          ],
          [
            7.040564,
            46.8824066
          ],
          [
            7.0406212,
            46.8823807
          ]
        ]
      },
      "id": "way/171607922"
    },
    {
      "type": "Feature",
      "properties": {
        "@id": "way/171800458",
        "cycleway:both": "no",
        "highway": "primary",
        "lanes": "3",
        "lanes:backward": "1",
        "lanes:both_ways": "1",
        "lanes:forward": "1",
        "lit": "yes",
        "maxspeed": "60",
        "name": "Route de Berne",
        "rcrc_ref": "601a",
        "ref": "1",
        "sidewalk": "left",
        "smoothness": "excellent",
        "surface": "asphalt"
      },
      "geometry": {
        "type": "LineString",
        "coordinates": [
          [
            7.0456666,
            46.8833407
          ],
          [
            7.0457278,
            46.8834117
          ]
        ]
      },
      "id": "way/171800458"
    },
    {
      "type": "Feature",
      "properties": {
        "@id": "way/171800463",
        "highway": "unclassified"
      },
      "geometry": {
        "type": "LineString",
        "coordinates": [
          [
            7.0614608,
            46.8896072
          ],
          [
            7.0616734,
            46.889715
          ],
          [
            7.0628564,
            46.8900135
          ],
          [
            7.0642252,
            46.890372
          ],
          [
            7.0661244,
            46.8907579
          ],
          [
            7.0650902,
            46.8916528
          ],
          [
            7.0650485,
            46.8917317
          ],
          [
            7.0650253,
            46.8918358
          ],
          [
            7.0650942,
            46.8919446
          ],
          [
            7.0651939,
            46.892024
          ],
          [
            7.0661057,
            46.8924849
          ],
          [
            7.0661731,
            46.8925262
          ],
          [
            7.0662151,
            46.8925582
          ],
          [
            7.0662481,
            46.8925916
          ],
          [
            7.0662665,
            46.8926222
          ],
          [
            7.0662808,
            46.8926547
          ],
          [
            7.0662862,
            46.8926863
          ],
          [
            7.0662872,
            46.8927198
          ],
          [
            7.0662812,
            46.8927736
          ],
          [
            7.0662601,
            46.8928424
          ],
          [
            7.0662398,
            46.8928992
          ],
          [
            7.0661993,
            46.8929756
          ]
        ]
      },
      "id": "way/171800463"
    },
    {
      "type": "Feature",
      "properties": {
        "@id": "way/171800465",
        "highway": "unclassified"
      },
      "geometry": {
        "type": "LineString",
        "coordinates": [
          [
            7.0614608,
            46.8896072
          ],
          [
            7.0605352,
            46.8906227
          ],
          [
            7.0604472,
            46.8907302
          ],
          [
            7.060322,
            46.8909072
          ],
          [
            7.060284,
            46.8909487
          ],
          [
            7.0602431,
            46.8909746
          ],
          [
            7.0601689,
            46.8910098
          ],
          [
            7.0599274,
            46.8911013
          ],
          [
            7.0598788,
            46.8911265
          ],
          [
            7.0598409,
            46.8911515
          ],
          [
            7.0598121,
            46.8911836
          ],
          [
            7.0595326,
            46.8915149
          ],
          [
            7.0595055,
            46.8915647
          ],
          [
            7.0594949,
            46.891607
          ],
          [
            7.0594971,
            46.8916435
          ],
          [
            7.0595118,
            46.8916793
          ],
          [
            7.0595429,
            46.8917171
          ],
          [
            7.0595964,
            46.8917562
          ],
          [
            7.0597689,
            46.8918641
          ],
          [
            7.0598753,
            46.8919247
          ],
          [
            7.0600004,
            46.8919821
          ],
          [
            7.0600709,
            46.8920054
          ],
          [
            7.0601442,
            46.8920237
          ],
          [
            7.0602433,
            46.8920434
          ],
          [
            7.0605252,
            46.8920904
          ],
          [
            7.0605792,
            46.8921017
          ],
          [
            7.0606171,
            46.8921137
          ],
          [
            7.0606434,
            46.8921244
          ],
          [
            7.0606755,
            46.8921392
          ],
          [
            7.0606988,
            46.8921563
          ],
          [
            7.0607202,
            46.8921742
          ],
          [
            7.0607335,
            46.8921926
          ],
          [
            7.0607469,
            46.8922146
          ],
          [
            7.0607549,
            46.8922392
          ],
          [
            7.0607584,
            46.8922664
          ],
          [
            7.0607603,
            46.8923086
          ],
          [
            7.0607539,
            46.8923597
          ],
          [
            7.0607118,
            46.8925729
          ],
          [
            7.0606967,
            46.8926305
          ],
          [
            7.0606801,
            46.8926672
          ],
          [
            7.0606596,
            46.8926996
          ],
          [
            7.0606378,
            46.892725
          ],
          [
            7.0606153,
            46.8927452
          ],
          [
            7.0605774,
            46.8927716
          ],
          [
            7.060517,
            46.8928041
          ],
          [
            7.0603139,
            46.8929044
          ],
          [
            7.060234,
            46.892952
          ],
          [
            7.0601721,
            46.892997
          ],
          [
            7.060119,
            46.893044
          ],
          [
            7.0600784,
            46.893086
          ],
          [
            7.0600127,
            46.8931718
          ]
        ]
      },
      "id": "way/171800465"
    },
    {
      "type": "Feature",
      "properties": {
        "@id": "way/172530004",
        "bicycle": "designated",
        "foot": "designated",
        "highway": "cycleway",
        "incline": "0%",
        "lit": "no",
        "segregated": "no",
        "smoothness": "excellent",
        "surface": "asphalt"
      },
      "geometry": {
        "type": "LineString",
        "coordinates": [
          [
            7.0488844,
            46.9010198
          ],
          [
            7.0489538,
            46.9010185
          ],
          [
            7.049056,
            46.9010288
          ],
          [
            7.0491053,
            46.9010281
          ],
          [
            7.0491534,
            46.9010136
          ],
          [
            7.0493246,
            46.9009296
          ],
          [
            7.0496389,
            46.9006962
          ],
          [
            7.0498966,
            46.9004761
          ],
          [
            7.0499808,
            46.9003452
          ],
          [
            7.0500589,
            46.9002012
          ],
          [
            7.0500837,
            46.90015
          ],
          [
            7.0501746,
            46.899915
          ],
          [
            7.0502203,
            46.8997748
          ],
          [
            7.0505823,
            46.8985746
          ],
          [
            7.0507927,
            46.8980107
          ],
          [
            7.0510144,
            46.8974868
          ],
          [
            7.0513337,
            46.8968255
          ],
          [
            7.0513706,
            46.8967912
          ]
        ]
      },
      "id": "way/172530004"
    },
    {
      "type": "Feature",
      "properties": {
        "@id": "way/172530005",
        "bicycle": "designated",
        "foot": "designated",
        "highway": "cycleway",
        "lit": "no",
        "segregated": "no",
        "smoothness": "excellent",
        "surface": "asphalt",
        "width": "2"
      },
      "geometry": {
        "type": "LineString",
        "coordinates": [
          [
            7.0495413,
            46.9014466
          ],
          [
            7.0495809,
            46.9014508
          ],
          [
            7.0496291,
            46.9014385
          ],
          [
            7.0497331,
            46.9014045
          ],
          [
            7.0499682,
            46.9013225
          ],
          [
            7.0500549,
            46.9012959
          ],
          [
            7.0501368,
            46.9012899
          ],
          [
            7.0502484,
            46.9013037
          ],
          [
            7.0505553,
            46.9013566
          ],
          [
            7.0509003,
            46.9014353
          ],
          [
            7.0512606,
            46.9015373
          ],
          [
            7.052046,
            46.9017735
          ],
          [
            7.052154,
            46.9018138
          ],
          [
            7.0522777,
            46.9018699
          ],
          [
            7.0523432,
            46.9018894
          ],
          [
            7.052385,
            46.9019027
          ],
          [
            7.0524918,
            46.9019259
          ],
          [
            7.0526156,
            46.9019557
          ],
          [
            7.0528594,
            46.9020241
          ],
          [
            7.0536153,
            46.9022585
          ],
          [
            7.0538717,
            46.9023281
          ],
          [
            7.0540186,
            46.9023598
          ],
          [
            7.0541915,
            46.9023897
          ],
          [
            7.0545588,
            46.9024358
          ],
          [
            7.054895,
            46.9024674
          ],
          [
            7.0550452,
            46.9024756
          ],
          [
            7.0552097,
            46.9024814
          ],
          [
            7.0554053,
            46.9024779
          ],
          [
            7.055557,
            46.9024671
          ],
          [
            7.0557104,
            46.9024463
          ],
          [
            7.0559187,
            46.9024101
          ],
          [
            7.0561434,
            46.9023686
          ]
        ]
      },
      "id": "way/172530005"
    },
    {
      "type": "Feature",
      "properties": {
        "@id": "way/172530006",
        "bicycle": "designated",
        "foot": "designated",
        "highway": "path",
        "horse": "no",
        "layer": "-1",
        "lit": "yes",
        "motor_vehicle": "no",
        "segregated": "no",
        "smoothness": "excellent",
        "surface": "asphalt",
        "tunnel": "yes"
      },
      "geometry": {
        "type": "LineString",
        "coordinates": [
          [
            7.0490359,
            46.9012494
          ],
          [
            7.0489331,
            46.9011199
          ]
        ]
      },
      "id": "way/172530006"
    },
    {
      "type": "Feature",
      "properties": {
        "@id": "way/172560814",
        "highway": "primary",
        "lanes": "3",
        "lanes:backward": "1",
        "lanes:forward": "2",
        "lit": "yes",
        "maxspeed": "50",
        "name": "Route de Berne",
        "rcrc_ref": "601a",
        "ref": "1",
        "surface": "asphalt",
        "turn:lanes:forward": "left|none"
      },
      "geometry": {
        "type": "LineString",
        "coordinates": [
          [
            7.0491604,
            46.8867921
          ],
          [
            7.0492768,
            46.8868725
          ],
          [
            7.0494144,
            46.8869676
          ]
        ]
      },
      "id": "way/172560814"
    },
    {
      "type": "Feature",
      "properties": {
        "@id": "way/172560816",
        "bicycle": "designated",
        "foot": "designated",
        "highway": "cycleway",
        "lit": "no",
        "segregated": "no",
        "smoothness": "excellent",
        "surface": "asphalt",
        "width": "2.5"
      },
      "geometry": {
        "type": "LineString",
        "coordinates": [
          [
            7.0490813,
            46.9013174
          ],
          [
            7.0491209,
            46.901311
          ],
          [
            7.0491803,
            46.9013121
          ],
          [
            7.0492332,
            46.9013155
          ],
          [
            7.0492939,
            46.9013266
          ],
          [
            7.0493703,
            46.9013468
          ],
          [
            7.0494139,
            46.9013742
          ],
          [
            7.0494467,
            46.9014041
          ],
          [
            7.0495088,
            46.9014431
          ],
          [
            7.0495413,
            46.9014466
          ]
        ]
      },
      "id": "way/172560816"
    },
    {
      "type": "Feature",
      "properties": {
        "@id": "way/172560817",
        "highway": "track",
        "smoothness": "excellent",
        "surface": "asphalt",
        "tracktype": "grade1"
      },
      "geometry": {
        "type": "LineString",
        "coordinates": [
          [
            7.0513706,
            46.8967912
          ],
          [
            7.0498174,
            46.8963148
          ],
          [
            7.0496415,
            46.8962608
          ],
          [
            7.0492713,
            46.8961404
          ],
          [
            7.0489045,
            46.8960145
          ],
          [
            7.0485492,
            46.8958845
          ],
          [
            7.048201,
            46.8957468
          ],
          [
            7.0480192,
            46.8956642
          ],
          [
            7.0478575,
            46.8955851
          ],
          [
            7.0475577,
            46.8954238
          ],
          [
            7.0472623,
            46.8952596
          ],
          [
            7.0466767,
            46.8949278
          ],
          [
            7.0460983,
            46.8945974
          ],
          [
            7.0458402,
            46.8944524
          ],
          [
            7.0457453,
            46.8943976
          ],
          [
            7.0456525,
            46.8943488
          ]
        ]
      },
      "id": "way/172560817"
    },
    {
      "type": "Feature",
      "properties": {
        "@id": "way/172676039",
        "highway": "primary",
        "lanes": "2",
        "lit": "no",
        "maxspeed": "80",
        "name": "Route de Berne",
        "rcrc_ref": "601a",
        "ref": "1",
        "surface": "asphalt"
      },
      "geometry": {
        "type": "LineString",
        "coordinates": [
          [
            7.0539945,
            46.8916955
          ],
          [
            7.0567615,
            46.8930455
          ],
          [
            7.0572124,
            46.8932836
          ],
          [
            7.0577096,
            46.893565
          ],
          [
            7.0580949,
            46.8937967
          ],
          [
            7.0584586,
            46.8940357
          ],
          [
            7.0599753,
            46.8950919
          ]
        ]
      },
      "id": "way/172676039"
    },
    {
      "type": "Feature",
      "properties": {
        "@id": "way/172676042",
        "cycleway:both": "no",
        "highway": "secondary",
        "lanes": "2",
        "maxspeed": "80",
        "name": "Route du Lac",
        "rcrc_ref": "505c",
        "ref": "152",
        "surface": "asphalt"
      },
      "geometry": {
        "type": "LineString",
        "coordinates": [
          [
            7.0495436,
            46.9009943
          ],
          [
            7.0497808,
            46.9008089
          ],
          [
            7.0499568,
            46.900604
          ],
          [
            7.0501708,
            46.9002593
          ],
          [
            7.0503529,
            46.8997283
          ],
          [
            7.05049,
            46.8991997
          ],
          [
            7.0508945,
            46.8980451
          ],
          [
            7.0511846,
            46.8973545
          ],
          [
            7.0512491,
            46.8972178
          ],
          [
            7.0513153,
            46.8970818
          ],
          [
            7.0514512,
            46.8968114
          ]
        ]
      },
      "id": "way/172676042"
    },
    {
      "type": "Feature",
      "properties": {
        "@id": "way/172676045",
        "highway": "track",
        "smoothness": "excellent",
        "surface": "asphalt",
        "tracktype": "grade1"
      },
      "geometry": {
        "type": "LineString",
        "coordinates": [
          [
            7.0590202,
            46.886861
          ],
          [
            7.0588657,
            46.8869966
          ]
        ]
      },
      "id": "way/172676045"
    },
    {
      "type": "Feature",
      "properties": {
        "@id": "way/172676046",
        "highway": "unclassified",
        "lane_markings": "no",
        "surface": "asphalt"
      },
      "geometry": {
        "type": "LineString",
        "coordinates": [
          [
            7.0495413,
            46.9014466
          ],
          [
            7.0491448,
            46.903487
          ],
          [
            7.0491269,
            46.9035763
          ]
        ]
      },
      "id": "way/172676046"
    },
    {
      "type": "Feature",
      "properties": {
        "@id": "way/174756885",
        "highway": "service",
        "smoothness": "intermediate",
        "surface": "fine_gravel"
      },
      "geometry": {
        "type": "LineString",
        "coordinates": [
          [
            7.045309,
            46.8836448
          ],
          [
            7.0454745,
            46.8837868
          ]
        ]
      },
      "id": "way/174756885"
    },
    {
      "type": "Feature",
      "properties": {
        "@id": "way/174758151",
        "highway": "primary",
        "lanes": "3",
        "lanes:backward": "1",
        "lanes:forward": "2",
        "lit": "yes",
        "maxspeed": "50",
        "name": "Route de Berne",
        "rcrc_ref": "601a",
        "ref": "1",
        "surface": "asphalt",
        "turn:lanes:forward": "left|none"
      },
      "geometry": {
        "type": "LineString",
        "coordinates": [
          [
            7.0467808,
            46.8846986
          ],
          [
            7.0471151,
            46.8851072
          ],
          [
            7.0473668,
            46.8853756
          ],
          [
            7.0475771,
            46.8855875
          ],
          [
            7.0476884,
            46.8856763
          ]
        ]
      },
      "id": "way/174758151"
    },
    {
      "type": "Feature",
      "properties": {
        "@id": "way/175551073",
        "highway": "service",
        "lane_markings": "no",
        "name": "Route de Villarepos",
        "surface": "paving_stones"
      },
      "geometry": {
        "type": "LineString",
        "coordinates": [
          [
            7.0582914,
            46.8782708
          ],
          [
            7.0585624,
            46.8779016
          ],
          [
            7.0585806,
            46.8778857
          ],
          [
            7.0586037,
            46.8778757
          ],
          [
            7.058624,
            46.8778706
          ],
          [
            7.0586521,
            46.8778698
          ],
          [
            7.0586799,
            46.8778715
          ],
          [
            7.0587088,
            46.8778761
          ],
          [
            7.0587353,
            46.8778837
          ],
          [
            7.0591531,
            46.8780306
          ],
          [
            7.0591769,
            46.8780349
          ],
          [
            7.0592008,
            46.8780348
          ],
          [
            7.0592273,
            46.8780282
          ],
          [
            7.059249,
            46.8780173
          ],
          [
            7.0594052,
            46.8779308
          ]
        ]
      },
      "id": "way/175551073"
    },
    {
      "type": "Feature",
      "properties": {
        "@id": "way/185100144",
        "highway": "motorway",
        "int_ref": "E 25",
        "lanes": "2",
        "maxspeed": "120",
        "oneway": "yes",
        "ref": "A1",
        "surface": "asphalt",
        "toll": "yes"
      },
      "geometry": {
        "type": "LineString",
        "coordinates": [
          [
            7.0830346,
            46.9009721
          ],
          [
            7.0826207,
            46.9008216
          ],
          [
            7.0822054,
            46.9006716
          ],
          [
            7.0817879,
            46.9005226
          ],
          [
            7.0813681,
            46.9003755
          ],
          [
            7.0809256,
            46.9002212
          ],
          [
            7.080482,
            46.9000689
          ],
          [
            7.0800357,
            46.8999195
          ],
          [
            7.0795897,
            46.8997707
          ],
          [
            7.07911,
            46.8996135
          ],
          [
            7.0787767,
            46.8995046
          ],
          [
            7.0783541,
            46.8993694
          ],
          [
            7.0779304,
            46.8992352
          ],
          [
            7.0775075,
            46.8991033
          ],
          [
            7.0770832,
            46.8989729
          ],
          [
            7.0766569,
            46.8988431
          ],
          [
            7.0762298,
            46.8987146
          ],
          [
            7.0758024,
            46.8985885
          ],
          [
            7.0753727,
            46.8984637
          ],
          [
            7.0749431,
            46.89834
          ],
          [
            7.0745114,
            46.8982174
          ],
          [
            7.0740796,
            46.8980969
          ],
          [
            7.0736462,
            46.8979777
          ],
          [
            7.0732119,
            46.8978599
          ],
          [
            7.0727771,
            46.897744
          ],
          [
            7.0723417,
            46.8976292
          ],
          [
            7.0714652,
            46.8974041
          ],
          [
            7.0710267,
            46.8972942
          ],
          [
            7.0705877,
            46.8971858
          ],
          [
            7.0701496,
            46.8970789
          ],
          [
            7.0697101,
            46.8969738
          ],
          [
            7.069269,
            46.8968713
          ],
          [
            7.0688267,
            46.8967707
          ],
          [
            7.0683838,
            46.8966739
          ],
          [
            7.0679383,
            46.8965813
          ],
          [
            7.0674909,
            46.8964927
          ],
          [
            7.0671993,
            46.8964379
          ],
          [
            7.0669063,
            46.896385
          ],
          [
            7.0665935,
            46.8963324
          ],
          [
            7.0661398,
            46.8962612
          ],
          [
            7.0659114,
            46.8962284
          ],
          [
            7.0656819,
            46.896197
          ],
          [
            7.0654526,
            46.8961683
          ],
          [
            7.0652228,
            46.896141
          ],
          [
            7.0649914,
            46.8961155
          ],
          [
            7.06476,
            46.8960914
          ],
          [
            7.0645306,
            46.8960702
          ],
          [
            7.0642985,
            46.8960502
          ],
          [
            7.0640667,
            46.8960323
          ],
          [
            7.0638351,
            46.8960167
          ],
          [
            7.0636021,
            46.8960026
          ],
          [
            7.0633691,
            46.8959897
          ],
          [
            7.0630741,
            46.8959771
          ],
          [
            7.0627789,
            46.8959673
          ],
          [
            7.0625432,
            46.8959609
          ],
          [
            7.0623077,
            46.8959551
          ],
          [
            7.062031,
            46.8959498
          ],
          [
            7.0617545,
            46.8959454
          ]
        ]
      },
      "id": "way/185100144"
    },
    {
      "type": "Feature",
      "properties": {
        "@id": "way/185644565",
        "cycleway:both": "no",
        "highway": "residential",
        "maxspeed": "50",
        "name": "Rue des Allobroges",
        "sidewalk": "left"
      },
      "geometry": {
        "type": "LineString",
        "coordinates": [
          [
            7.0373126,
            46.8757222
          ],
          [
            7.0372857,
            46.8757283
          ],
          [
            7.0372589,
            46.8757391
          ],
          [
            7.0372329,
            46.8757511
          ],
          [
            7.0372103,
            46.8757653
          ],
          [
            7.0369232,
            46.8759788
          ],
          [
            7.0369018,
            46.8759978
          ],
          [
            7.0368773,
            46.8760264
          ],
          [
            7.0368714,
            46.8760383
          ],
          [
            7.036869,
            46.8760529
          ],
          [
            7.0368694,
            46.8760703
          ],
          [
            7.0368761,
            46.8760879
          ]
        ]
      },
      "id": "way/185644565"
    },
    {
      "type": "Feature",
      "properties": {
        "@id": "way/194433160",
        "highway": "service",
        "service": "driveway",
        "surface": "asphalt"
      },
      "geometry": {
        "type": "LineString",
        "coordinates": [
          [
            7.061973,
            46.8840678
          ],
          [
            7.0619777,
            46.8841971
          ]
        ]
      },
      "id": "way/194433160"
    },
    {
      "type": "Feature",
      "properties": {
        "@id": "way/194588860",
        "cycleway:both": "no",
        "highway": "residential",
        "lane_markings": "no",
        "lit": "yes",
        "name": "Rue Centrale",
        "sidewalk": "both",
        "source": "@3d4pi | mapillary.com",
        "surface": "asphalt"
      },
      "geometry": {
        "type": "LineString",
        "coordinates": [
          [
            7.0387226,
            46.8787642
          ],
          [
            7.0390281,
            46.8789477
          ],
          [
            7.039228,
            46.8790986
          ],
          [
            7.0396572,
            46.8794016
          ],
          [
            7.0399173,
            46.8795931
          ],
          [
            7.040262,
            46.8797945
          ],
          [
            7.0404474,
            46.8798817
          ],
          [
            7.0406428,
            46.8799735
          ]
        ]
      },
      "id": "way/194588860"
    },
    {
      "type": "Feature",
      "properties": {
        "@id": "way/194603584",
        "highway": "residential",
        "name": "Chemin des Fauvettes",
        "sidewalk": "no",
        "surface": "asphalt"
      },
      "geometry": {
        "type": "LineString",
        "coordinates": [
          [
            7.0424392,
            46.8845086
          ],
          [
            7.0430783,
            46.8849345
          ]
        ]
      },
      "id": "way/194603584"
    },
    {
      "type": "Feature",
      "properties": {
        "@id": "way/194603585",
        "highway": "residential",
        "maxspeed:type": "CH:urban",
        "name": "Chemin des Hirondelles",
        "sidewalk": "no",
        "surface": "asphalt"
      },
      "geometry": {
        "type": "LineString",
        "coordinates": [
          [
            7.0428578,
            46.8837048
          ],
          [
            7.0434651,
            46.8840792
          ],
          [
            7.043976,
            46.8844243
          ]
        ]
      },
      "id": "way/194603585"
    },
    {
      "type": "Feature",
      "properties": {
        "@id": "way/194603587",
        "highway": "residential",
        "name": "Chemin des Pinsons",
        "sidewalk": "no",
        "surface": "asphalt"
      },
      "geometry": {
        "type": "LineString",
        "coordinates": [
          [
            7.0426501,
            46.884063
          ],
          [
            7.0435587,
            46.8846586
          ]
        ]
      },
      "id": "way/194603587"
    },
    {
      "type": "Feature",
      "properties": {
        "@id": "way/194603588",
        "highway": "residential",
        "name": "Chemin des Pâquerettes"
      },
      "geometry": {
        "type": "LineString",
        "coordinates": [
          [
            7.0413645,
            46.8836702
          ],
          [
            7.0416912,
            46.8835799
          ],
          [
            7.041732,
            46.8835674
          ],
          [
            7.041758,
            46.8835502
          ],
          [
            7.0417757,
            46.8835279
          ],
          [
            7.0417802,
            46.8835039
          ],
          [
            7.0417707,
            46.8834734
          ],
          [
            7.0415756,
            46.8831922
          ]
        ]
      },
      "id": "way/194603588"
    },
    {
      "type": "Feature",
      "properties": {
        "@id": "way/194603589",
        "highway": "residential",
        "maxspeed:type": "CH:urban",
        "name": "Chemin des Pâquerettes"
      },
      "geometry": {
        "type": "LineString",
        "coordinates": [
          [
            7.0408688,
            46.8843555
          ],
          [
            7.0410913,
            46.884209
          ],
          [
            7.0411488,
            46.8841596
          ],
          [
            7.0411941,
            46.8841015
          ],
          [
            7.0412655,
            46.8839438
          ],
          [
            7.0413737,
            46.8837219
          ],
          [
            7.0413758,
            46.8837015
          ],
          [
            7.0413645,
            46.8836702
          ],
          [
            7.0412002,
            46.8834038
          ],
          [
            7.0411914,
            46.8833887
          ]
        ]
      },
      "id": "way/194603589"
    },
    {
      "type": "Feature",
      "properties": {
        "@id": "way/194603591",
        "highway": "service",
        "name": "Impasse de la Gare",
        "smoothness": "excellent",
        "surface": "asphalt"
      },
      "geometry": {
        "type": "LineString",
        "coordinates": [
          [
            7.0422568,
            46.8837558
          ],
          [
            7.041347,
            46.8846629
          ]
        ]
      },
      "id": "way/194603591"
    },
    {
      "type": "Feature",
      "properties": {
        "@id": "way/194603592",
        "highway": "track",
        "name": "Joli-Val",
        "tracktype": "grade2"
      },
      "geometry": {
        "type": "LineString",
        "coordinates": [
          [
            7.046337,
            46.8756639
          ],
          [
            7.0463524,
            46.8755079
          ],
          [
            7.0464722,
            46.8752466
          ],
          [
            7.0466951,
            46.875005
          ],
          [
            7.0464327,
            46.8748363
          ]
        ]
      },
      "id": "way/194603592"
    },
    {
      "type": "Feature",
      "properties": {
        "@id": "way/194603594",
        "highway": "service",
        "name": "Route de la Saugette",
        "tracktype": "grade2"
      },
      "geometry": {
        "type": "LineString",
        "coordinates": [
          [
            7.0282717,
            46.8822691
          ],
          [
            7.0286548,
            46.8820463
          ],
          [
            7.028804,
            46.8821075
          ],
          [
            7.0289498,
            46.8821728
          ],
          [
            7.0290902,
            46.882243
          ],
          [
            7.0292368,
            46.8823102
          ],
          [
            7.0300538,
            46.8826445
          ]
        ]
      },
      "id": "way/194603594"
    },
    {
      "type": "Feature",
      "properties": {
        "@id": "way/194603595",
        "highway": "residential",
        "name": "Route de la Saugette"
      },
      "geometry": {
        "type": "LineString",
        "coordinates": [
          [
            7.0294347,
            46.8830168
          ],
          [
            7.0286352,
            46.8825955
          ],
          [
            7.0285755,
            46.8825568
          ],
          [
            7.0285248,
            46.8825117
          ],
          [
            7.0282717,
            46.8822691
          ]
        ]
      },
      "id": "way/194603595"
    },
    {
      "type": "Feature",
      "properties": {
        "@id": "way/194603596",
        "highway": "service",
        "name": "Route de la Saugette",
        "tracktype": "grade2"
      },
      "geometry": {
        "type": "LineString",
        "coordinates": [
          [
            7.0292368,
            46.8823102
          ],
          [
            7.0289848,
            46.8823232
          ],
          [
            7.0288898,
            46.8823346
          ],
          [
            7.0287947,
            46.882358
          ],
          [
            7.0285248,
            46.8825117
          ]
        ]
      },
      "id": "way/194603596"
    },
    {
      "type": "Feature",
      "properties": {
        "@id": "way/194603605",
        "highway": "unclassified",
        "lit": "no",
        "name": "Les Ages"
      },
      "geometry": {
        "type": "LineString",
        "coordinates": [
          [
            7.0248424,
            46.8871783
          ],
          [
            7.0255105,
            46.8864561
          ],
          [
            7.0256736,
            46.8862819
          ],
          [
            7.0265639,
            46.8852399
          ],
          [
            7.0273724,
            46.8842891
          ],
          [
            7.0275031,
            46.8841268
          ],
          [
            7.0276449,
            46.883982
          ],
          [
            7.0278639,
            46.8838166
          ],
          [
            7.0281659,
            46.8836339
          ],
          [
            7.0283055,
            46.8835614
          ]
        ]
      },
      "id": "way/194603605"
    },
    {
      "type": "Feature",
      "properties": {
        "@id": "way/194603606",
        "cycleway:both": "no",
        "highway": "residential",
        "lit": "no",
        "maxspeed:type": "CH:urban",
        "name": "Route de Villars-le-Grand",
        "sidewalk": "no"
      },
      "geometry": {
        "type": "LineString",
        "coordinates": [
          [
            7.0309394,
            46.8820613
          ],
          [
            7.0310219,
            46.8819987
          ],
          [
            7.0310919,
            46.881949
          ],
          [
            7.0311516,
            46.8819006
          ],
          [
            7.0312178,
            46.8818415
          ],
          [
            7.0313521,
            46.8817057
          ],
          [
            7.031425,
            46.8816194
          ],
          [
            7.0314929,
            46.8815335
          ],
          [
            7.0315601,
            46.881442
          ],
          [
            7.0318308,
            46.8810211
          ],
          [
            7.0319093,
            46.8808921
          ],
          [
            7.0319826,
            46.8807641
          ],
          [
            7.0321176,
            46.8805135
          ],
          [
            7.0322538,
            46.8802607
          ],
          [
            7.0326819,
            46.8793578
          ]
        ]
      },
      "id": "way/194603606"
    },
    {
      "type": "Feature",
      "properties": {
        "@id": "way/196278344",
        "highway": "service",
        "name": "Ruelle des Jordils"
      },
      "geometry": {
        "type": "LineString",
        "coordinates": [
          [
            7.0389351,
            46.8794353
          ],
          [
            7.0394228,
            46.8797546
          ]
        ]
      },
      "id": "way/196278344"
    },
    {
      "type": "Feature",
      "properties": {
        "@id": "way/196278346",
        "highway": "service"
      },
      "geometry": {
        "type": "LineString",
        "coordinates": [
          [
            7.0467614,
            46.8914309
          ],
          [
            7.0466468,
            46.8915287
          ],
          [
            7.0464747,
            46.8917385
          ]
        ]
      },
      "id": "way/196278346"
    },
    {
      "type": "Feature",
      "properties": {
        "@id": "way/196278347",
        "highway": "service",
        "oneway": "yes"
      },
      "geometry": {
        "type": "LineString",
        "coordinates": [
          [
            7.0466468,
            46.8915287
          ],
          [
            7.0465315,
            46.8914896
          ],
          [
            7.0465065,
            46.8914776
          ],
          [
            7.046488,
            46.8914599
          ],
          [
            7.0464685,
            46.8914233
          ],
          [
            7.0464492,
            46.8913986
          ],
          [
            7.0458497,
            46.8909369
          ]
        ]
      },
      "id": "way/196278347"
    },
    {
      "type": "Feature",
      "properties": {
        "@id": "way/209372994",
        "highway": "residential",
        "lane_markings": "no",
        "name": "Chemin des Terreaux",
        "sidewalk": "no",
        "source": "@3d4pi | mapillary.com",
        "surface": "asphalt"
      },
      "geometry": {
        "type": "LineString",
        "coordinates": [
          [
            7.0425731,
            46.8806105
          ],
          [
            7.0425496,
            46.8805318
          ],
          [
            7.0425167,
            46.880347
          ],
          [
            7.042496,
            46.8803104
          ],
          [
            7.0424588,
            46.8802646
          ]
        ]
      },
      "id": "way/209372994"
    },
    {
      "type": "Feature",
      "properties": {
        "@id": "way/209372996",
        "highway": "residential",
        "lane_markings": "no",
        "name": "Rue des Alpes",
        "surface": "asphalt"
      },
      "geometry": {
        "type": "LineString",
        "coordinates": [
          [
            7.0417888,
            46.8805282
          ],
          [
            7.0418576,
            46.8804764
          ]
        ]
      },
      "id": "way/209372996"
    },
    {
      "type": "Feature",
      "properties": {
        "@id": "way/209372998",
        "cycleway:both": "no",
        "highway": "residential",
        "name": "Rue du Château",
        "oneway": "no",
        "sidewalk": "no",
        "source": "@3d4pi | mapillary.com"
      },
      "geometry": {
        "type": "LineString",
        "coordinates": [
          [
            7.0412869,
            46.8809059
          ],
          [
            7.041349,
            46.8808298
          ],
          [
            7.0413689,
            46.8808054
          ]
        ]
      },
      "id": "way/209372998"
    },
    {
      "type": "Feature",
      "properties": {
        "@id": "way/209517687",
        "cycleway:both": "no",
        "highway": "residential",
        "lane_markings": "no",
        "lit": "no",
        "maxspeed:type": "CH:rural",
        "name": "Le Chandon",
        "smoothness": "excellent",
        "surface": "asphalt"
      },
      "geometry": {
        "type": "LineString",
        "coordinates": [
          [
            7.0523612,
            46.9018077
          ],
          [
            7.0523446,
            46.9018391
          ],
          [
            7.0523432,
            46.9018894
          ],
          [
            7.0523448,
            46.9019156
          ],
          [
            7.0523972,
            46.9021891
          ],
          [
            7.0524992,
            46.9024417
          ],
          [
            7.0527347,
            46.9027865
          ],
          [
            7.0527467,
            46.9028328
          ],
          [
            7.0527362,
            46.9028783
          ],
          [
            7.0526392,
            46.9030416
          ]
        ]
      },
      "id": "way/209517687"
    },
    {
      "type": "Feature",
      "properties": {
        "@id": "way/209517690",
        "highway": "track",
        "tracktype": "grade2"
      },
      "geometry": {
        "type": "LineString",
        "coordinates": [
          [
            7.062772,
            46.9007048
          ],
          [
            7.0621521,
            46.9017986
          ],
          [
            7.062113,
            46.9018333
          ]
        ]
      },
      "id": "way/209517690"
    },
    {
      "type": "Feature",
      "properties": {
        "@id": "way/209517692",
        "highway": "track",
        "tracktype": "grade2"
      },
      "geometry": {
        "type": "LineString",
        "coordinates": [
          [
            7.062138,
            46.9019408
          ],
          [
            7.062113,
            46.9018333
          ],
          [
            7.0612616,
            46.9014413
          ],
          [
            7.0611369,
            46.9013628
          ],
          [
            7.0597473,
            46.9003292
          ],
          [
            7.0596699,
            46.9003009
          ],
          [
            7.0590552,
            46.9001578
          ],
          [
            7.0589817,
            46.9001472
          ],
          [
            7.0589112,
            46.900146
          ],
          [
            7.0574044,
            46.9001933
          ]
        ]
      },
      "id": "way/209517692"
    },
    {
      "type": "Feature",
      "properties": {
        "@id": "way/209517693",
        "access": "agricultural",
        "bicycle": "yes",
        "foot": "yes",
        "highway": "path",
        "mofa": "no",
        "moped": "no",
        "motor_vehicle": "no",
        "motorcar": "no",
        "motorcycle": "no",
        "wheelchair": "no"
      },
      "geometry": {
        "type": "LineString",
        "coordinates": [
          [
            7.0618275,
            46.8963671
          ],
          [
            7.0620331,
            46.8963418
          ],
          [
            7.0624414,
            46.8962229
          ],
          [
            7.0626756,
            46.8962549
          ],
          [
            7.0631307,
            46.896319
          ],
          [
            7.0634118,
            46.8965019
          ],
          [
            7.0640587,
            46.8966634
          ],
          [
            7.0646469,
            46.8967871
          ],
          [
            7.0647397,
            46.8967936
          ],
          [
            7.0648345,
            46.8967694
          ],
          [
            7.0650363,
            46.8966829
          ],
          [
            7.0651483,
            46.8966528
          ],
          [
            7.0652928,
            46.8966472
          ],
          [
            7.0654007,
            46.8966718
          ],
          [
            7.0660419,
            46.8969409
          ],
          [
            7.0662761,
            46.8971192
          ],
          [
            7.066466,
            46.897156
          ]
        ]
      },
      "id": "way/209517693"
    },
    {
      "type": "Feature",
      "properties": {
        "@id": "way/209776213",
        "bridge": "yes",
        "highway": "secondary",
        "lane_markings": "yes",
        "lanes": "2",
        "layer": "1",
        "lit": "no",
        "maxspeed": "80",
        "name": "Route de Salavaux",
        "rcrc_ref": "505c",
        "ref": "152"
      },
      "geometry": {
        "type": "LineString",
        "coordinates": [
          [
            7.0447721,
            46.9020554
          ],
          [
            7.0449027,
            46.9020274
          ]
        ]
      },
      "id": "way/209776213"
    },
    {
      "type": "Feature",
      "properties": {
        "@id": "way/209776214",
        "bicycle": "use_sidepath",
        "highway": "secondary",
        "lane_markings": "yes",
        "lanes": "2",
        "lit": "no",
        "maxspeed": "80",
        "name": "Route de Salavaux",
        "rcrc_ref": "505c",
        "ref": "152",
        "surface": "asphalt"
      },
      "geometry": {
        "type": "LineString",
        "coordinates": [
          [
            7.0449027,
            46.9020274
          ],
          [
            7.0462289,
            46.9017548
          ],
          [
            7.0464034,
            46.9017184
          ]
        ]
      },
      "id": "way/209776214"
    },
    {
      "type": "Feature",
      "properties": {
        "@id": "way/209776222",
        "highway": "cycleway",
        "lit": "no"
      },
      "geometry": {
        "type": "LineString",
        "coordinates": [
          [
            7.0449241,
            46.9020858
          ],
          [
            7.0454451,
            46.9019704
          ],
          [
            7.0469561,
            46.9016685
          ],
          [
            7.048728,
            46.9013132
          ],
          [
            7.0487916,
            46.901304
          ],
          [
            7.0488383,
            46.9013031
          ],
          [
            7.048968,
            46.9013201
          ],
          [
            7.0490297,
            46.901322
          ],
          [
            7.0490813,
            46.9013174
          ]
        ]
      },
      "id": "way/209776222"
    },
    {
      "type": "Feature",
      "properties": {
        "@id": "way/209776224",
        "bridge": "yes",
        "highway": "cycleway",
        "layer": "1",
        "lit": "no"
      },
      "geometry": {
        "type": "LineString",
        "coordinates": [
          [
            7.0447764,
            46.9021189
          ],
          [
            7.0449241,
            46.9020858
          ]
        ]
      },
      "id": "way/209776224"
    },
    {
      "type": "Feature",
      "properties": {
        "@id": "way/209776236",
        "highway": "service",
        "maxspeed": "10",
        "oneway": "yes",
        "service": "parking_aisle",
        "surface": "asphalt"
      },
      "geometry": {
        "type": "LineString",
        "coordinates": [
          [
            7.0475028,
            46.9012279
          ],
          [
            7.0477173,
            46.9011358
          ],
          [
            7.0487681,
            46.9008224
          ],
          [
            7.0488452,
            46.9008391
          ]
        ]
      },
      "id": "way/209776236"
    },
    {
      "type": "Feature",
      "properties": {
        "@id": "way/209776241",
        "highway": "track",
        "tracktype": "grade3"
      },
      "geometry": {
        "type": "LineString",
        "coordinates": [
          [
            7.0463112,
            46.9021094
          ],
          [
            7.0464434,
            46.9022166
          ],
          [
            7.046551,
            46.9023758
          ],
          [
            7.046663,
            46.902486
          ],
          [
            7.0467548,
            46.9026513
          ],
          [
            7.0468669,
            46.9027906
          ],
          [
            7.0470058,
            46.9029115
          ]
        ]
      },
      "id": "way/209776241"
    },
    {
      "type": "Feature",
      "properties": {
        "@id": "way/209776242",
        "highway": "service",
        "maxspeed": "10",
        "oneway": "yes"
      },
      "geometry": {
        "type": "LineString",
        "coordinates": [
          [
            7.0493696,
            46.8992172
          ],
          [
            7.0495259,
            46.8990462
          ],
          [
            7.0496181,
            46.8989711
          ],
          [
            7.0497113,
            46.8988961
          ],
          [
            7.0498308,
            46.8988118
          ],
          [
            7.0500003,
            46.8987303
          ],
          [
            7.0502377,
            46.8986345
          ],
          [
            7.0502979,
            46.8986401
          ]
        ]
      },
      "id": "way/209776242"
    },
    {
      "type": "Feature",
      "properties": {
        "@id": "way/213743634",
        "highway": "service",
        "oneway": "yes",
        "service": "parking_aisle",
        "smoothness": "excellent",
        "surface": "asphalt"
      },
      "geometry": {
        "type": "LineString",
        "coordinates": [
          [
            7.0327206,
            46.8769682
          ],
          [
            7.0325166,
            46.87718
          ],
          [
            7.0322285,
            46.8774924
          ]
        ]
      },
      "id": "way/213743634"
    },
    {
      "type": "Feature",
      "properties": {
        "@id": "way/213743635",
        "highway": "service",
        "oneway": "yes",
        "service": "parking_aisle",
        "smoothness": "excellent",
        "surface": "asphalt"
      },
      "geometry": {
        "type": "LineString",
        "coordinates": [
          [
            7.031961,
            46.8766996
          ],
          [
            7.0318035,
            46.8768641
          ],
          [
            7.031625,
            46.8770512
          ]
        ]
      },
      "id": "way/213743635"
    },
    {
      "type": "Feature",
      "properties": {
        "@id": "way/213743636",
        "highway": "service",
        "oneway": "yes",
        "service": "driveway",
        "smoothness": "excellent",
        "surface": "asphalt"
      },
      "geometry": {
        "type": "LineString",
        "coordinates": [
          [
            7.0323588,
            46.876634
          ],
          [
            7.03265,
            46.8767617
          ]
        ]
      },
      "id": "way/213743636"
    },
    {
      "type": "Feature",
      "properties": {
        "@id": "way/213743637",
        "highway": "footway",
        "smoothness": "excellent",
        "surface": "asphalt"
      },
      "geometry": {
        "type": "LineString",
        "coordinates": [
          [
            7.0334554,
            46.8765971
          ],
          [
            7.0330472,
            46.8770345
          ]
        ]
      },
      "id": "way/213743637"
    },
    {
      "type": "Feature",
      "properties": {
        "@id": "way/213743638",
        "highway": "service",
        "oneway": "yes",
        "service": "parking_aisle",
        "smoothness": "excellent",
        "surface": "asphalt"
      },
      "geometry": {
        "type": "LineString",
        "coordinates": [
          [
            7.0325351,
            46.876892
          ],
          [
            7.0323389,
            46.8771031
          ],
          [
            7.0320461,
            46.8774137
          ]
        ]
      },
      "id": "way/213743638"
    },
    {
      "type": "Feature",
      "properties": {
        "@id": "way/213743639",
        "highway": "service",
        "oneway": "yes",
        "smoothness": "excellent",
        "surface": "asphalt"
      },
      "geometry": {
        "type": "LineString",
        "coordinates": [
          [
            7.03265,
            46.8767617
          ],
          [
            7.0325824,
            46.8768309
          ]
        ]
      },
      "id": "way/213743639"
    },
    {
      "type": "Feature",
      "properties": {
        "@id": "way/213743641",
        "highway": "service",
        "lanes": "1",
        "maxspeed": "80",
        "maxspeed:type": "rural",
        "oneway": "yes",
        "smoothness": "excellent",
        "surface": "asphalt"
      },
      "geometry": {
        "type": "LineString",
        "coordinates": [
          [
            7.032556,
            46.876257
          ],
          [
            7.0323061,
            46.876203
          ],
          [
            7.0322421,
            46.8761995
          ],
          [
            7.0321981,
            46.8761993
          ],
          [
            7.0321731,
            46.8762029
          ],
          [
            7.0321501,
            46.8762091
          ],
          [
            7.0320963,
            46.8762345
          ],
          [
            7.0320685,
            46.876251
          ]
        ]
      },
      "id": "way/213743641"
    },
    {
      "type": "Feature",
      "properties": {
        "@id": "way/213743642",
        "highway": "service",
        "oneway": "yes",
        "smoothness": "excellent",
        "surface": "asphalt"
      },
      "geometry": {
        "type": "LineString",
        "coordinates": [
          [
            7.0318033,
            46.8771289
          ],
          [
            7.031625,
            46.8770512
          ],
          [
            7.0315136,
            46.8770026
          ],
          [
            7.0314935,
            46.8769871
          ],
          [
            7.0314819,
            46.8769716
          ],
          [
            7.0314841,
            46.8769531
          ],
          [
            7.0314952,
            46.8769335
          ],
          [
            7.0317386,
            46.8766713
          ],
          [
            7.0317454,
            46.8766601
          ],
          [
            7.0317445,
            46.8766477
          ],
          [
            7.0317178,
            46.8765876
          ]
        ]
      },
      "id": "way/213743642"
    },
    {
      "type": "Feature",
      "properties": {
        "@id": "way/213743643",
        "highway": "path"
      },
      "geometry": {
        "type": "LineString",
        "coordinates": [
          [
            7.0318035,
            46.8768641
          ],
          [
            7.0319813,
            46.8769409
          ],
          [
            7.032161,
            46.8770224
          ],
          [
            7.0323389,
            46.8771031
          ],
          [
            7.0325166,
            46.87718
          ],
          [
            7.0326947,
            46.8772572
          ],
          [
            7.0327969,
            46.8772998
          ]
        ]
      },
      "id": "way/213743643"
    },
    {
      "type": "Feature",
      "properties": {
        "@id": "way/213743645",
        "highway": "service",
        "oneway": "yes",
        "smoothness": "excellent",
        "surface": "asphalt"
      },
      "geometry": {
        "type": "LineString",
        "coordinates": [
          [
            7.0329786,
            46.877003
          ],
          [
            7.032958,
            46.8770253
          ],
          [
            7.0329078,
            46.8770564
          ],
          [
            7.0328591,
            46.8770886
          ],
          [
            7.0328292,
            46.8771148
          ],
          [
            7.0326947,
            46.8772572
          ],
          [
            7.032413,
            46.8775707
          ]
        ]
      },
      "id": "way/213743645"
    },
    {
      "type": "Feature",
      "properties": {
        "@id": "way/213743646",
        "highway": "service",
        "smoothness": "excellent",
        "surface": "asphalt"
      },
      "geometry": {
        "type": "LineString",
        "coordinates": [
          [
            7.0320517,
            46.8764038
          ],
          [
            7.0320418,
            46.8764202
          ],
          [
            7.03203,
            46.8764366
          ],
          [
            7.0320134,
            46.8764524
          ],
          [
            7.0319911,
            46.8764675
          ],
          [
            7.0319596,
            46.8764836
          ],
          [
            7.0319251,
            46.876497
          ],
          [
            7.0318035,
            46.8765322
          ],
          [
            7.0317768,
            46.8765424
          ],
          [
            7.0317523,
            46.8765574
          ],
          [
            7.0317283,
            46.876577
          ],
          [
            7.0317178,
            46.8765876
          ],
          [
            7.0315329,
            46.8767738
          ],
          [
            7.0312656,
            46.8770657
          ],
          [
            7.0312079,
            46.8771107
          ],
          [
            7.0311586,
            46.8771416
          ],
          [
            7.0310081,
            46.8772259
          ],
          [
            7.0309661,
            46.8772554
          ],
          [
            7.0304995,
            46.8777433
          ],
          [
            7.0304883,
            46.8777642
          ],
          [
            7.0304836,
            46.8777829
          ],
          [
            7.0304817,
            46.8778028
          ],
          [
            7.0304842,
            46.8778203
          ],
          [
            7.0304939,
            46.8778423
          ],
          [
            7.0305113,
            46.8778614
          ],
          [
            7.0305336,
            46.8778785
          ],
          [
            7.0305604,
            46.8778934
          ],
          [
            7.0316051,
            46.8783527
          ]
        ]
      },
      "id": "way/213743646"
    },
    {
      "type": "Feature",
      "properties": {
        "@id": "way/213743647",
        "highway": "service",
        "oneway": "yes",
        "service": "driveway",
        "smoothness": "excellent",
        "surface": "asphalt"
      },
      "geometry": {
        "type": "LineString",
        "coordinates": [
          [
            7.0322955,
            46.8767064
          ],
          [
            7.0323588,
            46.876634
          ],
          [
            7.0325444,
            46.8764369
          ],
          [
            7.032991,
            46.876632
          ],
          [
            7.0329365,
            46.8766939
          ],
          [
            7.032807,
            46.8768313
          ],
          [
            7.03265,
            46.8767617
          ]
        ]
      },
      "id": "way/213743647"
    },
    {
      "type": "Feature",
      "properties": {
        "@id": "way/239924557",
        "highway": "track",
        "surface": "dirt"
      },
      "geometry": {
        "type": "LineString",
        "coordinates": [
          [
            7.052639,
            46.8754953
          ],
          [
            7.0527826,
            46.8753711
          ],
          [
            7.0531151,
            46.8751841
          ],
          [
            7.0532439,
            46.8750667
          ],
          [
            7.0555607,
            46.8741675
          ]
        ]
      },
      "id": "way/239924557"
    },
    {
      "type": "Feature",
      "properties": {
        "@id": "way/239924558",
        "foot": "yes",
        "highway": "track",
        "horse": "yes",
        "motor_vehicle": "yes",
        "surface": "dirt"
      },
      "geometry": {
        "type": "LineString",
        "coordinates": [
          [
            7.0500387,
            46.8751672
          ],
          [
            7.050331,
            46.874106
          ],
          [
            7.0504383,
            46.874051
          ],
          [
            7.0507333,
            46.8739886
          ],
          [
            7.0508031,
            46.8739263
          ],
          [
            7.0509533,
            46.8737209
          ],
          [
            7.0510284,
            46.8737026
          ],
          [
            7.0512376,
            46.8736952
          ],
          [
            7.0513771,
            46.8736549
          ],
          [
            7.0516399,
            46.8735265
          ],
          [
            7.0518009,
            46.8733909
          ],
          [
            7.0518867,
            46.8732442
          ],
          [
            7.0520891,
            46.8728503
          ]
        ]
      },
      "id": "way/239924558"
    },
    {
      "type": "Feature",
      "properties": {
        "@id": "way/252155062",
        "highway": "residential",
        "name": "Route Industrielle Ouest"
      },
      "geometry": {
        "type": "LineString",
        "coordinates": [
          [
            7.0479504,
            46.8893387
          ],
          [
            7.0480185,
            46.8892791
          ],
          [
            7.048076,
            46.8892104
          ],
          [
            7.0480924,
            46.8891871
          ],
          [
            7.0481157,
            46.8891523
          ],
          [
            7.0483813,
            46.888774
          ],
          [
            7.0485355,
            46.8885538
          ],
          [
            7.0485684,
            46.8885227
          ],
          [
            7.0486195,
            46.8885041
          ],
          [
            7.0486763,
            46.8884982
          ],
          [
            7.0487361,
            46.8885071
          ],
          [
            7.0495181,
            46.8887634
          ],
          [
            7.0495529,
            46.8887816
          ],
          [
            7.0495792,
            46.8888046
          ],
          [
            7.0495953,
            46.8888308
          ],
          [
            7.0496027,
            46.8888594
          ],
          [
            7.0495998,
            46.888887
          ],
          [
            7.0495883,
            46.8889128
          ],
          [
            7.0494463,
            46.8891177
          ]
        ]
      },
      "id": "way/252155062"
    },
    {
      "type": "Feature",
      "properties": {
        "@id": "way/252155064",
        "highway": "service",
        "smoothness": "excellent",
        "surface": "asphalt"
      },
      "geometry": {
        "type": "LineString",
        "coordinates": [
          [
            7.0502429,
            46.8901396
          ],
          [
            7.0502667,
            46.8901157
          ],
          [
            7.0502899,
            46.8900923
          ],
          [
            7.0504392,
            46.8899418
          ],
          [
            7.0505931,
            46.8897257
          ],
          [
            7.0506236,
            46.8896901
          ],
          [
            7.0506719,
            46.88964
          ],
          [
            7.0506927,
            46.8896134
          ],
          [
            7.0507004,
            46.8895845
          ],
          [
            7.0506917,
            46.8895556
          ],
          [
            7.0506699,
            46.8895322
          ],
          [
            7.0506382,
            46.8895153
          ],
          [
            7.0494463,
            46.8891177
          ],
          [
            7.0483813,
            46.888774
          ]
        ]
      },
      "id": "way/252155064"
    },
    {
      "type": "Feature",
      "properties": {
        "@id": "way/277037906",
        "highway": "motorway_link",
        "lanes": "1",
        "maxspeed": "120",
        "oneway": "yes",
        "surface": "asphalt"
      },
      "geometry": {
        "type": "LineString",
        "coordinates": [
          [
            7.025191,
            46.8826946
          ],
          [
            7.025088,
            46.8827052
          ],
          [
            7.0250039,
            46.8827219
          ],
          [
            7.0249436,
            46.8827363
          ],
          [
            7.0248247,
            46.8827611
          ]
        ]
      },
      "id": "way/277037906"
    },
    {
      "type": "Feature",
      "properties": {
        "@id": "way/277037908",
        "highway": "track",
        "tracktype": "grade2"
      },
      "geometry": {
        "type": "LineString",
        "coordinates": [
          [
            7.0211117,
            46.8866084
          ],
          [
            7.0210243,
            46.8867159
          ],
          [
            7.0209972,
            46.8867382
          ],
          [
            7.0205378,
            46.8869579
          ],
          [
            7.0204584,
            46.8870064
          ],
          [
            7.0201123,
            46.8872894
          ],
          [
            7.0194398,
            46.887757
          ],
          [
            7.0192332,
            46.887885
          ],
          [
            7.0189793,
            46.8880268
          ],
          [
            7.01864,
            46.8882067
          ],
          [
            7.018454,
            46.8882947
          ],
          [
            7.018272,
            46.8883693
          ],
          [
            7.0177767,
            46.8885503
          ],
          [
            7.0176351,
            46.8885994
          ],
          [
            7.0174385,
            46.8886595
          ],
          [
            7.0173098,
            46.8886974
          ],
          [
            7.0171695,
            46.8887329
          ],
          [
            7.0170139,
            46.8887723
          ],
          [
            7.0168279,
            46.8888213
          ],
          [
            7.0167332,
            46.8888353
          ],
          [
            7.0166631,
            46.8888439
          ],
          [
            7.0166094,
            46.8888525
          ],
          [
            7.0165381,
            46.8888642
          ],
          [
            7.0164901,
            46.8888744
          ],
          [
            7.0164444,
            46.8888951
          ],
          [
            7.0164163,
            46.888911
          ],
          [
            7.0163799,
            46.8889372
          ],
          [
            7.0163517,
            46.8889603
          ],
          [
            7.0163257,
            46.8889971
          ],
          [
            7.0162797,
            46.8890593
          ],
          [
            7.0162455,
            46.8891024
          ],
          [
            7.0162196,
            46.8891351
          ],
          [
            7.016189,
            46.8891686
          ],
          [
            7.0161467,
            46.8892077
          ],
          [
            7.0160655,
            46.8892866
          ],
          [
            7.0159726,
            46.8893743
          ],
          [
            7.0159255,
            46.8894213
          ],
          [
            7.0158832,
            46.8894636
          ],
          [
            7.0158502,
            46.8895011
          ],
          [
            7.0158171,
            46.8895458
          ],
          [
            7.0157899,
            46.8895961
          ],
          [
            7.0157767,
            46.8896425
          ],
          [
            7.0157646,
            46.889692
          ],
          [
            7.0157631,
            46.8897376
          ],
          [
            7.0157638,
            46.8897937
          ],
          [
            7.0157821,
            46.8898433
          ],
          [
            7.015804,
            46.8898826
          ],
          [
            7.0158328,
            46.889926
          ],
          [
            7.0158664,
            46.8899613
          ],
          [
            7.0159151,
            46.8900023
          ],
          [
            7.0159674,
            46.8900313
          ],
          [
            7.0160209,
            46.8900579
          ],
          [
            7.0160802,
            46.8900861
          ],
          [
            7.0162188,
            46.8901291
          ],
          [
            7.016291,
            46.8901485
          ],
          [
            7.0163585,
            46.8901704
          ],
          [
            7.0164179,
            46.8901922
          ],
          [
            7.0164679,
            46.8902212
          ],
          [
            7.0165062,
            46.8902494
          ],
          [
            7.0165526,
            46.8902864
          ],
          [
            7.016585,
            46.8903177
          ],
          [
            7.0166197,
            46.8903554
          ],
          [
            7.016644,
            46.8903875
          ],
          [
            7.0166659,
            46.8904196
          ],
          [
            7.0168238,
            46.8907635
          ],
          [
            7.0168894,
            46.890885
          ],
          [
            7.0172982,
            46.8915981
          ],
          [
            7.0174189,
            46.8921132
          ],
          [
            7.0175584,
            46.8925348
          ],
          [
            7.017604,
            46.8930663
          ],
          [
            7.0177257,
            46.8934413
          ]
        ]
      },
      "id": "way/277037908"
    },
    {
      "type": "Feature",
      "properties": {
        "@id": "way/277037909",
        "highway": "motorway_link",
        "lanes": "1",
        "oneway": "yes",
        "surface": "asphalt"
      },
      "geometry": {
        "type": "LineString",
        "coordinates": [
          [
            7.024771,
            46.8828114
          ],
          [
            7.0247763,
            46.8827345
          ],
          [
            7.0247772,
            46.8826954
          ],
          [
            7.0247762,
            46.8826704
          ],
          [
            7.0247725,
            46.882646
          ],
          [
            7.0247675,
            46.8826216
          ],
          [
            7.0247571,
            46.8825889
          ],
          [
            7.0247432,
            46.8825536
          ],
          [
            7.0247119,
            46.8824879
          ]
        ]
      },
      "id": "way/277037909"
    },
    {
      "type": "Feature",
      "properties": {
        "@id": "way/277039933",
        "highway": "track",
        "tracktype": "grade1"
      },
      "geometry": {
        "type": "LineString",
        "coordinates": [
          [
            7.0216863,
            46.8806812
          ],
          [
            7.0217389,
            46.8806023
          ],
          [
            7.02175,
            46.8805634
          ],
          [
            7.0217492,
            46.8805174
          ]
        ]
      },
      "id": "way/277039933"
    },
    {
      "type": "Feature",
      "properties": {
        "@id": "way/290825880",
        "highway": "motorway_link",
        "lanes": "1",
        "oneway": "yes",
        "surface": "asphalt"
      },
      "geometry": {
        "type": "LineString",
        "coordinates": [
          [
            7.0222066,
            46.8809038
          ],
          [
            7.0226515,
            46.8810234
          ],
          [
            7.0229299,
            46.8810918
          ],
          [
            7.0231548,
            46.8811428
          ],
          [
            7.02337,
            46.8811884
          ],
          [
            7.0236451,
            46.8812455
          ],
          [
            7.0255488,
            46.8816332
          ],
          [
            7.025628,
            46.8816491
          ],
          [
            7.0257103,
            46.881663
          ],
          [
            7.0257751,
            46.8816936
          ],
          [
            7.0258076,
            46.8817184
          ],
          [
            7.0258656,
            46.8817846
          ]
        ]
      },
      "id": "way/290825880"
    },
    {
      "type": "Feature",
      "properties": {
        "@id": "way/290829550",
        "highway": "motorway_link",
        "lanes": "1",
        "maxheight": "default",
        "maxspeed": "120",
        "oneway": "yes",
        "surface": "asphalt"
      },
      "geometry": {
        "type": "LineString",
        "coordinates": [
          [
            7.0285554,
            46.8835978
          ],
          [
            7.0282829,
            46.8834915
          ],
          [
            7.0280854,
            46.8834208
          ],
          [
            7.0279055,
            46.8833595
          ],
          [
            7.0277515,
            46.8833098
          ],
          [
            7.0275979,
            46.8832628
          ],
          [
            7.0274547,
            46.8832208
          ],
          [
            7.0272969,
            46.8831783
          ],
          [
            7.0271618,
            46.8831437
          ],
          [
            7.0269321,
            46.8830885
          ],
          [
            7.026701,
            46.8830353
          ],
          [
            7.0259642,
            46.8828665
          ],
          [
            7.0253651,
            46.8827309
          ],
          [
            7.025191,
            46.8826946
          ],
          [
            7.025129,
            46.8826709
          ],
          [
            7.0251061,
            46.8826573
          ],
          [
            7.025073,
            46.8826304
          ],
          [
            7.0250185,
            46.8825792
          ]
        ]
      },
      "id": "way/290829550"
    },
    {
      "type": "Feature",
      "properties": {
        "@id": "way/290872326",
        "cycleway:both": "no",
        "highway": "unclassified",
        "junction": "roundabout",
        "maxspeed": "50",
        "sidewalk": "no"
      },
      "geometry": {
        "type": "LineString",
        "coordinates": [
          [
            7.0378886,
            46.885488
          ],
          [
            7.0378466,
            46.8854854
          ],
          [
            7.0378076,
            46.8854744
          ],
          [
            7.0377741,
            46.8854552
          ],
          [
            7.0377508,
            46.8854299
          ],
          [
            7.03774,
            46.8854009
          ],
          [
            7.0377427,
            46.885371
          ],
          [
            7.0377587,
            46.8853432
          ],
          [
            7.0377873,
            46.8853196
          ],
          [
            7.0378252,
            46.8853033
          ],
          [
            7.0378686,
            46.8852959
          ],
          [
            7.0379133,
            46.8852983
          ],
          [
            7.0379546,
            46.8853101
          ],
          [
            7.0379889,
            46.8853306
          ],
          [
            7.0380119,
            46.8853575
          ],
          [
            7.038021,
            46.885388
          ],
          [
            7.0380155,
            46.8854189
          ],
          [
            7.0379958,
            46.885447
          ],
          [
            7.0379667,
            46.8854679
          ],
          [
            7.0379299,
            46.885482
          ],
          [
            7.0378886,
            46.885488
          ]
        ]
      },
      "id": "way/290872326"
    },
    {
      "type": "Feature",
      "properties": {
        "@id": "way/290872327",
        "cycleway:both": "no",
        "highway": "residential",
        "lanes": "2",
        "maxspeed": "50",
        "name": "Route de la Plaine",
        "oneway": "no",
        "surface": "asphalt"
      },
      "geometry": {
        "type": "LineString",
        "coordinates": [
          [
            7.0379958,
            46.885447
          ],
          [
            7.0380297,
            46.8854619
          ],
          [
            7.0380781,
            46.8854831
          ],
          [
            7.0382418,
            46.8855596
          ],
          [
            7.0383686,
            46.8856196
          ],
          [
            7.0384937,
            46.8856809
          ],
          [
            7.0386179,
            46.8857437
          ],
          [
            7.0387402,
            46.8858083
          ],
          [
            7.0388631,
            46.885876
          ],
          [
            7.0389839,
            46.8859454
          ],
          [
            7.0391023,
            46.8860164
          ],
          [
            7.0392189,
            46.8860882
          ],
          [
            7.0393338,
            46.8861618
          ],
          [
            7.0394467,
            46.886237
          ],
          [
            7.0395602,
            46.8863161
          ],
          [
            7.0397014,
            46.886418
          ],
          [
            7.0400134,
            46.8866564
          ],
          [
            7.0401393,
            46.886754
          ],
          [
            7.0404229,
            46.8869741
          ],
          [
            7.0407347,
            46.8872159
          ],
          [
            7.0409831,
            46.8874085
          ],
          [
            7.0417551,
            46.8880072
          ],
          [
            7.0419117,
            46.8881286
          ],
          [
            7.0426077,
            46.8886756
          ],
          [
            7.0431272,
            46.8890754
          ],
          [
            7.0431754,
            46.889124
          ],
          [
            7.0432153,
            46.8891642
          ]
        ]
      },
      "id": "way/290872327"
    },
    {
      "type": "Feature",
      "properties": {
        "@id": "way/290872328",
        "cycleway:both": "no",
        "highway": "unclassified",
        "lit": "no",
        "name": "Route de la Plaine"
      },
      "geometry": {
        "type": "LineString",
        "coordinates": [
          [
            7.0377587,
            46.8853432
          ],
          [
            7.0377227,
            46.8853294
          ],
          [
            7.0376427,
            46.8852987
          ],
          [
            7.0375082,
            46.8852466
          ],
          [
            7.0362393,
            46.8847504
          ],
          [
            7.0352281,
            46.8843555
          ],
          [
            7.03407,
            46.883902
          ]
        ]
      },
      "id": "way/290872328"
    },
    {
      "type": "Feature",
      "properties": {
        "@id": "way/301362224",
        "highway": "path"
      },
      "geometry": {
        "type": "LineString",
        "coordinates": [
          [
            7.0586124,
            46.9035854
          ],
          [
            7.0585015,
            46.9020506
          ],
          [
            7.0584984,
            46.9019883
          ]
        ]
      },
      "id": "way/301362224"
    },
    {
      "type": "Feature",
      "properties": {
        "@id": "way/301553441",
        "highway": "service",
        "name": "Chemin Derrière-les-Murs"
      },
      "geometry": {
        "type": "LineString",
        "coordinates": [
          [
            7.0441631,
            46.888266
          ],
          [
            7.043364,
            46.8875878
          ],
          [
            7.0431013,
            46.8873457
          ]
        ]
      },
      "id": "way/301553441"
    },
    {
      "type": "Feature",
      "properties": {
        "@id": "way/301553448",
        "highway": "secondary",
        "lane_markings": "yes",
        "lanes": "2",
        "lit": "no",
        "maxspeed": "80",
        "name": "Route de Salavaux",
        "rcrc_ref": "505c",
        "ref": "152"
      },
      "geometry": {
        "type": "LineString",
        "coordinates": [
          [
            7.0447122,
            46.9020686
          ],
          [
            7.0447721,
            46.9020554
          ]
        ]
      },
      "id": "way/301553448"
    },
    {
      "type": "Feature",
      "properties": {
        "@id": "way/301553449",
        "bicycle": "use_sidepath",
        "highway": "secondary",
        "lane_markings": "yes",
        "lanes": "2",
        "lit": "no",
        "maxspeed": "80",
        "name": "Route de Salavaux",
        "rcrc_ref": "505c",
        "ref": "152"
      },
      "geometry": {
        "type": "LineString",
        "coordinates": [
          [
            7.0444617,
            46.9021261
          ],
          [
            7.0447122,
            46.9020686
          ]
        ]
      },
      "id": "way/301553449"
    },
    {
      "type": "Feature",
      "properties": {
        "@id": "way/301553452",
        "highway": "unclassified",
        "motor_vehicle": "agricultural;destination",
        "name": "Chemin du Bois Carré",
        "surface": "asphalt"
      },
      "geometry": {
        "type": "LineString",
        "coordinates": [
          [
            7.045466,
            46.8942812
          ],
          [
            7.045389,
            46.8942512
          ],
          [
            7.0453109,
            46.8942357
          ],
          [
            7.045242,
            46.8942361
          ],
          [
            7.0450893,
            46.894239
          ],
          [
            7.0444386,
            46.8942871
          ],
          [
            7.0439566,
            46.8943183
          ],
          [
            7.0435887,
            46.8943463
          ],
          [
            7.0433337,
            46.8943619
          ],
          [
            7.0432092,
            46.8943621
          ],
          [
            7.0430724,
            46.89435
          ],
          [
            7.0429238,
            46.8943169
          ],
          [
            7.0428106,
            46.8942776
          ],
          [
            7.0426506,
            46.8941974
          ],
          [
            7.0415859,
            46.893551
          ],
          [
            7.0404966,
            46.8928967
          ],
          [
            7.0403733,
            46.8928241
          ],
          [
            7.0401987,
            46.8927256
          ]
        ]
      },
      "id": "way/301553452"
    },
    {
      "type": "Feature",
      "properties": {
        "@id": "way/301553453",
        "highway": "path"
      },
      "geometry": {
        "type": "LineString",
        "coordinates": [
          [
            7.0454617,
            46.8956742
          ],
          [
            7.0455003,
            46.8956752
          ]
        ]
      },
      "id": "way/301553453"
    },
    {
      "type": "Feature",
      "properties": {
        "@id": "way/301553454",
        "highway": "track",
        "tracktype": "grade1"
      },
      "geometry": {
        "type": "LineString",
        "coordinates": [
          [
            7.0404966,
            46.8928967
          ],
          [
            7.0404173,
            46.8929888
          ]
        ]
      },
      "id": "way/301553454"
    },
    {
      "type": "Feature",
      "properties": {
        "@id": "way/301553456",
        "highway": "track",
        "surface": "unpaved",
        "tracktype": "grade2"
      },
      "geometry": {
        "type": "LineString",
        "coordinates": [
          [
            7.0367061,
            46.8966623
          ],
          [
            7.0364116,
            46.8965243
          ],
          [
            7.034869,
            46.8981098
          ]
        ]
      },
      "id": "way/301553456"
    },
    {
      "type": "Feature",
      "properties": {
        "@id": "way/301553458",
        "bridge": "yes",
        "highway": "path",
        "layer": "1"
      },
      "geometry": {
        "type": "LineString",
        "coordinates": [
          [
            7.0455003,
            46.8956752
          ],
          [
            7.0456469,
            46.8956752
          ]
        ]
      },
      "id": "way/301553458"
    },
    {
      "type": "Feature",
      "properties": {
        "@id": "way/301553459",
        "bridge": "yes",
        "highway": "path",
        "layer": "1"
      },
      "geometry": {
        "type": "LineString",
        "coordinates": [
          [
            7.0457969,
            46.8982649
          ],
          [
            7.0459395,
            46.8982545
          ]
        ]
      },
      "id": "way/301553459"
    },
    {
      "type": "Feature",
      "properties": {
        "@id": "way/301553463",
        "highway": "track",
        "motorcar": "agricultural",
        "tracktype": "grade2"
      },
      "geometry": {
        "type": "LineString",
        "coordinates": [
          [
            7.0445806,
            46.9018204
          ],
          [
            7.0442063,
            46.9014776
          ],
          [
            7.0439841,
            46.9012871
          ],
          [
            7.0439324,
            46.9012193
          ],
          [
            7.0438989,
            46.9011279
          ],
          [
            7.0438967,
            46.9010228
          ],
          [
            7.0439212,
            46.9009299
          ],
          [
            7.0444718,
            46.9003496
          ],
          [
            7.0450269,
            46.8997114
          ],
          [
            7.0451451,
            46.8995042
          ],
          [
            7.0452498,
            46.8992484
          ],
          [
            7.0453234,
            46.8990564
          ],
          [
            7.0453278,
            46.8989544
          ],
          [
            7.0452855,
            46.8987686
          ],
          [
            7.045203,
            46.8983445
          ],
          [
            7.0449154,
            46.8968097
          ],
          [
            7.0448761,
            46.8965886
          ],
          [
            7.0447594,
            46.8962622
          ],
          [
            7.0444487,
            46.8955042
          ],
          [
            7.0439566,
            46.8943183
          ]
        ]
      },
      "id": "way/301553463"
    },
    {
      "type": "Feature",
      "properties": {
        "@id": "way/301553464",
        "highway": "track",
        "smoothness": "intermediate",
        "surface": "compacted",
        "tracktype": "grade3"
      },
      "geometry": {
        "type": "LineString",
        "coordinates": [
          [
            7.0416182,
            46.8914497
          ],
          [
            7.0404816,
            46.8927246
          ],
          [
            7.0403733,
            46.8928241
          ]
        ]
      },
      "id": "way/301553464"
    },
    {
      "type": "Feature",
      "properties": {
        "@id": "way/301553465",
        "highway": "service",
        "service": "parking_aisle"
      },
      "geometry": {
        "type": "LineString",
        "coordinates": [
          [
            7.0443522,
            46.9019509
          ],
          [
            7.0444023,
            46.9018973
          ],
          [
            7.0445806,
            46.9018204
          ]
        ]
      },
      "id": "way/301553465"
    },
    {
      "type": "Feature",
      "properties": {
        "@id": "way/301553466",
        "highway": "track",
        "smoothness": "intermediate",
        "surface": "compacted",
        "tracktype": "grade2"
      },
      "geometry": {
        "type": "LineString",
        "coordinates": [
          [
            7.0426451,
            46.88999
          ],
          [
            7.0425074,
            46.8900467
          ],
          [
            7.0423825,
            46.8901507
          ],
          [
            7.0422616,
            46.8902564
          ]
        ]
      },
      "id": "way/301553466"
    },
    {
      "type": "Feature",
      "properties": {
        "@id": "way/301553470",
        "highway": "service",
        "service": "parking_aisle"
      },
      "geometry": {
        "type": "LineString",
        "coordinates": [
          [
            7.0447122,
            46.9020686
          ],
          [
            7.0446189,
            46.9018946
          ],
          [
            7.0445806,
            46.9018204
          ]
        ]
      },
      "id": "way/301553470"
    },
    {
      "type": "Feature",
      "properties": {
        "@id": "way/301553472",
        "highway": "track",
        "surface": "compacted",
        "tracktype": "grade3"
      },
      "geometry": {
        "type": "LineString",
        "coordinates": [
          [
            7.0435887,
            46.8943463
          ],
          [
            7.0435634,
            46.8941978
          ],
          [
            7.0435489,
            46.8941518
          ],
          [
            7.0435287,
            46.8941112
          ],
          [
            7.043495,
            46.8940737
          ],
          [
            7.0434484,
            46.8940368
          ],
          [
            7.0433166,
            46.8939574
          ],
          [
            7.0431788,
            46.8938805
          ],
          [
            7.0431257,
            46.8938444
          ],
          [
            7.0430826,
            46.8937995
          ],
          [
            7.0430551,
            46.8937526
          ],
          [
            7.0430437,
            46.8937145
          ],
          [
            7.0430375,
            46.8936763
          ],
          [
            7.0430356,
            46.8936271
          ],
          [
            7.0430405,
            46.8935788
          ],
          [
            7.0430539,
            46.8935334
          ],
          [
            7.0430737,
            46.8934883
          ],
          [
            7.0431116,
            46.8934285
          ],
          [
            7.0431613,
            46.8933685
          ],
          [
            7.0432036,
            46.893331
          ],
          [
            7.043253,
            46.8932941
          ],
          [
            7.0433625,
            46.8932243
          ],
          [
            7.0433912,
            46.8932016
          ],
          [
            7.0434137,
            46.8931771
          ],
          [
            7.0434346,
            46.8931294
          ],
          [
            7.0434358,
            46.8930846
          ],
          [
            7.0434262,
            46.8930516
          ],
          [
            7.0434068,
            46.8930221
          ],
          [
            7.0433317,
            46.8929509
          ],
          [
            7.0426833,
            46.8924132
          ],
          [
            7.0421614,
            46.8919778
          ],
          [
            7.0420414,
            46.8918728
          ],
          [
            7.0419283,
            46.8917663
          ],
          [
            7.0418491,
            46.8916801
          ],
          [
            7.0417728,
            46.8915883
          ],
          [
            7.0416797,
            46.8915002
          ],
          [
            7.0416182,
            46.8914497
          ],
          [
            7.0415498,
            46.8913986
          ],
          [
            7.0413767,
            46.8912844
          ],
          [
            7.0413342,
            46.8912634
          ],
          [
            7.0412871,
            46.8912565
          ],
          [
            7.0412412,
            46.8912651
          ],
          [
            7.0411911,
            46.8912978
          ],
          [
            7.0410135,
            46.8915234
          ],
          [
            7.0406096,
            46.8920722
          ],
          [
            7.0404257,
            46.8923129
          ],
          [
            7.0404201,
            46.8923555
          ],
          [
            7.0404268,
            46.8923768
          ],
          [
            7.0404722,
            46.892411
          ]
        ]
      },
      "id": "way/301553472"
    },
    {
      "type": "Feature",
      "properties": {
        "@id": "way/301553473",
        "highway": "path"
      },
      "geometry": {
        "type": "LineString",
        "coordinates": [
          [
            7.045203,
            46.8983445
          ],
          [
            7.0453794,
            46.8983362
          ],
          [
            7.045481,
            46.8983123
          ],
          [
            7.0455741,
            46.8982802
          ],
          [
            7.045679,
            46.8982657
          ],
          [
            7.0457581,
            46.8982652
          ],
          [
            7.0457969,
            46.8982649
          ]
        ]
      },
      "id": "way/301553473"
    },
    {
      "type": "Feature",
      "properties": {
        "@id": "way/301553476",
        "highway": "path",
        "motor_vehicle": "no"
      },
      "geometry": {
        "type": "LineString",
        "coordinates": [
          [
            7.0445806,
            46.9018204
          ],
          [
            7.0446061,
            46.9017244
          ],
          [
            7.0446267,
            46.9016733
          ],
          [
            7.0446517,
            46.9015152
          ],
          [
            7.0447387,
            46.9012624
          ],
          [
            7.0447072,
            46.9010842
          ],
          [
            7.044728,
            46.9009782
          ],
          [
            7.0447949,
            46.9008928
          ],
          [
            7.0448447,
            46.9008006
          ],
          [
            7.0448715,
            46.9007177
          ],
          [
            7.0449076,
            46.900543
          ],
          [
            7.044992,
            46.9004487
          ],
          [
            7.0451087,
            46.9003268
          ],
          [
            7.0454591,
            46.8997319
          ],
          [
            7.0456408,
            46.8994942
          ],
          [
            7.0457416,
            46.8993466
          ],
          [
            7.0457952,
            46.899226
          ],
          [
            7.0458328,
            46.8991499
          ],
          [
            7.0458634,
            46.8990117
          ],
          [
            7.0458644,
            46.8988693
          ],
          [
            7.0458521,
            46.8987185
          ],
          [
            7.0457581,
            46.8982652
          ],
          [
            7.0456853,
            46.8979509
          ],
          [
            7.0456585,
            46.8978671
          ],
          [
            7.0456384,
            46.8977863
          ],
          [
            7.0456384,
            46.897701
          ],
          [
            7.045654,
            46.8976066
          ],
          [
            7.0457142,
            46.8975198
          ],
          [
            7.0457677,
            46.8974512
          ],
          [
            7.04579,
            46.8973857
          ],
          [
            7.0457744,
            46.8972959
          ],
          [
            7.045741,
            46.8971892
          ],
          [
            7.0457365,
            46.8971024
          ],
          [
            7.0457454,
            46.8970339
          ],
          [
            7.0457343,
            46.8969532
          ],
          [
            7.0456808,
            46.8968861
          ],
          [
            7.0456072,
            46.8968054
          ],
          [
            7.0455671,
            46.8967414
          ],
          [
            7.045576,
            46.8966653
          ],
          [
            7.0456318,
            46.8965754
          ],
          [
            7.0456986,
            46.8964825
          ],
          [
            7.0457232,
            46.8963941
          ],
          [
            7.0457142,
            46.8963134
          ],
          [
            7.0456451,
            46.8962235
          ],
          [
            7.0455318,
            46.8961253
          ],
          [
            7.0454772,
            46.8960689
          ],
          [
            7.0454549,
            46.8960186
          ],
          [
            7.0454504,
            46.8959219
          ],
          [
            7.0454617,
            46.8956742
          ],
          [
            7.0454798,
            46.8952788
          ],
          [
            7.0454908,
            46.8947909
          ],
          [
            7.0454959,
            46.8944671
          ],
          [
            7.0454893,
            46.8944053
          ],
          [
            7.045466,
            46.8942812
          ]
        ]
      },
      "id": "way/301553476"
    },
    {
      "type": "Feature",
      "properties": {
        "@id": "way/301553478",
        "highway": "track",
        "tracktype": "grade5"
      },
      "geometry": {
        "type": "LineString",
        "coordinates": [
          [
            7.0418119,
            46.8908306
          ],
          [
            7.0417802,
            46.8908154
          ],
          [
            7.0417538,
            46.890759
          ],
          [
            7.0417665,
            46.8907087
          ],
          [
            7.0419504,
            46.8905491
          ],
          [
            7.0420316,
            46.8904765
          ],
          [
            7.0421108,
            46.8904043
          ],
          [
            7.0421854,
            46.89033
          ],
          [
            7.0422616,
            46.8902564
          ]
        ]
      },
      "id": "way/301553478"
    },
    {
      "type": "Feature",
      "properties": {
        "@id": "way/301553479",
        "highway": "path"
      },
      "geometry": {
        "type": "LineString",
        "coordinates": [
          [
            7.0459395,
            46.8982545
          ],
          [
            7.0462058,
            46.8982322
          ],
          [
            7.0465466,
            46.8982387
          ],
          [
            7.0466806,
            46.898271
          ],
          [
            7.0469675,
            46.898355
          ],
          [
            7.0471574,
            46.8984348
          ]
        ]
      },
      "id": "way/301553479"
    },
    {
      "type": "Feature",
      "properties": {
        "@id": "way/301553480",
        "highway": "track",
        "surface": "asphalt",
        "tracktype": "grade1"
      },
      "geometry": {
        "type": "LineString",
        "coordinates": [
          [
            7.0429238,
            46.8943169
          ],
          [
            7.0428756,
            46.894397
          ],
          [
            7.0425392,
            46.894925
          ],
          [
            7.0420132,
            46.8957473
          ],
          [
            7.0413095,
            46.8968415
          ],
          [
            7.0403802,
            46.8983124
          ],
          [
            7.0392723,
            46.9000362
          ],
          [
            7.0387262,
            46.900897
          ]
        ]
      },
      "id": "way/301553480"
    },
    {
      "type": "Feature",
      "properties": {
        "@id": "way/301553481",
        "highway": "track",
        "surface": "unpaved",
        "tracktype": "grade2"
      },
      "geometry": {
        "type": "LineString",
        "coordinates": [
          [
            7.0366159,
            46.8967923
          ],
          [
            7.03687,
            46.8969005
          ],
          [
            7.0369369,
            46.8968974
          ],
          [
            7.0370216,
            46.8968639
          ],
          [
            7.0373441,
            46.8964986
          ],
          [
            7.0384427,
            46.8952449
          ],
          [
            7.0393188,
            46.8942423
          ],
          [
            7.0403087,
            46.8931196
          ],
          [
            7.0404173,
            46.8929888
          ]
        ]
      },
      "id": "way/301553481"
    },
    {
      "type": "Feature",
      "properties": {
        "@id": "way/301557546",
        "cycleway:both": "no",
        "highway": "residential",
        "lanes": "2",
        "lit": "yes",
        "maxspeed:type": "CH:urban",
        "name": "Avenue Général Guisan",
        "sidewalk": "no",
        "smoothness": "excellent",
        "surface": "asphalt"
      },
      "geometry": {
        "type": "LineString",
        "coordinates": [
          [
            7.0406304,
            46.8838261
          ],
          [
            7.0405625,
            46.8839034
          ],
          [
            7.0404884,
            46.8839449
          ],
          [
            7.0403974,
            46.8839755
          ],
          [
            7.0403106,
            46.8839854
          ],
          [
            7.0402752,
            46.8839978
          ]
        ]
      },
      "id": "way/301557546"
    },
    {
      "type": "Feature",
      "properties": {
        "@id": "way/301557547",
        "cycleway:both": "no",
        "highway": "residential",
        "lane_markings": "no",
        "lit": "yes",
        "maxspeed:type": "CH:urban",
        "name": "Avenue Général Guisan",
        "sidewalk": "right",
        "smoothness": "excellent",
        "surface": "asphalt"
      },
      "geometry": {
        "type": "LineString",
        "coordinates": [
          [
            7.0412441,
            46.8829388
          ],
          [
            7.0411795,
            46.8830296
          ],
          [
            7.041143,
            46.883081
          ],
          [
            7.0410236,
            46.8832487
          ],
          [
            7.0408315,
            46.8835187
          ],
          [
            7.0406304,
            46.8838261
          ],
          [
            7.0405976,
            46.8839251
          ],
          [
            7.0405906,
            46.8840216
          ],
          [
            7.0405895,
            46.8840743
          ],
          [
            7.0406077,
            46.8841249
          ],
          [
            7.0406006,
            46.8841837
          ]
        ]
      },
      "id": "way/301557547"
    },
    {
      "type": "Feature",
      "properties": {
        "@id": "way/301557548",
        "highway": "path",
        "lit": "yes",
        "name": "Promenade des 2000 ans",
        "old_name": "Chemin des Promenades",
        "surface": "asphalt",
        "vehicle": "no",
        "wheelchair": "yes",
        "width": "2"
      },
      "geometry": {
        "type": "LineString",
        "coordinates": [
          [
            7.0381443,
            46.8799535
          ],
          [
            7.0384637,
            46.8802004
          ],
          [
            7.0388593,
            46.8805052
          ],
          [
            7.038961,
            46.8805742
          ],
          [
            7.0393003,
            46.880774
          ],
          [
            7.0393426,
            46.8807964
          ],
          [
            7.0393825,
            46.8808271
          ]
        ]
      },
      "id": "way/301557548"
    },
    {
      "type": "Feature",
      "properties": {
        "@id": "way/301557549",
        "highway": "footway",
        "smoothness": "excellent",
        "source": "@3d4pi | mapillary.com",
        "surface": "asphalt"
      },
      "geometry": {
        "type": "LineString",
        "coordinates": [
          [
            7.041528,
            46.881427
          ],
          [
            7.0414893,
            46.8814074
          ],
          [
            7.0414719,
            46.8814149
          ]
        ]
      },
      "id": "way/301557549"
    },
    {
      "type": "Feature",
      "properties": {
        "@id": "way/301557550",
        "highway": "path"
      },
      "geometry": {
        "type": "LineString",
        "coordinates": [
          [
            7.0408315,
            46.8835187
          ],
          [
            7.041013,
            46.8834573
          ],
          [
            7.0412002,
            46.8834038
          ]
        ]
      },
      "id": "way/301557550"
    },
    {
      "type": "Feature",
      "properties": {
        "@id": "way/301557551",
        "highway": "service",
        "name": "Place du Château",
        "smoothness": "excellent",
        "surface": "asphalt"
      },
      "geometry": {
        "type": "LineString",
        "coordinates": [
          [
            7.0414822,
            46.8810121
          ],
          [
            7.0412582,
            46.8812535
          ],
          [
            7.0413081,
            46.881336
          ],
          [
            7.0413718,
            46.881363
          ]
        ]
      },
      "id": "way/301557551"
    },
    {
      "type": "Feature",
      "properties": {
        "@id": "way/301557552",
        "highway": "path",
        "surface": "grass"
      },
      "geometry": {
        "type": "LineString",
        "coordinates": [
          [
            7.0453786,
            46.8820424
          ],
          [
            7.0454867,
            46.8819164
          ],
          [
            7.0456088,
            46.8819161
          ],
          [
            7.0458939,
            46.8818219
          ],
          [
            7.0460143,
            46.8817862
          ],
          [
            7.0460765,
            46.8818575
          ],
          [
            7.04608,
            46.8819481
          ]
        ]
      },
      "id": "way/301557552"
    },
    {
      "type": "Feature",
      "properties": {
        "@id": "way/301563458",
        "cycleway:both": "no",
        "highway": "track",
        "incline": "0%",
        "lane_markings": "no",
        "moped": "agricultural",
        "motorcar": "agricultural",
        "motorcycle": "agricultural",
        "name": "Chemin des Conches",
        "smoothness": "excellent",
        "surface": "asphalt",
        "tracktype": "grade1"
      },
      "geometry": {
        "type": "LineString",
        "coordinates": [
          [
            7.0462695,
            46.8831192
          ],
          [
            7.0465306,
            46.8830172
          ],
          [
            7.0466095,
            46.8829764
          ],
          [
            7.0467491,
            46.8828979
          ],
          [
            7.0473142,
            46.8825795
          ],
          [
            7.0482954,
            46.8820266
          ],
          [
            7.048538,
            46.8818622
          ],
          [
            7.0487823,
            46.8816443
          ],
          [
            7.0489879,
            46.8814144
          ],
          [
            7.0491385,
            46.8812223
          ],
          [
            7.0491976,
            46.8811381
          ]
        ]
      },
      "id": "way/301563458"
    },
    {
      "type": "Feature",
      "properties": {
        "@id": "way/301563459",
        "cycleway:both": "no",
        "highway": "unclassified",
        "lane_markings": "no",
        "name": "Chemin du Selley",
        "smoothness": "excellent",
        "surface": "asphalt"
      },
      "geometry": {
        "type": "LineString",
        "coordinates": [
          [
            7.0489978,
            46.8809106
          ],
          [
            7.0491776,
            46.8810819
          ],
          [
            7.0491976,
            46.8811381
          ]
        ]
      },
      "id": "way/301563459"
    },
    {
      "type": "Feature",
      "properties": {
        "@id": "way/301563460",
        "highway": "unclassified",
        "lane_markings": "no",
        "name": "Chemin du Selley",
        "surface": "asphalt"
      },
      "geometry": {
        "type": "LineString",
        "coordinates": [
          [
            7.0460387,
            46.8795626
          ],
          [
            7.046169,
            46.8795599
          ],
          [
            7.0462972,
            46.8795764
          ],
          [
            7.0464242,
            46.8796091
          ],
          [
            7.0465545,
            46.8796551
          ],
          [
            7.0467366,
            46.879726
          ],
          [
            7.0471208,
            46.8798893
          ],
          [
            7.0472894,
            46.8799508
          ],
          [
            7.0474649,
            46.8800034
          ],
          [
            7.0479119,
            46.8801222
          ],
          [
            7.0479667,
            46.8801408
          ],
          [
            7.0480326,
            46.8801639
          ],
          [
            7.0482527,
            46.8802756
          ],
          [
            7.0486455,
            46.8805965
          ]
        ]
      },
      "id": "way/301563460"
    },
    {
      "type": "Feature",
      "properties": {
        "@id": "way/301563461",
        "highway": "track",
        "surface": "ground",
        "tracktype": "grade4"
      },
      "geometry": {
        "type": "LineString",
        "coordinates": [
          [
            7.0645263,
            46.8821413
          ],
          [
            7.0645635,
            46.8820543
          ]
        ]
      },
      "id": "way/301563461"
    },
    {
      "type": "Feature",
      "properties": {
        "@id": "way/301563464",
        "highway": "path",
        "surface": "grass"
      },
      "geometry": {
        "type": "LineString",
        "coordinates": [
          [
            7.0519165,
            46.884922
          ],
          [
            7.0511891,
            46.8853482
          ],
          [
            7.0498989,
            46.8860843
          ]
        ]
      },
      "id": "way/301563464"
    },
    {
      "type": "Feature",
      "properties": {
        "@id": "way/301563465",
        "highway": "service",
        "surface": "asphalt"
      },
      "geometry": {
        "type": "LineString",
        "coordinates": [
          [
            7.0624853,
            46.8818626
          ],
          [
            7.0625385,
            46.8822373
          ]
        ]
      },
      "id": "way/301563465"
    },
    {
      "type": "Feature",
      "properties": {
        "@id": "way/301563466",
        "highway": "track",
        "motor_vehicle": "agricultural",
        "surface": "compacted",
        "tracktype": "grade2"
      },
      "geometry": {
        "type": "LineString",
        "coordinates": [
          [
            7.0618063,
            46.8818692
          ],
          [
            7.0617493,
            46.8818837
          ],
          [
            7.0616857,
            46.8819205
          ],
          [
            7.0616613,
            46.8819773
          ],
          [
            7.0616694,
            46.8820775
          ],
          [
            7.0616776,
            46.8822735
          ],
          [
            7.0616548,
            46.8823203
          ],
          [
            7.0616092,
            46.8823626
          ],
          [
            7.0615472,
            46.8824005
          ],
          [
            7.0610519,
            46.8825597
          ],
          [
            7.0599249,
            46.8829221
          ],
          [
            7.059675,
            46.8830008
          ],
          [
            7.059587,
            46.8830186
          ],
          [
            7.0593556,
            46.8830475
          ],
          [
            7.0579119,
            46.8832213
          ],
          [
            7.0567436,
            46.8833616
          ],
          [
            7.0566475,
            46.8833705
          ],
          [
            7.0565627,
            46.8833494
          ],
          [
            7.0564959,
            46.883307
          ],
          [
            7.0562059,
            46.8830253
          ],
          [
            7.0559223,
            46.8827134
          ]
        ]
      },
      "id": "way/301563466"
    },
    {
      "type": "Feature",
      "properties": {
        "@id": "way/301563468",
        "highway": "track",
        "moped": "agricultural",
        "motorcar": "agricultural",
        "motorcycle": "agricultural",
        "smoothness": "good",
        "surface": "compacted",
        "tracktype": "grade2"
      },
      "geometry": {
        "type": "LineString",
        "coordinates": [
          [
            7.0535966,
            46.8834128
          ],
          [
            7.0524194,
            46.8843448
          ],
          [
            7.0518323,
            46.8848505
          ]
        ]
      },
      "id": "way/301563468"
    },
    {
      "type": "Feature",
      "properties": {
        "@id": "way/301563469",
        "highway": "track",
        "surface": "ground",
        "tracktype": "grade3"
      },
      "geometry": {
        "type": "LineString",
        "coordinates": [
          [
            7.061973,
            46.8840678
          ],
          [
            7.0620423,
            46.8840729
          ],
          [
            7.0621092,
            46.8840939
          ],
          [
            7.0629356,
            46.884511
          ],
          [
            7.0639693,
            46.8850235
          ],
          [
            7.0642125,
            46.8851713
          ],
          [
            7.0644755,
            46.8854604
          ],
          [
            7.0647048,
            46.8857586
          ],
          [
            7.0647016,
            46.8858522
          ],
          [
            7.0646666,
            46.8859066
          ],
          [
            7.0644437,
            46.886183
          ],
          [
            7.0643163,
            46.8865813
          ],
          [
            7.0642112,
            46.8868839
          ],
          [
            7.0642017,
            46.8870145
          ],
          [
            7.0642367,
            46.8871451
          ],
          [
            7.064294,
            46.8872343
          ],
          [
            7.0644118,
            46.887391
          ],
          [
            7.064552,
            46.8875608
          ],
          [
            7.0645679,
            46.8876457
          ],
          [
            7.0645297,
            46.887724
          ],
          [
            7.0644564,
            46.8877697
          ],
          [
            7.063466,
            46.8881441
          ],
          [
            7.0626858,
            46.8884371
          ],
          [
            7.0625665,
            46.8884948
          ],
          [
            7.0625192,
            46.8885402
          ],
          [
            7.0624989,
            46.8885779
          ],
          [
            7.0624933,
            46.8886234
          ],
          [
            7.0625068,
            46.8886911
          ],
          [
            7.0625237,
            46.8887495
          ],
          [
            7.0627791,
            46.8895955
          ],
          [
            7.0628656,
            46.8898989
          ],
          [
            7.0628564,
            46.8900135
          ]
        ]
      },
      "id": "way/301563469"
    },
    {
      "type": "Feature",
      "properties": {
        "@id": "way/301563470",
        "highway": "track",
        "surface": "concrete:lanes",
        "tracktype": "grade1"
      },
      "geometry": {
        "type": "LineString",
        "coordinates": [
          [
            7.0616863,
            46.8804956
          ],
          [
            7.0592702,
            46.8805226
          ],
          [
            7.0591652,
            46.8805241
          ],
          [
            7.0590602,
            46.8805349
          ],
          [
            7.059017,
            46.8805433
          ],
          [
            7.0589679,
            46.8805577
          ],
          [
            7.0589265,
            46.880576
          ],
          [
            7.0588793,
            46.8806035
          ],
          [
            7.0587669,
            46.8806833
          ],
          [
            7.0586849,
            46.8807371
          ],
          [
            7.058578,
            46.8807971
          ],
          [
            7.0584114,
            46.880879
          ],
          [
            7.0581683,
            46.8809771
          ],
          [
            7.0562694,
            46.881711
          ],
          [
            7.0561246,
            46.8818064
          ],
          [
            7.0560444,
            46.8819624
          ],
          [
            7.0560873,
            46.8825637
          ],
          [
            7.0560441,
            46.882646
          ],
          [
            7.0559223,
            46.8827134
          ],
          [
            7.0556632,
            46.8828074
          ],
          [
            7.0554486,
            46.8828477
          ],
          [
            7.0548907,
            46.8828624
          ],
          [
            7.0546064,
            46.8828184
          ],
          [
            7.0545045,
            46.8827707
          ],
          [
            7.0542631,
            46.8826424
          ],
          [
            7.0536945,
            46.8822794
          ],
          [
            7.052504,
            46.8814747
          ],
          [
            7.0523546,
            46.8813484
          ],
          [
            7.0522694,
            46.8813018
          ],
          [
            7.052146,
            46.8813183
          ],
          [
            7.0514841,
            46.8815653
          ],
          [
            7.0513577,
            46.8816216
          ]
        ]
      },
      "id": "way/301563470"
    },
    {
      "type": "Feature",
      "properties": {
        "@id": "way/301563471",
        "highway": "track",
        "surface": "ground",
        "tracktype": "grade3"
      },
      "geometry": {
        "type": "LineString",
        "coordinates": [
          [
            7.0539921,
            46.883703
          ],
          [
            7.0542853,
            46.8835564
          ],
          [
            7.054559,
            46.8834047
          ],
          [
            7.0548362,
            46.8832903
          ],
          [
            7.0548435,
            46.8832417
          ],
          [
            7.0545421,
            46.8829687
          ],
          [
            7.0544884,
            46.8828404
          ],
          [
            7.0545045,
            46.8827707
          ]
        ]
      },
      "id": "way/301563471"
    },
    {
      "type": "Feature",
      "properties": {
        "@id": "way/301563472",
        "agricultural": "yes",
        "highway": "track",
        "motor_vehicle": "no",
        "smoothness": "good",
        "surface": "compacted",
        "tracktype": "grade2"
      },
      "geometry": {
        "type": "LineString",
        "coordinates": [
          [
            7.0588657,
            46.8869966
          ],
          [
            7.0585903,
            46.8872622
          ],
          [
            7.0582667,
            46.8876354
          ],
          [
            7.0581779,
            46.8877266
          ],
          [
            7.0580993,
            46.887793
          ]
        ]
      },
      "id": "way/301563472"
    },
    {
      "type": "Feature",
      "properties": {
        "@id": "way/301563473",
        "highway": "track",
        "surface": "grass",
        "tracktype": "grade5"
      },
      "geometry": {
        "type": "LineString",
        "coordinates": [
          [
            7.0618496,
            46.8842312
          ],
          [
            7.0618422,
            46.8842145
          ],
          [
            7.0618354,
            46.8841387
          ],
          [
            7.0617957,
            46.883707
          ],
          [
            7.0617847,
            46.8833851
          ]
        ]
      },
      "id": "way/301563473"
    },
    {
      "type": "Feature",
      "properties": {
        "@id": "way/301563474",
        "highway": "track",
        "surface": "grass",
        "tracktype": "grade5"
      },
      "geometry": {
        "type": "LineString",
        "coordinates": [
          [
            7.0596362,
            46.8862018
          ],
          [
            7.0595497,
            46.8861425
          ],
          [
            7.0592862,
            46.8859321
          ],
          [
            7.0591322,
            46.8857952
          ]
        ]
      },
      "id": "way/301563474"
    },
    {
      "type": "Feature",
      "properties": {
        "@id": "way/301563475",
        "highway": "track",
        "motor_vehicle": "agricultural",
        "surface": "ground",
        "tracktype": "grade3"
      },
      "geometry": {
        "type": "LineString",
        "coordinates": [
          [
            7.0514707,
            46.8813825
          ],
          [
            7.051567,
            46.8813554
          ],
          [
            7.0517152,
            46.8813345
          ]
        ]
      },
      "id": "way/301563475"
    },
    {
      "type": "Feature",
      "properties": {
        "@id": "way/301563476",
        "highway": "service",
        "service": "driveway",
        "smoothness": "excellent",
        "surface": "asphalt"
      },
      "geometry": {
        "type": "LineString",
        "coordinates": [
          [
            7.0619777,
            46.8841971
          ],
          [
            7.0619773,
            46.8842307
          ],
          [
            7.0619494,
            46.8843022
          ],
          [
            7.0618787,
            46.8843695
          ],
          [
            7.0615747,
            46.8846138
          ],
          [
            7.0608702,
            46.8852403
          ],
          [
            7.059712,
            46.8862577
          ],
          [
            7.0590945,
            46.8867962
          ],
          [
            7.0590202,
            46.886861
          ]
        ]
      },
      "id": "way/301563476"
    },
    {
      "type": "Feature",
      "properties": {
        "@id": "way/301563477",
        "highway": "track",
        "surface": "dirt",
        "tracktype": "grade3"
      },
      "geometry": {
        "type": "LineString",
        "coordinates": [
          [
            7.0619777,
            46.8841971
          ],
          [
            7.0618904,
            46.8842168
          ],
          [
            7.0618496,
            46.8842312
          ],
          [
            7.0618149,
            46.8842447
          ],
          [
            7.0617687,
            46.8842838
          ],
          [
            7.0613814,
            46.8846297
          ],
          [
            7.0607212,
            46.8851983
          ],
          [
            7.0596362,
            46.8862018
          ],
          [
            7.059712,
            46.8862577
          ]
        ]
      },
      "id": "way/301563477"
    },
    {
      "type": "Feature",
      "properties": {
        "@id": "way/311528319",
        "highway": "track",
        "tracktype": "grade1"
      },
      "geometry": {
        "type": "LineString",
        "coordinates": [
          [
            7.025426,
            46.8730622
          ],
          [
            7.0241826,
            46.8741348
          ],
          [
            7.0228786,
            46.8752597
          ],
          [
            7.022198,
            46.8758526
          ],
          [
            7.0221842,
            46.8758724
          ],
          [
            7.0221781,
            46.8758916
          ],
          [
            7.0221778,
            46.8759087
          ],
          [
            7.0221852,
            46.8759245
          ],
          [
            7.0222027,
            46.8759437
          ],
          [
            7.0222253,
            46.8759566
          ],
          [
            7.0222641,
            46.8759754
          ],
          [
            7.0226962,
            46.8761426
          ],
          [
            7.0231061,
            46.8762854
          ],
          [
            7.0233861,
            46.8763681
          ],
          [
            7.0236137,
            46.876428
          ],
          [
            7.0245939,
            46.8766462
          ],
          [
            7.024763,
            46.8766793
          ],
          [
            7.0248534,
            46.8766899
          ],
          [
            7.0249408,
            46.8766925
          ],
          [
            7.0249994,
            46.8766914
          ],
          [
            7.0250718,
            46.8766804
          ],
          [
            7.0251403,
            46.8766661
          ],
          [
            7.0252095,
            46.8766429
          ],
          [
            7.0253837,
            46.8765696
          ],
          [
            7.0255737,
            46.8764923
          ],
          [
            7.0259877,
            46.8763582
          ],
          [
            7.0267622,
            46.8761317
          ],
          [
            7.0281212,
            46.8757657
          ],
          [
            7.0282382,
            46.8757263
          ],
          [
            7.0283862,
            46.8756624
          ],
          [
            7.0284595,
            46.875638
          ],
          [
            7.0285755,
            46.8756156
          ],
          [
            7.0288756,
            46.8755846
          ],
          [
            7.0293104,
            46.8755341
          ],
          [
            7.0295167,
            46.8755002
          ]
        ]
      },
      "id": "way/311528319"
    },
    {
      "type": "Feature",
      "properties": {
        "@id": "way/312405156",
        "highway": "track",
        "tracktype": "grade1"
      },
      "geometry": {
        "type": "LineString",
        "coordinates": [
          [
            7.028159,
            46.8896702
          ],
          [
            7.031834,
            46.8854554
          ],
          [
            7.0318664,
            46.8854114
          ],
          [
            7.0318757,
            46.8853864
          ],
          [
            7.031872,
            46.8853612
          ],
          [
            7.0318612,
            46.8853367
          ],
          [
            7.0318351,
            46.8853158
          ],
          [
            7.0310938,
            46.8849417
          ],
          [
            7.030805,
            46.8848029
          ],
          [
            7.0287266,
            46.8838672
          ],
          [
            7.0286335,
            46.8838273
          ],
          [
            7.0283093,
            46.8836985
          ],
          [
            7.0282586,
            46.8836754
          ],
          [
            7.0281659,
            46.8836339
          ]
        ]
      },
      "id": "way/312405156"
    },
    {
      "type": "Feature",
      "properties": {
        "@id": "way/332271277",
        "highway": "primary",
        "lanes": "2",
        "lit": "no",
        "maxspeed": "80",
        "name": "Route d'Avenches",
        "rcrc_ref": "601a",
        "ref": "1",
        "surface": "asphalt"
      },
      "geometry": {
        "type": "LineString",
        "coordinates": [
          [
            7.0600702,
            46.8951591
          ],
          [
            7.0603942,
            46.895387
          ],
          [
            7.0607269,
            46.8956308
          ],
          [
            7.0610366,
            46.8958799
          ],
          [
            7.0617453,
            46.896497
          ],
          [
            7.061918,
            46.8966444
          ],
          [
            7.0621222,
            46.8968108
          ],
          [
            7.0650779,
            46.8990603
          ],
          [
            7.0661407,
            46.8998755
          ],
          [
            7.0672178,
            46.9006927
          ],
          [
            7.0675192,
            46.9009088
          ],
          [
            7.067911,
            46.9011767
          ],
          [
            7.06813,
            46.9013167
          ],
          [
            7.0691161,
            46.9018782
          ],
          [
            7.0697659,
            46.9022152
          ],
          [
            7.0706796,
            46.9026472
          ],
          [
            7.071553,
            46.9029751
          ],
          [
            7.0726929,
            46.9033189
          ]
        ]
      },
      "id": "way/332271277"
    },
    {
      "type": "Feature",
      "properties": {
        "@id": "way/332271278",
        "bridge": "yes",
        "highway": "primary",
        "lanes": "2",
        "layer": "1",
        "lit": "no",
        "maxspeed": "80",
        "name": "Route d'Avenches",
        "rcrc_ref": "601a",
        "ref": "1",
        "surface": "asphalt"
      },
      "geometry": {
        "type": "LineString",
        "coordinates": [
          [
            7.0599753,
            46.8950919
          ],
          [
            7.0600702,
            46.8951591
          ]
        ]
      },
      "id": "way/332271278"
    },
    {
      "type": "Feature",
      "properties": {
        "@id": "way/332271279",
        "bicycle": "use_sidepath",
        "highway": "tertiary",
        "lanes": "2",
        "lit": "no",
        "maxspeed": "80",
        "name": "Route de Salavaux",
        "rcrc_ref": "505c",
        "smoothness": "excellent",
        "surface": "asphalt"
      },
      "geometry": {
        "type": "LineString",
        "coordinates": [
          [
            7.0564194,
            46.902254
          ],
          [
            7.0575561,
            46.9020669
          ],
          [
            7.0578239,
            46.9020292
          ],
          [
            7.0580929,
            46.9020047
          ],
          [
            7.0584984,
            46.9019883
          ],
          [
            7.0611687,
            46.901908
          ],
          [
            7.0615746,
            46.9018968
          ],
          [
            7.0617684,
            46.9018975
          ],
          [
            7.0619551,
            46.9019082
          ],
          [
            7.0620544,
            46.9019215
          ],
          [
            7.062138,
            46.9019408
          ],
          [
            7.0622182,
            46.9019582
          ],
          [
            7.0625334,
            46.9020648
          ],
          [
            7.0629769,
            46.9022269
          ],
          [
            7.0656811,
            46.9032251
          ]
        ]
      },
      "id": "way/332271279"
    },
    {
      "type": "Feature",
      "properties": {
        "@id": "way/332271280",
        "bridge": "yes",
        "cycleway:both": "no",
        "highway": "tertiary",
        "lanes": "2",
        "layer": "1",
        "lit": "no",
        "maxspeed": "80",
        "maxweight:signed": "no",
        "name": "Route de Salavaux",
        "reg_ref": "505c",
        "smoothness": "excellent",
        "surface": "asphalt",
        "unsigned": "maxweight"
      },
      "geometry": {
        "type": "LineString",
        "coordinates": [
          [
            7.0561425,
            46.9023018
          ],
          [
            7.0564194,
            46.902254
          ]
        ]
      },
      "id": "way/332271280"
    },
    {
      "type": "Feature",
      "properties": {
        "@id": "way/332371536",
        "highway": "residential"
      },
      "geometry": {
        "type": "LineString",
        "coordinates": [
          [
            7.0550038,
            46.8906634
          ],
          [
            7.0545454,
            46.8910089
          ],
          [
            7.0542889,
            46.8913229
          ],
          [
            7.0539945,
            46.8916955
          ]
        ]
      },
      "id": "way/332371536"
    },
    {
      "type": "Feature",
      "properties": {
        "@id": "way/332371543",
        "highway": "service",
        "service": "parking_aisle"
      },
      "geometry": {
        "type": "LineString",
        "coordinates": [
          [
            7.0475844,
            46.8919066
          ],
          [
            7.0474713,
            46.891819
          ],
          [
            7.0473021,
            46.8916807
          ],
          [
            7.0481914,
            46.8911921
          ],
          [
            7.0483291,
            46.8913157
          ]
        ]
      },
      "id": "way/332371543"
    },
    {
      "type": "Feature",
      "properties": {
        "@id": "way/332371544",
        "highway": "service",
        "service": "parking_aisle"
      },
      "geometry": {
        "type": "LineString",
        "coordinates": [
          [
            7.0473607,
            46.8918817
          ],
          [
            7.0474323,
            46.8918407
          ],
          [
            7.0474713,
            46.891819
          ],
          [
            7.0483291,
            46.8913157
          ],
          [
            7.0484607,
            46.8914242
          ],
          [
            7.0475844,
            46.8919066
          ]
        ]
      },
      "id": "way/332371544"
    },
    {
      "type": "Feature",
      "properties": {
        "@id": "way/333023142",
        "highway": "service",
        "surface": "asphalt"
      },
      "geometry": {
        "type": "LineString",
        "coordinates": [
          [
            7.0573303,
            46.8750744
          ],
          [
            7.0561842,
            46.8747186
          ],
          [
            7.0559493,
            46.8746221
          ],
          [
            7.0558414,
            46.8745156
          ],
          [
            7.0555607,
            46.8741675
          ],
          [
            7.0554073,
            46.8739801
          ],
          [
            7.0552393,
            46.8738371
          ],
          [
            7.0531681,
            46.8731886
          ],
          [
            7.0530381,
            46.8731479
          ],
          [
            7.0520891,
            46.8728503
          ]
        ]
      },
      "id": "way/333023142"
    },
    {
      "type": "Feature",
      "properties": {
        "@id": "way/333023146",
        "highway": "track",
        "tracktype": "grade2"
      },
      "geometry": {
        "type": "LineString",
        "coordinates": [
          [
            7.0592638,
            46.875355
          ],
          [
            7.0630531,
            46.8767755
          ]
        ]
      },
      "id": "way/333023146"
    },
    {
      "type": "Feature",
      "properties": {
        "@id": "way/333023151",
        "highway": "service",
        "service": "driveway"
      },
      "geometry": {
        "type": "LineString",
        "coordinates": [
          [
            7.0571949,
            46.8760243
          ],
          [
            7.0573522,
            46.876082
          ],
          [
            7.0575711,
            46.8761654
          ]
        ]
      },
      "id": "way/333023151"
    },
    {
      "type": "Feature",
      "properties": {
        "@id": "way/333023157",
        "highway": "service",
        "service": "parking_aisle",
        "smoothness": "excellent",
        "surface": "asphalt"
      },
      "geometry": {
        "type": "LineString",
        "coordinates": [
          [
            7.0578832,
            46.8755343
          ],
          [
            7.0580343,
            46.875385
          ],
          [
            7.0580479,
            46.8753702
          ]
        ]
      },
      "id": "way/333023157"
    },
    {
      "type": "Feature",
      "properties": {
        "@id": "way/333023159",
        "highway": "service",
        "surface": "pebblestone"
      },
      "geometry": {
        "type": "LineString",
        "coordinates": [
          [
            7.0567326,
            46.8768508
          ],
          [
            7.056884,
            46.8769168
          ],
          [
            7.0570773,
            46.8769775
          ]
        ]
      },
      "id": "way/333023159"
    },
    {
      "type": "Feature",
      "properties": {
        "@id": "way/333023161",
        "highway": "service"
      },
      "geometry": {
        "type": "LineString",
        "coordinates": [
          [
            7.0622559,
            46.8745173
          ],
          [
            7.0619427,
            46.8748432
          ],
          [
            7.0611023,
            46.8744951
          ],
          [
            7.0613517,
            46.8742194
          ]
        ]
      },
      "id": "way/333023161"
    },
    {
      "type": "Feature",
      "properties": {
        "@id": "way/333023165",
        "highway": "service",
        "surface": "pebblestone"
      },
      "geometry": {
        "type": "LineString",
        "coordinates": [
          [
            7.0579944,
            46.8769812
          ],
          [
            7.05822,
            46.8767105
          ],
          [
            7.058252,
            46.8766717
          ],
          [
            7.0583608,
            46.8766678
          ],
          [
            7.0584351,
            46.8766572
          ],
          [
            7.0584651,
            46.8766475
          ],
          [
            7.0584877,
            46.8766335
          ],
          [
            7.0585054,
            46.8766179
          ],
          [
            7.0585872,
            46.8765167
          ],
          [
            7.0585958,
            46.8764912
          ],
          [
            7.0585925,
            46.8764747
          ],
          [
            7.0585756,
            46.8764329
          ],
          [
            7.0585756,
            46.8764164
          ],
          [
            7.0585829,
            46.8763999
          ],
          [
            7.0586086,
            46.8763641
          ],
          [
            7.0587254,
            46.8762221
          ]
        ]
      },
      "id": "way/333023165"
    },
    {
      "type": "Feature",
      "properties": {
        "@id": "way/333023168",
        "highway": "footway",
        "surface": "grass"
      },
      "geometry": {
        "type": "LineString",
        "coordinates": [
          [
            7.0573522,
            46.876082
          ],
          [
            7.0573631,
            46.8760545
          ],
          [
            7.0570227,
            46.8759023
          ],
          [
            7.057152,
            46.8757124
          ],
          [
            7.0569587,
            46.8756547
          ],
          [
            7.0568901,
            46.8756841
          ]
        ]
      },
      "id": "way/333023168"
    },
    {
      "type": "Feature",
      "properties": {
        "@id": "way/333038506",
        "highway": "service",
        "service": "parking_aisle"
      },
      "geometry": {
        "type": "LineString",
        "coordinates": [
          [
            7.0391429,
            46.8773331
          ],
          [
            7.0392667,
            46.8771132
          ]
        ]
      },
      "id": "way/333038506"
    },
    {
      "type": "Feature",
      "properties": {
        "@id": "way/333038507",
        "highway": "service",
        "service": "driveway"
      },
      "geometry": {
        "type": "LineString",
        "coordinates": [
          [
            7.0451021,
            46.8799844
          ],
          [
            7.0454436,
            46.8802108
          ]
        ]
      },
      "id": "way/333038507"
    },
    {
      "type": "Feature",
      "properties": {
        "@id": "way/333038509",
        "highway": "service",
        "service": "parking_aisle"
      },
      "geometry": {
        "type": "LineString",
        "coordinates": [
          [
            7.0393601,
            46.8773846
          ],
          [
            7.0391874,
            46.8773447
          ],
          [
            7.0391429,
            46.8773331
          ],
          [
            7.0390823,
            46.8773175
          ],
          [
            7.0389541,
            46.8775304
          ]
        ]
      },
      "id": "way/333038509"
    },
    {
      "type": "Feature",
      "properties": {
        "@id": "way/333038511",
        "highway": "track",
        "tracktype": "grade1"
      },
      "geometry": {
        "type": "LineString",
        "coordinates": [
          [
            7.0436183,
            46.8775805
          ],
          [
            7.0438484,
            46.8775993
          ],
          [
            7.0445106,
            46.8777041
          ],
          [
            7.0445874,
            46.8777115
          ],
          [
            7.0446525,
            46.8777135
          ],
          [
            7.044699,
            46.877711
          ],
          [
            7.0447392,
            46.8777059
          ],
          [
            7.0447926,
            46.8776946
          ],
          [
            7.0448483,
            46.8776741
          ],
          [
            7.0448885,
            46.8776517
          ],
          [
            7.0449226,
            46.8776267
          ],
          [
            7.0449534,
            46.8775986
          ],
          [
            7.0452309,
            46.8773292
          ],
          [
            7.045267,
            46.8772997
          ],
          [
            7.0452969,
            46.8772799
          ],
          [
            7.0453265,
            46.8772669
          ],
          [
            7.0453608,
            46.8772569
          ],
          [
            7.04539,
            46.8772514
          ],
          [
            7.0454198,
            46.8772474
          ],
          [
            7.0454563,
            46.8772461
          ],
          [
            7.0454965,
            46.8772479
          ],
          [
            7.0455268,
            46.8772536
          ],
          [
            7.0455596,
            46.8772619
          ]
        ]
      },
      "id": "way/333038511"
    },
    {
      "type": "Feature",
      "properties": {
        "@id": "way/333211780",
        "highway": "service",
        "name": "Chemin Derrière la Tour",
        "service": "driveway"
      },
      "geometry": {
        "type": "LineString",
        "coordinates": [
          [
            7.0438433,
            46.8832026
          ],
          [
            7.0440692,
            46.8830417
          ]
        ]
      },
      "id": "way/333211780"
    },
    {
      "type": "Feature",
      "properties": {
        "@id": "way/333211781",
        "highway": "service",
        "name": "Chemin Derrière la Tour",
        "service": "driveway"
      },
      "geometry": {
        "type": "LineString",
        "coordinates": [
          [
            7.043478,
            46.8830381
          ],
          [
            7.0437971,
            46.8827608
          ]
        ]
      },
      "id": "way/333211781"
    },
    {
      "type": "Feature",
      "properties": {
        "@id": "way/333211965",
        "highway": "service",
        "service": "driveway"
      },
      "geometry": {
        "type": "LineString",
        "coordinates": [
          [
            7.0419907,
            46.8831811
          ],
          [
            7.0422859,
            46.8828281
          ]
        ]
      },
      "id": "way/333211965"
    },
    {
      "type": "Feature",
      "properties": {
        "@id": "way/333211969",
        "highway": "service",
        "service": "driveway"
      },
      "geometry": {
        "type": "LineString",
        "coordinates": [
          [
            7.0417313,
            46.8830969
          ],
          [
            7.0419762,
            46.8827675
          ]
        ]
      },
      "id": "way/333211969"
    },
    {
      "type": "Feature",
      "properties": {
        "@id": "way/333211971",
        "highway": "service",
        "service": "driveway"
      },
      "geometry": {
        "type": "LineString",
        "coordinates": [
          [
            7.0440077,
            46.884794
          ],
          [
            7.0437455,
            46.8845537
          ]
        ]
      },
      "id": "way/333211971"
    },
    {
      "type": "Feature",
      "properties": {
        "@id": "way/333211974",
        "highway": "footway",
        "lit": "yes",
        "smoothness": "excellent",
        "surface": "asphalt"
      },
      "geometry": {
        "type": "LineString",
        "coordinates": [
          [
            7.0455979,
            46.8856532
          ],
          [
            7.0456407,
            46.8856277
          ],
          [
            7.0457463,
            46.885565
          ]
        ]
      },
      "id": "way/333211974"
    },
    {
      "type": "Feature",
      "properties": {
        "@id": "way/333211976",
        "highway": "service",
        "service": "driveway"
      },
      "geometry": {
        "type": "LineString",
        "coordinates": [
          [
            7.0420623,
            46.8832043
          ],
          [
            7.0423225,
            46.8829013
          ],
          [
            7.0425125,
            46.8829059
          ]
        ]
      },
      "id": "way/333211976"
    },
    {
      "type": "Feature",
      "properties": {
        "@id": "way/333211978",
        "highway": "service",
        "service": "driveway"
      },
      "geometry": {
        "type": "LineString",
        "coordinates": [
          [
            7.0458707,
            46.8851381
          ],
          [
            7.0459137,
            46.8852262
          ],
          [
            7.0460491,
            46.8853371
          ]
        ]
      },
      "id": "way/333211978"
    },
    {
      "type": "Feature",
      "properties": {
        "@id": "way/333211982",
        "highway": "service",
        "service": "driveway"
      },
      "geometry": {
        "type": "LineString",
        "coordinates": [
          [
            7.0442108,
            46.8811087
          ],
          [
            7.0440756,
            46.8809478
          ],
          [
            7.0441713,
            46.88082
          ],
          [
            7.044684,
            46.8805694
          ]
        ]
      },
      "id": "way/333211982"
    },
    {
      "type": "Feature",
      "properties": {
        "@id": "way/333211984",
        "highway": "service",
        "lanes": "1",
        "oneway": "yes",
        "service": "parking_aisle",
        "smoothness": "excellent",
        "surface": "asphalt"
      },
      "geometry": {
        "type": "LineString",
        "coordinates": [
          [
            7.0458873,
            46.8858789
          ],
          [
            7.0456059,
            46.8860458
          ],
          [
            7.0455446,
            46.8860803
          ],
          [
            7.0453354,
            46.8861901
          ],
          [
            7.0451845,
            46.8860762
          ]
        ]
      },
      "id": "way/333211984"
    },
    {
      "type": "Feature",
      "properties": {
        "@id": "way/333211988",
        "highway": "service",
        "service": "driveway"
      },
      "geometry": {
        "type": "LineString",
        "coordinates": [
          [
            7.0454293,
            46.8853223
          ],
          [
            7.0457117,
            46.8851506
          ],
          [
            7.0457826,
            46.8851315
          ],
          [
            7.0458707,
            46.8851381
          ],
          [
            7.0460308,
            46.8851499
          ]
        ]
      },
      "id": "way/333211988"
    },
    {
      "type": "Feature",
      "properties": {
        "@id": "way/333211991",
        "highway": "service",
        "lanes": "1",
        "oneway": "yes",
        "service": "parking_aisle",
        "surface": "asphalt"
      },
      "geometry": {
        "type": "LineString",
        "coordinates": [
          [
            7.0456929,
            46.8857277
          ],
          [
            7.0457265,
            46.8857537
          ],
          [
            7.0454448,
            46.8859213
          ],
          [
            7.0451845,
            46.8860762
          ],
          [
            7.0450277,
            46.885958
          ],
          [
            7.0451657,
            46.8858719
          ],
          [
            7.0453414,
            46.8857622
          ],
          [
            7.0455603,
            46.8856252
          ],
          [
            7.0455979,
            46.8856532
          ],
          [
            7.0456492,
            46.8856935
          ],
          [
            7.0456929,
            46.8857277
          ]
        ]
      },
      "id": "way/333211991"
    },
    {
      "type": "Feature",
      "properties": {
        "@id": "way/333211995",
        "highway": "service",
        "lanes": "1",
        "oneway": "yes",
        "service": "parking_aisle",
        "smoothness": "excellent",
        "surface": "asphalt"
      },
      "geometry": {
        "type": "LineString",
        "coordinates": [
          [
            7.0457265,
            46.8857537
          ],
          [
            7.0458873,
            46.8858789
          ],
          [
            7.0460428,
            46.8859983
          ],
          [
            7.0456959,
            46.8862002
          ],
          [
            7.0455767,
            46.886106
          ],
          [
            7.0455709,
            46.8861014
          ],
          [
            7.0455446,
            46.8860803
          ]
        ]
      },
      "id": "way/333211995"
    },
    {
      "type": "Feature",
      "properties": {
        "@id": "way/333212002",
        "highway": "service"
      },
      "geometry": {
        "type": "LineString",
        "coordinates": [
          [
            7.0433845,
            46.8847584
          ],
          [
            7.0437327,
            46.8850531
          ],
          [
            7.0437297,
            46.8851465
          ],
          [
            7.0433711,
            46.8853895
          ],
          [
            7.0434076,
            46.8854539
          ],
          [
            7.0438649,
            46.8858423
          ],
          [
            7.0439059,
            46.8859212
          ],
          [
            7.0437003,
            46.8862717
          ]
        ]
      },
      "id": "way/333212002"
    },
    {
      "type": "Feature",
      "properties": {
        "@id": "way/333226303",
        "highway": "service",
        "service": "driveway"
      },
      "geometry": {
        "type": "LineString",
        "coordinates": [
          [
            7.0406456,
            46.8832524
          ],
          [
            7.0406864,
            46.8831487
          ],
          [
            7.0406872,
            46.8831187
          ],
          [
            7.0406705,
            46.8830867
          ],
          [
            7.040528,
            46.8829981
          ]
        ]
      },
      "id": "way/333226303"
    },
    {
      "type": "Feature",
      "properties": {
        "@id": "way/333226304",
        "highway": "service",
        "service": "driveway"
      },
      "geometry": {
        "type": "LineString",
        "coordinates": [
          [
            7.040528,
            46.8829981
          ],
          [
            7.0405787,
            46.8829728
          ],
          [
            7.0406451,
            46.8829747
          ],
          [
            7.0406991,
            46.8829634
          ],
          [
            7.0408289,
            46.8828276
          ]
        ]
      },
      "id": "way/333226304"
    },
    {
      "type": "Feature",
      "properties": {
        "@id": "way/333226305",
        "highway": "track",
        "name": "Chemin Derrière-les-Murs",
        "tracktype": "grade2"
      },
      "geometry": {
        "type": "LineString",
        "coordinates": [
          [
            7.0431013,
            46.8873457
          ],
          [
            7.041972,
            46.8863555
          ],
          [
            7.0416429,
            46.8860635
          ],
          [
            7.0412531,
            46.8857317
          ],
          [
            7.0407932,
            46.8853137
          ],
          [
            7.0406578,
            46.8852243
          ],
          [
            7.0406086,
            46.8852225
          ]
        ]
      },
      "id": "way/333226305"
    },
    {
      "type": "Feature",
      "properties": {
        "@id": "way/333226306",
        "highway": "service",
        "service": "driveway"
      },
      "geometry": {
        "type": "LineString",
        "coordinates": [
          [
            7.040528,
            46.8829981
          ],
          [
            7.0400715,
            46.8827676
          ]
        ]
      },
      "id": "way/333226306"
    },
    {
      "type": "Feature",
      "properties": {
        "@id": "way/333226398",
        "highway": "footway",
        "surface": "asphalt",
        "wheelchair": "yes",
        "width": "4"
      },
      "geometry": {
        "type": "LineString",
        "coordinates": [
          [
            7.0413944,
            46.881426
          ],
          [
            7.0413382,
            46.8814002
          ],
          [
            7.0413718,
            46.881363
          ]
        ]
      },
      "id": "way/333226398"
    },
    {
      "type": "Feature",
      "properties": {
        "@id": "way/333226399",
        "bicycle": "no",
        "covered": "yes",
        "foot": "yes",
        "highway": "footway",
        "horse": "no",
        "layer": "-1",
        "motor_vehicle": "no",
        "source": "@3d4pi | mapillary.com",
        "surface": "asphalt",
        "tunnel": "building_passage",
        "width": "2"
      },
      "geometry": {
        "type": "LineString",
        "coordinates": [
          [
            7.0414289,
            46.8814414
          ],
          [
            7.0413944,
            46.881426
          ]
        ]
      },
      "id": "way/333226399"
    },
    {
      "type": "Feature",
      "properties": {
        "@id": "way/333226400",
        "highway": "service",
        "noname": "yes",
        "oneway": "no",
        "surface": "asphalt"
      },
      "geometry": {
        "type": "LineString",
        "coordinates": [
          [
            7.0405238,
            46.8823133
          ],
          [
            7.0409241,
            46.8819929
          ]
        ]
      },
      "id": "way/333226400"
    },
    {
      "type": "Feature",
      "properties": {
        "@id": "way/333226403",
        "highway": "service",
        "oneway": "yes",
        "smoothness": "excellent",
        "surface": "asphalt"
      },
      "geometry": {
        "type": "LineString",
        "coordinates": [
          [
            7.0397014,
            46.886418
          ],
          [
            7.0399328,
            46.8862648
          ],
          [
            7.0402098,
            46.8864635
          ],
          [
            7.0400134,
            46.8866564
          ]
        ]
      },
      "id": "way/333226403"
    },
    {
      "type": "Feature",
      "properties": {
        "@id": "way/333226406",
        "highway": "service"
      },
      "geometry": {
        "type": "LineString",
        "coordinates": [
          [
            7.039746,
            46.8841892
          ],
          [
            7.0399549,
            46.8842047
          ],
          [
            7.0400503,
            46.8842596
          ],
          [
            7.040082,
            46.8843144
          ],
          [
            7.0399654,
            46.8844232
          ]
        ]
      },
      "id": "way/333226406"
    },
    {
      "type": "Feature",
      "properties": {
        "@id": "way/333226407",
        "highway": "service"
      },
      "geometry": {
        "type": "LineString",
        "coordinates": [
          [
            7.0392407,
            46.883826
          ],
          [
            7.0395583,
            46.8840351
          ],
          [
            7.039746,
            46.8841892
          ],
          [
            7.0398338,
            46.8843351
          ],
          [
            7.0399654,
            46.8844232
          ],
          [
            7.0400503,
            46.8844799
          ],
          [
            7.0402697,
            46.8846848
          ]
        ]
      },
      "id": "way/333226407"
    },
    {
      "type": "Feature",
      "properties": {
        "@id": "way/333238346",
        "highway": "service",
        "incline": "up",
        "lit": "automatic",
        "name": "Chemin de la Poste",
        "surface": "asphalt"
      },
      "geometry": {
        "type": "LineString",
        "coordinates": [
          [
            7.039089,
            46.8813996
          ],
          [
            7.0392713,
            46.8812571
          ],
          [
            7.0392884,
            46.8812165
          ],
          [
            7.0392422,
            46.8811093
          ],
          [
            7.0392422,
            46.8810124
          ],
          [
            7.0392783,
            46.8809497
          ],
          [
            7.0393374,
            46.8808903
          ],
          [
            7.0393825,
            46.8808271
          ]
        ]
      },
      "id": "way/333238346"
    },
    {
      "type": "Feature",
      "properties": {
        "@id": "way/333238437",
        "highway": "residential",
        "lane_markings": "no",
        "lit": "yes",
        "name": "Ruelle des Arvoz",
        "sidewalk": "no",
        "smoothness": "excellent",
        "surface": "paving_stones",
        "width": "5"
      },
      "geometry": {
        "type": "LineString",
        "coordinates": [
          [
            7.0406983,
            46.8799262
          ],
          [
            7.0406428,
            46.8799735
          ]
        ]
      },
      "id": "way/333238437"
    },
    {
      "type": "Feature",
      "properties": {
        "@id": "way/333238438",
        "cycleway:both": "no",
        "highway": "residential",
        "layer": "-1",
        "lit": "yes",
        "name": "Ruelle des Arvoz",
        "oneway": "no",
        "sidewalk": "no",
        "smoothness": "good",
        "surface": "sett",
        "tunnel": "building_passage",
        "width": "5"
      },
      "geometry": {
        "type": "LineString",
        "coordinates": [
          [
            7.040798,
            46.8798414
          ],
          [
            7.0406983,
            46.8799262
          ]
        ]
      },
      "id": "way/333238438"
    },
    {
      "type": "Feature",
      "properties": {
        "@id": "way/333261354",
        "cycleway:both": "no",
        "highway": "residential",
        "lane_markings": "no",
        "name": "Rue de la Poste",
        "sidewalk": "right",
        "smoothness": "excellent",
        "surface": "asphalt"
      },
      "geometry": {
        "type": "LineString",
        "coordinates": [
          [
            7.038558,
            46.8817879
          ],
          [
            7.039089,
            46.8813996
          ]
        ]
      },
      "id": "way/333261354"
    },
    {
      "type": "Feature",
      "properties": {
        "@id": "way/333261630",
        "highway": "service",
        "name": "Impasse de Saint-Antoine",
        "service": "parking_aisle"
      },
      "geometry": {
        "type": "LineString",
        "coordinates": [
          [
            7.0365718,
            46.8786697
          ],
          [
            7.0369349,
            46.8788053
          ],
          [
            7.037469,
            46.8789373
          ]
        ]
      },
      "id": "way/333261630"
    },
    {
      "type": "Feature",
      "properties": {
        "@id": "way/333261634",
        "highway": "service",
        "oneway": "yes",
        "service": "parking_aisle",
        "smoothness": "excellent",
        "surface": "asphalt"
      },
      "geometry": {
        "type": "LineString",
        "coordinates": [
          [
            7.0386857,
            46.8787979
          ],
          [
            7.0386474,
            46.8788038
          ],
          [
            7.0385284,
            46.8787695
          ],
          [
            7.0384604,
            46.8787827
          ],
          [
            7.0383735,
            46.8788729
          ],
          [
            7.0383232,
            46.878944
          ],
          [
            7.0383242,
            46.878986
          ],
          [
            7.0383465,
            46.8790224
          ],
          [
            7.0384027,
            46.8790459
          ],
          [
            7.0384514,
            46.8790336
          ]
        ]
      },
      "id": "way/333261634"
    },
    {
      "type": "Feature",
      "properties": {
        "@id": "way/333261636",
        "highway": "service",
        "name": "Route de Villars-le-Grand",
        "service": "driveway"
      },
      "geometry": {
        "type": "LineString",
        "coordinates": [
          [
            7.0327893,
            46.8782267
          ],
          [
            7.032905,
            46.8780673
          ],
          [
            7.0332407,
            46.8776542
          ]
        ]
      },
      "id": "way/333261636"
    },
    {
      "type": "Feature",
      "properties": {
        "@id": "way/333261638",
        "highway": "service",
        "name": "Route de Villars-le-Grand",
        "service": "driveway"
      },
      "geometry": {
        "type": "LineString",
        "coordinates": [
          [
            7.0334913,
            46.8782884
          ],
          [
            7.0334454,
            46.8782671
          ],
          [
            7.0332584,
            46.8781976
          ],
          [
            7.032905,
            46.8780673
          ]
        ]
      },
      "id": "way/333261638"
    },
    {
      "type": "Feature",
      "properties": {
        "@id": "way/333261640",
        "highway": "residential",
        "lit": "yes",
        "maxspeed": "30",
        "maxspeed:type": "CH:zone30",
        "name": "Route de la Guérite",
        "sidewalk": "right",
        "smoothness": "excellent",
        "surface": "asphalt"
      },
      "geometry": {
        "type": "LineString",
        "coordinates": [
          [
            7.0328443,
            46.8792072
          ],
          [
            7.0328788,
            46.8792612
          ],
          [
            7.0329417,
            46.8793142
          ],
          [
            7.0331406,
            46.8794528
          ],
          [
            7.0333593,
            46.879587
          ],
          [
            7.0337603,
            46.8798629
          ],
          [
            7.034403,
            46.8802919
          ],
          [
            7.0344749,
            46.8803359
          ],
          [
            7.0347832,
            46.8805273
          ],
          [
            7.035206,
            46.8808087
          ],
          [
            7.0353877,
            46.8809257
          ],
          [
            7.0364168,
            46.8815852
          ],
          [
            7.0364983,
            46.8816156
          ],
          [
            7.0366168,
            46.8816166
          ]
        ]
      },
      "id": "way/333261640"
    },
    {
      "type": "Feature",
      "properties": {
        "@id": "way/333261643",
        "highway": "track",
        "tracktype": "grade3"
      },
      "geometry": {
        "type": "LineString",
        "coordinates": [
          [
            7.0390441,
            46.8780119
          ],
          [
            7.0389079,
            46.8779796
          ],
          [
            7.0381702,
            46.8778886
          ],
          [
            7.0381089,
            46.8778654
          ],
          [
            7.0380476,
            46.877812
          ],
          [
            7.0379229,
            46.8777629
          ],
          [
            7.0377877,
            46.8777455
          ],
          [
            7.0376841,
            46.8777441
          ],
          [
            7.0376313,
            46.8777715
          ],
          [
            7.0375848,
            46.8778221
          ]
        ]
      },
      "id": "way/333261643"
    },
    {
      "type": "Feature",
      "properties": {
        "@id": "way/333261645",
        "highway": "service"
      },
      "geometry": {
        "type": "LineString",
        "coordinates": [
          [
            7.0255105,
            46.8864561
          ],
          [
            7.0255685,
            46.8864958
          ],
          [
            7.0256006,
            46.8865292
          ],
          [
            7.025686,
            46.8867068
          ],
          [
            7.0257362,
            46.88678
          ],
          [
            7.0259026,
            46.8869439
          ],
          [
            7.0259225,
            46.8869747
          ],
          [
            7.0259315,
            46.8870078
          ],
          [
            7.0259218,
            46.8870572
          ],
          [
            7.0258916,
            46.8871076
          ],
          [
            7.0257139,
            46.8872693
          ],
          [
            7.0256564,
            46.8873121
          ],
          [
            7.0255919,
            46.8873509
          ],
          [
            7.025377,
            46.8874338
          ],
          [
            7.0251888,
            46.8873452
          ],
          [
            7.0248424,
            46.8871783
          ]
        ]
      },
      "id": "way/333261645"
    },
    {
      "type": "Feature",
      "properties": {
        "@id": "way/333261647",
        "access": "no",
        "bicycle": "yes",
        "foot": "yes",
        "highway": "footway",
        "horse": "yes",
        "motor_vehicle": "no"
      },
      "geometry": {
        "type": "LineString",
        "coordinates": [
          [
            7.0388593,
            46.8805052
          ],
          [
            7.0383084,
            46.8809158
          ]
        ]
      },
      "id": "way/333261647"
    },
    {
      "type": "Feature",
      "properties": {
        "@id": "way/333261649",
        "highway": "footway"
      },
      "geometry": {
        "type": "LineString",
        "coordinates": [
          [
            7.0360599,
            46.8776803
          ],
          [
            7.0357993,
            46.8780028
          ]
        ]
      },
      "id": "way/333261649"
    },
    {
      "type": "Feature",
      "properties": {
        "@id": "way/333261650",
        "highway": "footway"
      },
      "geometry": {
        "type": "LineString",
        "coordinates": [
          [
            7.0351511,
            46.8792365
          ],
          [
            7.0351002,
            46.8793038
          ]
        ]
      },
      "id": "way/333261650"
    },
    {
      "type": "Feature",
      "properties": {
        "@id": "way/333261652",
        "highway": "footway"
      },
      "geometry": {
        "type": "LineString",
        "coordinates": [
          [
            7.0355238,
            46.8793317
          ],
          [
            7.0354633,
            46.8794306
          ]
        ]
      },
      "id": "way/333261652"
    },
    {
      "type": "Feature",
      "properties": {
        "@id": "way/333261653",
        "highway": "service",
        "service": "driveway"
      },
      "geometry": {
        "type": "LineString",
        "coordinates": [
          [
            7.040705,
            46.8785084
          ],
          [
            7.0409404,
            46.8782446
          ]
        ]
      },
      "id": "way/333261653"
    },
    {
      "type": "Feature",
      "properties": {
        "@id": "way/333261655",
        "highway": "service",
        "service": "parking_aisle"
      },
      "geometry": {
        "type": "LineString",
        "coordinates": [
          [
            7.0366032,
            46.8785119
          ],
          [
            7.0366838,
            46.8785392
          ],
          [
            7.0369424,
            46.8786267
          ]
        ]
      },
      "id": "way/333261655"
    },
    {
      "type": "Feature",
      "properties": {
        "@id": "way/333261657",
        "highway": "service",
        "service": "driveway"
      },
      "geometry": {
        "type": "LineString",
        "coordinates": [
          [
            7.0412858,
            46.878822
          ],
          [
            7.0412969,
            46.8787573
          ],
          [
            7.0415846,
            46.8784175
          ]
        ]
      },
      "id": "way/333261657"
    },
    {
      "type": "Feature",
      "properties": {
        "@id": "way/333261660",
        "highway": "service",
        "service": "driveway"
      },
      "geometry": {
        "type": "LineString",
        "coordinates": [
          [
            7.0336365,
            46.8781656
          ],
          [
            7.0336679,
            46.878186
          ],
          [
            7.0338731,
            46.8782912
          ],
          [
            7.0338885,
            46.8783083
          ],
          [
            7.0338904,
            46.8783225
          ],
          [
            7.0338838,
            46.8783389
          ],
          [
            7.0336531,
            46.8787036
          ]
        ]
      },
      "id": "way/333261660"
    },
    {
      "type": "Feature",
      "properties": {
        "@id": "way/333261662",
        "highway": "service",
        "service": "driveway"
      },
      "geometry": {
        "type": "LineString",
        "coordinates": [
          [
            7.0356363,
            46.8774367
          ],
          [
            7.0355895,
            46.8774891
          ],
          [
            7.0355564,
            46.87753
          ],
          [
            7.0354993,
            46.8777387
          ]
        ]
      },
      "id": "way/333261662"
    },
    {
      "type": "Feature",
      "properties": {
        "@id": "way/333261663",
        "highway": "service",
        "service": "driveway"
      },
      "geometry": {
        "type": "LineString",
        "coordinates": [
          [
            7.0347054,
            46.8780638
          ],
          [
            7.0349368,
            46.8780905
          ],
          [
            7.0350052,
            46.8778445
          ],
          [
            7.0351381,
            46.8774946
          ],
          [
            7.035205,
            46.8773586
          ],
          [
            7.0352386,
            46.8773133
          ]
        ]
      },
      "id": "way/333261663"
    },
    {
      "type": "Feature",
      "properties": {
        "@id": "way/333261665",
        "highway": "service",
        "service": "driveway"
      },
      "geometry": {
        "type": "LineString",
        "coordinates": [
          [
            7.0343927,
            46.8774999
          ],
          [
            7.0344285,
            46.8775187
          ],
          [
            7.0344698,
            46.8775403
          ],
          [
            7.0345225,
            46.877595
          ],
          [
            7.034558,
            46.8776981
          ],
          [
            7.034412,
            46.8781343
          ],
          [
            7.0345129,
            46.8781492
          ]
        ]
      },
      "id": "way/333261665"
    },
    {
      "type": "Feature",
      "properties": {
        "@id": "way/333261667",
        "highway": "service",
        "oneway": "yes"
      },
      "geometry": {
        "type": "LineString",
        "coordinates": [
          [
            7.0278639,
            46.8838166
          ],
          [
            7.0277494,
            46.8837674
          ],
          [
            7.0274886,
            46.8836593
          ],
          [
            7.0274496,
            46.8836341
          ],
          [
            7.0274393,
            46.8836055
          ],
          [
            7.0274429,
            46.8835775
          ],
          [
            7.0274632,
            46.8835498
          ],
          [
            7.0275523,
            46.8834495
          ],
          [
            7.0281659,
            46.8836339
          ]
        ]
      },
      "id": "way/333261667"
    },
    {
      "type": "Feature",
      "properties": {
        "@id": "way/333277900",
        "handrail": "yes",
        "highway": "steps",
        "incline": "down",
        "name": "Chemin des Marronniers",
        "step_count": "5",
        "tunnel": "building_passage"
      },
      "geometry": {
        "type": "LineString",
        "coordinates": [
          [
            7.0383419,
            46.8798687
          ],
          [
            7.0383388,
            46.87987
          ]
        ]
      },
      "id": "way/333277900"
    },
    {
      "type": "Feature",
      "properties": {
        "@id": "way/333277903",
        "highway": "footway",
        "lit": "no",
        "name": "Chemin des Marronniers",
        "oneway": "no",
        "surface": "concrete:plates",
        "width": "2"
      },
      "geometry": {
        "type": "LineString",
        "coordinates": [
          [
            7.0381443,
            46.8799535
          ],
          [
            7.0371501,
            46.8797302
          ],
          [
            7.0371293,
            46.8796749
          ]
        ]
      },
      "id": "way/333277903"
    },
    {
      "type": "Feature",
      "properties": {
        "@id": "way/335039476",
        "highway": "path",
        "layer": "-1",
        "tunnel": "yes"
      },
      "geometry": {
        "type": "LineString",
        "coordinates": [
          [
            7.0326669,
            46.8791993
          ],
          [
            7.0325983,
            46.8792474
          ]
        ]
      },
      "id": "way/335039476"
    },
    {
      "type": "Feature",
      "properties": {
        "@id": "way/335039477",
        "handrail": "yes",
        "highway": "steps",
        "incline": "down",
        "step_count": "31",
        "wheelchair": "limited"
      },
      "geometry": {
        "type": "LineString",
        "coordinates": [
          [
            7.0328027,
            46.8790856
          ],
          [
            7.0327754,
            46.8791395
          ],
          [
            7.0326898,
            46.8791973
          ],
          [
            7.0326769,
            46.8791927
          ]
        ]
      },
      "id": "way/335039477"
    },
    {
      "type": "Feature",
      "properties": {
        "@id": "way/335039478",
        "handrail": "yes",
        "highway": "steps",
        "incline": "up",
        "step_count": "28",
        "wheelchair": "limited"
      },
      "geometry": {
        "type": "LineString",
        "coordinates": [
          [
            7.0325939,
            46.8792504
          ],
          [
            7.0327813,
            46.8793668
          ]
        ]
      },
      "id": "way/335039478"
    },
    {
      "type": "Feature",
      "properties": {
        "@id": "way/335039479",
        "highway": "residential",
        "name": "Route de Berne",
        "oneway": "no"
      },
      "geometry": {
        "type": "LineString",
        "coordinates": [
          [
            7.0485588,
            46.8879646
          ],
          [
            7.0488747,
            46.887751
          ],
          [
            7.0492369,
            46.887523
          ],
          [
            7.0492513,
            46.8875043
          ],
          [
            7.0492531,
            46.8874848
          ],
          [
            7.0492418,
            46.8874642
          ],
          [
            7.0490952,
            46.8873516
          ],
          [
            7.0490554,
            46.887313
          ],
          [
            7.0490475,
            46.8872812
          ],
          [
            7.0490474,
            46.8872518
          ],
          [
            7.0490554,
            46.8872253
          ],
          [
            7.0490768,
            46.8871945
          ],
          [
            7.0492576,
            46.887073
          ],
          [
            7.0494144,
            46.8869676
          ]
        ]
      },
      "id": "way/335039479"
    },
    {
      "type": "Feature",
      "properties": {
        "@id": "way/335039480",
        "cycleway:both": "no",
        "highway": "service",
        "name": "Zone Industrielle Ouest",
        "oneway": "yes",
        "oneway:bicycle": "no",
        "smoothness": "excellent",
        "surface": "asphalt",
        "tracktype": "grade1"
      },
      "geometry": {
        "type": "LineString",
        "coordinates": [
          [
            7.0361469,
            46.8816276
          ],
          [
            7.0374331,
            46.8824869
          ],
          [
            7.0384483,
            46.8831625
          ],
          [
            7.0393056,
            46.8837536
          ]
        ]
      },
      "id": "way/335039480"
    },
    {
      "type": "Feature",
      "properties": {
        "@id": "way/352310221",
        "highway": "track"
      },
      "geometry": {
        "type": "LineString",
        "coordinates": [
          [
            7.0643589,
            46.8939706
          ],
          [
            7.0643761,
            46.8939062
          ],
          [
            7.0643804,
            46.89389
          ],
          [
            7.0643482,
            46.893813
          ],
          [
            7.063683,
            46.8930468
          ],
          [
            7.0636616,
            46.8929589
          ],
          [
            7.0638237,
            46.8925846
          ]
        ]
      },
      "id": "way/352310221"
    },
    {
      "type": "Feature",
      "properties": {
        "@id": "way/352310224",
        "highway": "track",
        "surface": "ground",
        "tracktype": "grade3"
      },
      "geometry": {
        "type": "LineString",
        "coordinates": [
          [
            7.0512558,
            46.8879594
          ],
          [
            7.0512221,
            46.8879589
          ],
          [
            7.0511658,
            46.8879497
          ],
          [
            7.0511156,
            46.8879354
          ],
          [
            7.0510737,
            46.8879072
          ],
          [
            7.0510488,
            46.8878782
          ],
          [
            7.051023,
            46.8878301
          ],
          [
            7.0510096,
            46.8877899
          ],
          [
            7.0509962,
            46.8877018
          ],
          [
            7.0509906,
            46.8876089
          ],
          [
            7.0509801,
            46.8875771
          ],
          [
            7.0509495,
            46.8875317
          ],
          [
            7.0508996,
            46.8874781
          ],
          [
            7.05039,
            46.8870639
          ],
          [
            7.0501494,
            46.8868406
          ]
        ]
      },
      "id": "way/352310224"
    },
    {
      "type": "Feature",
      "properties": {
        "@id": "way/356063750",
        "highway": "track"
      },
      "geometry": {
        "type": "LineString",
        "coordinates": [
          [
            7.0592649,
            46.8956479
          ],
          [
            7.0596251,
            46.8953078
          ],
          [
            7.0597465,
            46.8951993
          ],
          [
            7.0597729,
            46.8951641
          ],
          [
            7.0597845,
            46.895139
          ],
          [
            7.059783,
            46.895114
          ],
          [
            7.0597698,
            46.8950913
          ],
          [
            7.0597413,
            46.8950626
          ],
          [
            7.059,
            46.8945461
          ],
          [
            7.0584674,
            46.8942017
          ],
          [
            7.0584372,
            46.894179
          ],
          [
            7.0584142,
            46.8941515
          ],
          [
            7.0584057,
            46.8941214
          ],
          [
            7.0584196,
            46.8940859
          ],
          [
            7.0584586,
            46.8940357
          ]
        ]
      },
      "id": "way/356063750"
    },
    {
      "type": "Feature",
      "properties": {
        "@id": "way/356063751",
        "highway": "track",
        "tracktype": "grade4"
      },
      "geometry": {
        "type": "LineString",
        "coordinates": [
          [
            7.0617453,
            46.896497
          ],
          [
            7.061806,
            46.896449
          ],
          [
            7.0618221,
            46.8964179
          ],
          [
            7.061832,
            46.8963888
          ],
          [
            7.0618275,
            46.8963671
          ],
          [
            7.0617665,
            46.8962635
          ],
          [
            7.0617196,
            46.8961597
          ],
          [
            7.061666,
            46.8960079
          ],
          [
            7.0616587,
            46.8958635
          ],
          [
            7.061674,
            46.8958018
          ],
          [
            7.0616978,
            46.8957577
          ],
          [
            7.0617275,
            46.895726
          ],
          [
            7.0617722,
            46.8956996
          ],
          [
            7.0618349,
            46.8956775
          ],
          [
            7.0619528,
            46.8956534
          ],
          [
            7.0620163,
            46.8956318
          ],
          [
            7.0620496,
            46.8956117
          ],
          [
            7.0620756,
            46.8955803
          ],
          [
            7.062091,
            46.8955521
          ],
          [
            7.0620969,
            46.8955234
          ],
          [
            7.0620946,
            46.8954879
          ],
          [
            7.0620634,
            46.8953598
          ],
          [
            7.0620699,
            46.8952971
          ],
          [
            7.062085,
            46.8952577
          ],
          [
            7.0621286,
            46.895216
          ],
          [
            7.0621836,
            46.8951945
          ]
        ]
      },
      "id": "way/356063751"
    },
    {
      "type": "Feature",
      "properties": {
        "@id": "way/356063752",
        "highway": "track",
        "tracktype": "grade3"
      },
      "geometry": {
        "type": "LineString",
        "coordinates": [
          [
            7.0539861,
            46.889981
          ],
          [
            7.0540353,
            46.8900291
          ],
          [
            7.054332,
            46.8902429
          ],
          [
            7.0544723,
            46.8903403
          ]
        ]
      },
      "id": "way/356063752"
    },
    {
      "type": "Feature",
      "properties": {
        "@id": "way/356063753",
        "access": "agricultural",
        "highway": "track",
        "motor_vehicle": "agricultural",
        "tracktype": "grade5"
      },
      "geometry": {
        "type": "LineString",
        "coordinates": [
          [
            7.0540353,
            46.8900291
          ],
          [
            7.0533243,
            46.8903697
          ],
          [
            7.0524699,
            46.8907225
          ],
          [
            7.0523824,
            46.8907495
          ]
        ]
      },
      "id": "way/356063753"
    },
    {
      "type": "Feature",
      "properties": {
        "@id": "way/356063754",
        "access": "agricultural",
        "highway": "track",
        "tracktype": "grade4"
      },
      "geometry": {
        "type": "LineString",
        "coordinates": [
          [
            7.0540353,
            46.8900291
          ],
          [
            7.0551815,
            46.889514
          ],
          [
            7.0555673,
            46.8893471
          ],
          [
            7.0558019,
            46.8892641
          ],
          [
            7.0562182,
            46.8891198
          ]
        ]
      },
      "id": "way/356063754"
    },
    {
      "type": "Feature",
      "properties": {
        "@id": "way/356063755",
        "highway": "service"
      },
      "geometry": {
        "type": "LineString",
        "coordinates": [
          [
            7.055161,
            46.8907025
          ],
          [
            7.0552403,
            46.8908068
          ],
          [
            7.0552491,
            46.890851
          ],
          [
            7.0552286,
            46.8908982
          ],
          [
            7.0551434,
            46.8909744
          ]
        ]
      },
      "id": "way/356063755"
    },
    {
      "type": "Feature",
      "properties": {
        "@id": "way/356063758",
        "highway": "service"
      },
      "geometry": {
        "type": "LineString",
        "coordinates": [
          [
            7.0544723,
            46.8903403
          ],
          [
            7.0550038,
            46.8906634
          ],
          [
            7.055161,
            46.8907025
          ],
          [
            7.0552565,
            46.8907065
          ],
          [
            7.0553504,
            46.8906955
          ],
          [
            7.0554385,
            46.8906674
          ],
          [
            7.0555266,
            46.8906192
          ],
          [
            7.0555853,
            46.8905701
          ],
          [
            7.055625,
            46.8904928
          ]
        ]
      },
      "id": "way/356063758"
    },
    {
      "type": "Feature",
      "properties": {
        "@id": "way/363500302",
        "highway": "unclassified",
        "lit": "no",
        "maxspeed": "80"
      },
      "geometry": {
        "type": "LineString",
        "coordinates": [
          [
            7.03407,
            46.883902
          ],
          [
            7.0337253,
            46.8837676
          ],
          [
            7.0336015,
            46.8837178
          ],
          [
            7.0334805,
            46.8836659
          ],
          [
            7.0333863,
            46.8836217
          ],
          [
            7.0332949,
            46.883575
          ],
          [
            7.0331991,
            46.8835236
          ],
          [
            7.0331094,
            46.8834726
          ],
          [
            7.0330224,
            46.8834198
          ],
          [
            7.0325311,
            46.883097
          ],
          [
            7.0309394,
            46.8820613
          ],
          [
            7.0291441,
            46.8808886
          ],
          [
            7.0279638,
            46.8801163
          ],
          [
            7.0279,
            46.8800798
          ]
        ]
      },
      "id": "way/363500302"
    },
    {
      "type": "Feature",
      "properties": {
        "@id": "way/372579286",
        "highway": "primary",
        "lanes": "2",
        "lit": "no",
        "maxspeed": "80",
        "maxspeed:type": "CH:rural",
        "name": "Route de Domdidier",
        "rcrc_ref": "601a",
        "ref": "1",
        "surface": "asphalt"
      },
      "geometry": {
        "type": "LineString",
        "coordinates": [
          [
            7.0304355,
            46.8753867
          ],
          [
            7.0310685,
            46.875638
          ],
          [
            7.0315478,
            46.8758298
          ],
          [
            7.031587,
            46.8758455
          ],
          [
            7.0317982,
            46.87593
          ],
          [
            7.031835,
            46.8759413
          ]
        ]
      },
      "id": "way/372579286"
    },
    {
      "type": "Feature",
      "properties": {
        "@id": "way/374387237",
        "access": "agricultural",
        "bicycle": "yes",
        "foot": "yes",
        "highway": "track",
        "mofa": "no",
        "moped": "no",
        "motor_vehicle": "no",
        "motorcar": "no",
        "motorcycle": "no",
        "tracktype": "grade4",
        "wheelchair": "no"
      },
      "geometry": {
        "type": "LineString",
        "coordinates": [
          [
            7.0634118,
            46.8965019
          ],
          [
            7.0650898,
            46.8978526
          ],
          [
            7.0657237,
            46.8985736
          ],
          [
            7.0657679,
            46.8986094
          ],
          [
            7.0659159,
            46.8986778
          ],
          [
            7.0681746,
            46.9000818
          ],
          [
            7.068221,
            46.9001377
          ],
          [
            7.0682459,
            46.9001953
          ],
          [
            7.0682527,
            46.9002308
          ],
          [
            7.0682449,
            46.900356
          ],
          [
            7.0683691,
            46.9007576
          ],
          [
            7.0684247,
            46.9008964
          ],
          [
            7.0685011,
            46.9009915
          ],
          [
            7.0685969,
            46.9010711
          ],
          [
            7.0695654,
            46.9016904
          ],
          [
            7.0698926,
            46.9019194
          ],
          [
            7.0698309,
            46.9021265
          ],
          [
            7.0697659,
            46.9022152
          ]
        ]
      },
      "id": "way/374387237"
    },
    {
      "type": "Feature",
      "properties": {
        "@id": "way/374919237",
        "check_date:handrail": "2024-04-18",
        "handrail": "no",
        "highway": "steps",
        "incline": "down",
        "lit": "no",
        "ramp": "no",
        "step_count": "40",
        "surface": "concrete",
        "tactile_paving": "no"
      },
      "geometry": {
        "type": "LineString",
        "coordinates": [
          [
            7.0421048,
            46.8810782
          ],
          [
            7.0422885,
            46.8810423
          ]
        ]
      },
      "id": "way/374919237"
    },
    {
      "type": "Feature",
      "properties": {
        "@id": "way/374919238",
        "check_date:handrail": "2024-04-18",
        "handrail": "no",
        "highway": "steps",
        "incline": "down",
        "lit": "no",
        "ramp": "no",
        "source": "@3d4pi | mapillary.com",
        "step_count": "40",
        "surface": "concrete",
        "tactile_paving": "no",
        "width": "1"
      },
      "geometry": {
        "type": "LineString",
        "coordinates": [
          [
            7.0424324,
            46.8813051
          ],
          [
            7.0425032,
            46.8811791
          ]
        ]
      },
      "id": "way/374919238"
    },
    {
      "type": "Feature",
      "properties": {
        "@id": "way/374919239",
        "check_date:handrail": "2024-04-18",
        "handrail": "no",
        "highway": "steps",
        "incline": "down",
        "ramp": "no",
        "source": "@3d4pi | mapillary.com",
        "step_count": "13",
        "surface": "paving_stones",
        "tactile_paving": "no",
        "width": "1"
      },
      "geometry": {
        "type": "LineString",
        "coordinates": [
          [
            7.0420469,
            46.8809838
          ],
          [
            7.0420926,
            46.8809843
          ]
        ]
      },
      "id": "way/374919239"
    },
    {
      "type": "Feature",
      "properties": {
        "@id": "way/374919241",
        "handrail": "no",
        "highway": "steps",
        "incline": "up",
        "ramp": "no",
        "step_count": "34",
        "surface": "concrete",
        "tactile_paving": "no"
      },
      "geometry": {
        "type": "LineString",
        "coordinates": [
          [
            7.0429936,
            46.8809844
          ],
          [
            7.0431784,
            46.8809394
          ]
        ]
      },
      "id": "way/374919241"
    },
    {
      "type": "Feature",
      "properties": {
        "@id": "way/374919244",
        "highway": "footway",
        "lit": "no",
        "smoothness": "intermediate",
        "surface": "concrete"
      },
      "geometry": {
        "type": "LineString",
        "coordinates": [
          [
            7.0422784,
            46.8809931
          ],
          [
            7.0422816,
            46.8810206
          ],
          [
            7.0422885,
            46.8810423
          ],
          [
            7.0423196,
            46.8810959
          ],
          [
            7.0424018,
            46.8811404
          ],
          [
            7.0425032,
            46.8811791
          ],
          [
            7.0425896,
            46.8811934
          ],
          [
            7.0426905,
            46.8812037
          ],
          [
            7.0427683,
            46.8811975
          ],
          [
            7.0428459,
            46.8811826
          ],
          [
            7.0429104,
            46.8811526
          ]
        ]
      },
      "id": "way/374919244"
    },
    {
      "type": "Feature",
      "properties": {
        "@id": "way/374919245",
        "check_date:handrail": "2024-04-18",
        "handrail": "no",
        "highway": "steps",
        "incline": "down",
        "lit": "no",
        "ramp": "no",
        "source": "@3d4pi | mapillary.com",
        "step_count": "40",
        "surface": "paving_stones",
        "tactile_paving": "no",
        "width": "1"
      },
      "geometry": {
        "type": "LineString",
        "coordinates": [
          [
            7.0427062,
            46.8813419
          ],
          [
            7.0426905,
            46.8812037
          ]
        ]
      },
      "id": "way/374919245"
    },
    {
      "type": "Feature",
      "properties": {
        "@id": "way/374919246",
        "check_date:handrail": "2024-04-18",
        "handrail": "no",
        "highway": "steps",
        "incline": "down",
        "lit": "no",
        "ramp": "no",
        "source": "@3d4pi | mapillary.com",
        "step_count": "40",
        "surface": "concrete",
        "tactile_paving": "no",
        "width": "1"
      },
      "geometry": {
        "type": "LineString",
        "coordinates": [
          [
            7.0421761,
            46.8811708
          ],
          [
            7.0423196,
            46.8810959
          ]
        ]
      },
      "id": "way/374919246"
    },
    {
      "type": "Feature",
      "properties": {
        "@id": "way/374919247",
        "highway": "footway",
        "lit": "no",
        "smoothness": "good",
        "surface": "asphalt"
      },
      "geometry": {
        "type": "LineString",
        "coordinates": [
          [
            7.041904,
            46.880966
          ],
          [
            7.0419697,
            46.8809739
          ],
          [
            7.0420482,
            46.8809727
          ],
          [
            7.0420469,
            46.8809838
          ]
        ]
      },
      "id": "way/374919247"
    },
    {
      "type": "Feature",
      "properties": {
        "@id": "way/374919256",
        "highway": "footway",
        "lit": "no",
        "smoothness": "excellent",
        "source": "@3d4pi | mapillary.com",
        "surface": "asphalt"
      },
      "geometry": {
        "type": "LineString",
        "coordinates": [
          [
            7.0418032,
            46.8811625
          ],
          [
            7.0418989,
            46.8811952
          ],
          [
            7.0419463,
            46.881247
          ],
          [
            7.0420056,
            46.8812968
          ],
          [
            7.0420586,
            46.8813337
          ],
          [
            7.0421336,
            46.8813713
          ],
          [
            7.0421735,
            46.8813853
          ],
          [
            7.042263,
            46.8814177
          ],
          [
            7.0423552,
            46.8814401
          ],
          [
            7.0424359,
            46.8814524
          ],
          [
            7.0425377,
            46.8814612
          ],
          [
            7.042561,
            46.8814479
          ],
          [
            7.0425759,
            46.8814486
          ],
          [
            7.0427725,
            46.8814432
          ]
        ]
      },
      "id": "way/374919256"
    },
    {
      "type": "Feature",
      "properties": {
        "@id": "way/374919263",
        "highway": "footway",
        "layer": "-1",
        "lit": "no",
        "smoothness": "intermediate",
        "surface": "fine_gravel",
        "tunnel": "yes"
      },
      "geometry": {
        "type": "LineString",
        "coordinates": [
          [
            7.043048,
            46.8810901
          ],
          [
            7.0431477,
            46.8810986
          ]
        ]
      },
      "id": "way/374919263"
    },
    {
      "type": "Feature",
      "properties": {
        "@id": "way/374919264",
        "highway": "footway"
      },
      "geometry": {
        "type": "LineString",
        "coordinates": [
          [
            7.0432837,
            46.8811177
          ],
          [
            7.043834,
            46.8812119
          ]
        ]
      },
      "id": "way/374919264"
    },
    {
      "type": "Feature",
      "properties": {
        "@id": "way/374919265",
        "check_date:handrail": "2024-04-18",
        "handrail": "no",
        "highway": "steps",
        "incline": "down",
        "lit": "no",
        "ramp": "no",
        "source": "@3d4pi | mapillary.com",
        "step_count": "40",
        "surface": "concrete",
        "tactile_paving": "no",
        "width": "1"
      },
      "geometry": {
        "type": "LineString",
        "coordinates": [
          [
            7.0422924,
            46.8812501
          ],
          [
            7.0424018,
            46.8811404
          ]
        ]
      },
      "id": "way/374919265"
    },
    {
      "type": "Feature",
      "properties": {
        "@id": "way/374919267",
        "check_date:handrail": "2024-04-18",
        "handrail": "no",
        "highway": "steps",
        "incline": "up",
        "lit": "no",
        "ramp": "no",
        "source": "@3d4pi | mapillary.com",
        "step_count": "40",
        "surface": "paving_stones",
        "tactile_paving": "no",
        "width": "1"
      },
      "geometry": {
        "type": "LineString",
        "coordinates": [
          [
            7.0428459,
            46.8811826
          ],
          [
            7.042915,
            46.881306
          ]
        ]
      },
      "id": "way/374919267"
    },
    {
      "type": "Feature",
      "properties": {
        "@id": "way/374919268",
        "covered": "yes",
        "highway": "pedestrian",
        "layer": "-1",
        "tunnel": "building_passage"
      },
      "geometry": {
        "type": "LineString",
        "coordinates": [
          [
            7.0431477,
            46.8810986
          ],
          [
            7.0432837,
            46.8811177
          ]
        ]
      },
      "id": "way/374919268"
    },
    {
      "type": "Feature",
      "properties": {
        "@id": "way/374919270",
        "highway": "footway",
        "lit": "no",
        "smoothness": "intermediate",
        "source": "@3d4pi | mapillary.com",
        "surface": "concrete"
      },
      "geometry": {
        "type": "LineString",
        "coordinates": [
          [
            7.0422357,
            46.8807607
          ],
          [
            7.0421895,
            46.8807849
          ]
        ]
      },
      "id": "way/374919270"
    },
    {
      "type": "Feature",
      "properties": {
        "@id": "way/374920017",
        "highway": "footway",
        "lit": "no",
        "smoothness": "intermediate",
        "surface": "concrete"
      },
      "geometry": {
        "type": "LineString",
        "coordinates": [
          [
            7.0420295,
            46.8812459
          ],
          [
            7.0420822,
            46.881222
          ],
          [
            7.0421761,
            46.8811708
          ]
        ]
      },
      "id": "way/374920017"
    },
    {
      "type": "Feature",
      "properties": {
        "@id": "way/374920018",
        "highway": "footway",
        "lit": "no",
        "smoothness": "intermediate",
        "surface": "concrete"
      },
      "geometry": {
        "type": "LineString",
        "coordinates": [
          [
            7.0423772,
            46.8814107
          ],
          [
            7.0423873,
            46.8813875
          ],
          [
            7.0424324,
            46.8813051
          ]
        ]
      },
      "id": "way/374920018"
    },
    {
      "type": "Feature",
      "properties": {
        "@id": "way/374920019",
        "highway": "footway",
        "lit": "no",
        "smoothness": "intermediate",
        "surface": "concrete"
      },
      "geometry": {
        "type": "LineString",
        "coordinates": [
          [
            7.0421284,
            46.8807362
          ],
          [
            7.0421686,
            46.8807683
          ],
          [
            7.0421895,
            46.8807849
          ]
        ]
      },
      "id": "way/374920019"
    },
    {
      "type": "Feature",
      "properties": {
        "@id": "way/374920020",
        "highway": "path",
        "surface": "grass"
      },
      "geometry": {
        "type": "LineString",
        "coordinates": [
          [
            7.0482275,
            46.8799042
          ],
          [
            7.0491105,
            46.8807159
          ]
        ]
      },
      "id": "way/374920020"
    },
    {
      "type": "Feature",
      "properties": {
        "@id": "way/374920021",
        "highway": "footway",
        "lit": "no",
        "smoothness": "intermediate",
        "source": "@3d4pi | mapillary.com",
        "surface": "paving_stones",
        "width": "1"
      },
      "geometry": {
        "type": "LineString",
        "coordinates": [
          [
            7.0419381,
            46.8811091
          ],
          [
            7.0419915,
            46.8811029
          ],
          [
            7.0421048,
            46.8810782
          ]
        ]
      },
      "id": "way/374920021"
    },
    {
      "type": "Feature",
      "properties": {
        "@id": "way/374920022",
        "highway": "path",
        "surface": "grass"
      },
      "geometry": {
        "type": "LineString",
        "coordinates": [
          [
            7.0488917,
            46.8797965
          ],
          [
            7.049147,
            46.8798432
          ],
          [
            7.0493218,
            46.879961
          ],
          [
            7.0494411,
            46.8801118
          ],
          [
            7.0494768,
            46.8802746
          ],
          [
            7.0494588,
            46.880401
          ],
          [
            7.0493993,
            46.8805313
          ],
          [
            7.0492145,
            46.8806699
          ],
          [
            7.0491105,
            46.8807159
          ],
          [
            7.048994,
            46.8807596
          ],
          [
            7.0488857,
            46.880811
          ]
        ]
      },
      "id": "way/374920022"
    },
    {
      "type": "Feature",
      "properties": {
        "@id": "way/374920024",
        "highway": "footway",
        "lit": "no",
        "smoothness": "intermediate",
        "surface": "concrete"
      },
      "geometry": {
        "type": "LineString",
        "coordinates": [
          [
            7.0421835,
            46.8813451
          ],
          [
            7.0422129,
            46.8813193
          ],
          [
            7.0422924,
            46.8812501
          ]
        ]
      },
      "id": "way/374920024"
    },
    {
      "type": "Feature",
      "properties": {
        "@id": "way/374920025",
        "highway": "footway",
        "lit": "no",
        "smoothness": "intermediate",
        "source": "@3d4pi | mapillary.com",
        "surface": "fine_gravel"
      },
      "geometry": {
        "type": "LineString",
        "coordinates": [
          [
            7.0420802,
            46.8812793
          ],
          [
            7.0420896,
            46.8813025
          ]
        ]
      },
      "id": "way/374920025"
    },
    {
      "type": "Feature",
      "properties": {
        "@id": "way/376695051",
        "highway": "footway",
        "lit": "yes",
        "smoothness": "excellent",
        "surface": "asphalt"
      },
      "geometry": {
        "type": "LineString",
        "coordinates": [
          [
            7.0451323,
            46.8842838
          ],
          [
            7.0451784,
            46.8843289
          ],
          [
            7.045234,
            46.8843865
          ]
        ]
      },
      "id": "way/376695051"
    },
    {
      "type": "Feature",
      "properties": {
        "@id": "way/376695054",
        "highway": "track",
        "tracktype": "grade1"
      },
      "geometry": {
        "type": "LineString",
        "coordinates": [
          [
            7.0452447,
            46.8946524
          ],
          [
            7.0452487,
            46.8943338
          ],
          [
            7.045242,
            46.8942361
          ]
        ]
      },
      "id": "way/376695054"
    },
    {
      "type": "Feature",
      "properties": {
        "@id": "way/376695647",
        "highway": "service",
        "name": "Le Montauban",
        "service": "alley"
      },
      "geometry": {
        "type": "LineString",
        "coordinates": [
          [
            7.039879,
            46.8804442
          ],
          [
            7.0400112,
            46.8803252
          ],
          [
            7.0400328,
            46.8803058
          ]
        ]
      },
      "id": "way/376695647"
    },
    {
      "type": "Feature",
      "properties": {
        "@id": "way/382059949",
        "highway": "track",
        "tracktype": "grade4"
      },
      "geometry": {
        "type": "LineString",
        "coordinates": [
          [
            7.0229613,
            46.884634
          ],
          [
            7.0258507,
            46.88511
          ]
        ]
      },
      "id": "way/382059949"
    },
    {
      "type": "Feature",
      "properties": {
        "@id": "way/382059962",
        "highway": "motorway_link",
        "lanes": "1",
        "oneway": "yes",
        "surface": "asphalt"
      },
      "geometry": {
        "type": "LineString",
        "coordinates": [
          [
            7.0257103,
            46.881663
          ],
          [
            7.0257943,
            46.8816556
          ],
          [
            7.0258728,
            46.8816398
          ],
          [
            7.0259504,
            46.8816229
          ],
          [
            7.0260758,
            46.8815858
          ]
        ]
      },
      "id": "way/382059962"
    },
    {
      "type": "Feature",
      "properties": {
        "@id": "way/382059964",
        "highway": "motorway_link",
        "lanes": "1",
        "oneway": "yes",
        "surface": "asphalt"
      },
      "geometry": {
        "type": "LineString",
        "coordinates": [
          [
            7.0261234,
            46.8815429
          ],
          [
            7.0261185,
            46.881655
          ],
          [
            7.0261286,
            46.8817265
          ],
          [
            7.0261516,
            46.8817888
          ],
          [
            7.0261936,
            46.8818736
          ]
        ]
      },
      "id": "way/382059964"
    },
    {
      "type": "Feature",
      "properties": {
        "@id": "way/382065171",
        "cycleway:both": "no",
        "highway": "unclassified",
        "lane_markings": "no",
        "lanes": "2",
        "motor_vehicle": "agricultural;destination",
        "name": "Route de l'Estivage",
        "oneway": "no",
        "smoothness": "excellent",
        "surface": "asphalt"
      },
      "geometry": {
        "type": "LineString",
        "coordinates": [
          [
            7.0426451,
            46.88999
          ],
          [
            7.0419241,
            46.890795
          ]
        ]
      },
      "id": "way/382065171"
    },
    {
      "type": "Feature",
      "properties": {
        "@id": "way/382065172",
        "cycleway:both": "no",
        "highway": "unclassified",
        "lanes": "2",
        "name": "Route de la Plaine",
        "oneway": "no",
        "smoothness": "excellent",
        "surface": "asphalt"
      },
      "geometry": {
        "type": "LineString",
        "coordinates": [
          [
            7.0434438,
            46.8892791
          ],
          [
            7.0435238,
            46.889308
          ],
          [
            7.0436262,
            46.8893489
          ],
          [
            7.0437191,
            46.8893884
          ],
          [
            7.0440068,
            46.8895071
          ],
          [
            7.044141,
            46.8895627
          ],
          [
            7.0442074,
            46.8895913
          ],
          [
            7.0442767,
            46.8896219
          ],
          [
            7.0443446,
            46.8896542
          ],
          [
            7.0444055,
            46.889685
          ],
          [
            7.0444648,
            46.8897183
          ],
          [
            7.0445215,
            46.8897535
          ],
          [
            7.0445758,
            46.8897904
          ],
          [
            7.0455449,
            46.8905166
          ],
          [
            7.0459824,
            46.8908443
          ],
          [
            7.0467614,
            46.8914309
          ],
          [
            7.0468884,
            46.891526
          ],
          [
            7.0473607,
            46.8918817
          ],
          [
            7.047749,
            46.8921736
          ],
          [
            7.0480518,
            46.8924013
          ],
          [
            7.0481165,
            46.8924495
          ],
          [
            7.0490247,
            46.8931383
          ],
          [
            7.0492,
            46.8932757
          ],
          [
            7.0492759,
            46.8933333
          ],
          [
            7.0494071,
            46.893433
          ]
        ]
      },
      "id": "way/382065172"
    },
    {
      "type": "Feature",
      "properties": {
        "@id": "way/382065173",
        "cycleway:right": "no",
        "highway": "unclassified",
        "junction": "roundabout",
        "lanes": "1",
        "lit": "yes",
        "maxspeed:type": "CH:urban",
        "sidewalk:left": "no",
        "smoothness": "excellent",
        "surface": "asphalt"
      },
      "geometry": {
        "type": "LineString",
        "coordinates": [
          [
            7.0433664,
            46.889131
          ],
          [
            7.0434046,
            46.8891429
          ],
          [
            7.0434379,
            46.8891637
          ],
          [
            7.04346,
            46.8891905
          ],
          [
            7.0434687,
            46.8892207
          ],
          [
            7.0434631,
            46.8892513
          ],
          [
            7.0434438,
            46.8892791
          ],
          [
            7.0434151,
            46.8893001
          ],
          [
            7.0433787,
            46.8893145
          ],
          [
            7.0433377,
            46.8893209
          ],
          [
            7.0432958,
            46.8893188
          ],
          [
            7.0432566,
            46.8893085
          ],
          [
            7.0432191,
            46.8892873
          ],
          [
            7.0431943,
            46.8892588
          ],
          [
            7.0431849,
            46.8892262
          ],
          [
            7.0431922,
            46.8891934
          ],
          [
            7.0432153,
            46.8891642
          ],
          [
            7.0432458,
            46.8891445
          ],
          [
            7.0432834,
            46.8891318
          ],
          [
            7.0433248,
            46.8891271
          ],
          [
            7.0433664,
            46.889131
          ]
        ]
      },
      "id": "way/382065173"
    },
    {
      "type": "Feature",
      "properties": {
        "@id": "way/382164222",
        "bridge": "yes",
        "bridge:structure": "beam",
        "highway": "motorway",
        "int_ref": "E 25",
        "lanes": "2",
        "layer": "1",
        "maxspeed": "120",
        "name": "Viaduc du Bois de Rosset",
        "oneway": "yes",
        "ref": "A1",
        "surface": "asphalt",
        "toll": "yes"
      },
      "geometry": {
        "type": "LineString",
        "coordinates": [
          [
            7.0536656,
            46.8956173
          ],
          [
            7.0538802,
            46.8956398
          ],
          [
            7.0542199,
            46.8956708
          ],
          [
            7.0544535,
            46.8956901
          ],
          [
            7.054684,
            46.8957067
          ],
          [
            7.054915,
            46.8957217
          ],
          [
            7.0551477,
            46.8957346
          ],
          [
            7.0553794,
            46.8957463
          ],
          [
            7.0556625,
            46.8957572
          ],
          [
            7.0559457,
            46.8957663
          ],
          [
            7.056425,
            46.8957775
          ],
          [
            7.0569082,
            46.8957858
          ],
          [
            7.0573933,
            46.8957922
          ],
          [
            7.0606698,
            46.8958269
          ],
          [
            7.0611431,
            46.8958318
          ],
          [
            7.0617573,
            46.8958385
          ]
        ]
      },
      "id": "way/382164222"
    },
    {
      "type": "Feature",
      "properties": {
        "@id": "way/382164227",
        "bridge": "yes",
        "highway": "motorway",
        "int_ref": "E 25",
        "lanes": "2",
        "layer": "1",
        "maxspeed": "120",
        "name": "Viaduc du Bois de Rosset",
        "oneway": "yes",
        "ref": "A1",
        "source:name": "Mapillary",
        "surface": "asphalt",
        "toll": "yes"
      },
      "geometry": {
        "type": "LineString",
        "coordinates": [
          [
            7.05244,
            46.8955711
          ],
          [
            7.0519582,
            46.895495
          ]
        ]
      },
      "id": "way/382164227"
    },
    {
      "type": "Feature",
      "properties": {
        "@id": "way/382164232",
        "highway": "motorway",
        "int_ref": "E 25",
        "lanes": "2",
        "maxspeed": "120",
        "name": "Viaduc du Bois de Rosset",
        "oneway": "yes",
        "ref": "A1",
        "source:name": "Mapillary",
        "surface": "asphalt",
        "toll": "yes"
      },
      "geometry": {
        "type": "LineString",
        "coordinates": [
          [
            7.0524906,
            46.8954694
          ],
          [
            7.0526109,
            46.8954871
          ],
          [
            7.0528424,
            46.8955194
          ],
          [
            7.0530703,
            46.895549
          ],
          [
            7.0532993,
            46.8955767
          ],
          [
            7.0536656,
            46.8956173
          ]
        ]
      },
      "id": "way/382164232"
    },
    {
      "type": "Feature",
      "properties": {
        "@id": "way/382164236",
        "highway": "motorway",
        "int_ref": "E 25",
        "lanes": "2",
        "maxspeed": "120",
        "name": "Viaduc du Bois de Rosset",
        "oneway": "yes",
        "ref": "A1",
        "source:name": "Mapillary",
        "surface": "asphalt",
        "toll": "yes"
      },
      "geometry": {
        "type": "LineString",
        "coordinates": [
          [
            7.0536423,
            46.8957234
          ],
          [
            7.053279,
            46.8956822
          ],
          [
            7.0530484,
            46.8956545
          ],
          [
            7.0528195,
            46.8956246
          ],
          [
            7.052582,
            46.8955916
          ],
          [
            7.05244,
            46.8955711
          ]
        ]
      },
      "id": "way/382164236"
    },
    {
      "type": "Feature",
      "properties": {
        "@id": "way/382164249",
        "highway": "track"
      },
      "geometry": {
        "type": "LineString",
        "coordinates": [
          [
            7.0597473,
            46.9003292
          ],
          [
            7.0603379,
            46.8989256
          ]
        ]
      },
      "id": "way/382164249"
    },
    {
      "type": "Feature",
      "properties": {
        "@id": "way/436534920",
        "bicycle": "yes",
        "foot": "yes",
        "highway": "footway",
        "horse": "no",
        "lit": "yes",
        "motor_vehicle": "no",
        "source": "@3d4pi | mapillary.com",
        "surface": "gravel",
        "width": "8"
      },
      "geometry": {
        "type": "LineString",
        "coordinates": [
          [
            7.0413382,
            46.8814002
          ],
          [
            7.0411985,
            46.8815505
          ]
        ]
      },
      "id": "way/436534920"
    },
    {
      "type": "Feature",
      "properties": {
        "@id": "way/439890103",
        "highway": "track",
        "lit": "no",
        "tracktype": "grade1"
      },
      "geometry": {
        "type": "LineString",
        "coordinates": [
          [
            7.0176206,
            46.8935064
          ],
          [
            7.0177257,
            46.8934413
          ],
          [
            7.0177548,
            46.8934294
          ],
          [
            7.0193375,
            46.8920795
          ],
          [
            7.0202386,
            46.8913063
          ],
          [
            7.0223469,
            46.8895533
          ],
          [
            7.0229992,
            46.8890109
          ],
          [
            7.0248424,
            46.8871783
          ]
        ]
      },
      "id": "way/439890103"
    },
    {
      "type": "Feature",
      "properties": {
        "@id": "way/439890363",
        "highway": "track",
        "surface": "concrete:plates",
        "tracktype": "grade1"
      },
      "geometry": {
        "type": "LineString",
        "coordinates": [
          [
            7.0310636,
            46.9027701
          ],
          [
            7.032993,
            46.9011242
          ],
          [
            7.0330495,
            46.9010495
          ],
          [
            7.0334662,
            46.9006198
          ],
          [
            7.0350449,
            46.8989339
          ],
          [
            7.0353063,
            46.8986586
          ],
          [
            7.0353752,
            46.8985518
          ]
        ]
      },
      "id": "way/439890363"
    },
    {
      "type": "Feature",
      "properties": {
        "@id": "way/442033614",
        "handrail": "yes",
        "handrail:center": "yes",
        "highway": "path",
        "incline": "up",
        "smoothness": "intermediate",
        "surface": "sett",
        "width": "2"
      },
      "geometry": {
        "type": "LineString",
        "coordinates": [
          [
            7.0403951,
            46.8813408
          ],
          [
            7.0405019,
            46.8812496
          ]
        ]
      },
      "id": "way/442033614"
    },
    {
      "type": "Feature",
      "properties": {
        "@id": "way/442048975",
        "highway": "path",
        "lit": "no",
        "smoothness": "intermediate",
        "surface": "sett",
        "width": "2"
      },
      "geometry": {
        "type": "LineString",
        "coordinates": [
          [
            7.0406633,
            46.8811064
          ],
          [
            7.0406877,
            46.8811171
          ],
          [
            7.0407797,
            46.8810228
          ],
          [
            7.0408295,
            46.8809718
          ]
        ]
      },
      "id": "way/442048975"
    },
    {
      "type": "Feature",
      "properties": {
        "@id": "way/442048976",
        "highway": "path",
        "lit": "no",
        "smoothness": "intermediate",
        "surface": "sett",
        "width": "1"
      },
      "geometry": {
        "type": "LineString",
        "coordinates": [
          [
            7.0406633,
            46.8811064
          ],
          [
            7.0406489,
            46.8811006
          ],
          [
            7.0407417,
            46.8810071
          ],
          [
            7.0407938,
            46.8809542
          ]
        ]
      },
      "id": "way/442048976"
    },
    {
      "type": "Feature",
      "properties": {
        "@id": "way/442048977",
        "handrail": "yes",
        "highway": "steps",
        "incline": "up",
        "lit": "no",
        "ramp": "no",
        "step_count": "3",
        "surface": "concrete",
        "width": "1"
      },
      "geometry": {
        "type": "LineString",
        "coordinates": [
          [
            7.040709,
            46.8809937
          ],
          [
            7.0407002,
            46.8810024
          ]
        ]
      },
      "id": "way/442048977"
    },
    {
      "type": "Feature",
      "properties": {
        "@id": "way/442048978",
        "highway": "footway",
        "lit": "no",
        "smoothness": "excellent",
        "surface": "concrete",
        "width": "2"
      },
      "geometry": {
        "type": "LineString",
        "coordinates": [
          [
            7.0407002,
            46.8810024
          ],
          [
            7.0406991,
            46.8810036
          ],
          [
            7.0406726,
            46.8810308
          ],
          [
            7.0406621,
            46.8810416
          ],
          [
            7.040629,
            46.8810756
          ],
          [
            7.0406168,
            46.88107
          ]
        ]
      },
      "id": "way/442048978"
    },
    {
      "type": "Feature",
      "properties": {
        "@id": "way/442059914",
        "handrail": "no",
        "highway": "steps",
        "incline": "up",
        "lit": "yes",
        "ramp": "no",
        "source": "@3d4pi | mapillary.com",
        "step_count": "9",
        "surface": "concrete",
        "tactile_paving": "no",
        "width": "2"
      },
      "geometry": {
        "type": "LineString",
        "coordinates": [
          [
            7.041303,
            46.881671
          ],
          [
            7.0413131,
            46.8816606
          ]
        ]
      },
      "id": "way/442059914"
    },
    {
      "type": "Feature",
      "properties": {
        "@id": "way/442059916",
        "handrail": "yes",
        "highway": "steps",
        "incline": "up",
        "lit": "yes",
        "ramp": "no",
        "source": "@3d4pi | mapillary.com",
        "step_count": "40",
        "surface": "sett",
        "tactile_paving": "no",
        "width": "2"
      },
      "geometry": {
        "type": "LineString",
        "coordinates": [
          [
            7.040973,
            46.8819546
          ],
          [
            7.0409747,
            46.8819531
          ],
          [
            7.0410959,
            46.8818489
          ]
        ]
      },
      "id": "way/442059916"
    },
    {
      "type": "Feature",
      "properties": {
        "@id": "way/442059920",
        "handrail": "no",
        "highway": "footway",
        "lit": "yes",
        "smoothness": "excellent",
        "source": "@3d4pi | mapillary.com",
        "surface": "paving_stones",
        "width": "2"
      },
      "geometry": {
        "type": "LineString",
        "coordinates": [
          [
            7.0410959,
            46.8818489
          ],
          [
            7.0411151,
            46.8818319
          ]
        ]
      },
      "id": "way/442059920"
    },
    {
      "type": "Feature",
      "properties": {
        "@id": "way/442079847",
        "handrail": "yes",
        "highway": "steps",
        "incline": "up",
        "lit": "yes",
        "ramp": "no",
        "source": "@3d4pi | mapillary.com",
        "step_count": "18",
        "surface": "paving_stones",
        "tactile_paving": "no",
        "width": "2"
      },
      "geometry": {
        "type": "LineString",
        "coordinates": [
          [
            7.0411151,
            46.8818319
          ],
          [
            7.041303,
            46.881671
          ]
        ]
      },
      "id": "way/442079847"
    },
    {
      "type": "Feature",
      "properties": {
        "@id": "way/442097020",
        "bicycle": "yes",
        "foot": "yes",
        "handrail": "yes",
        "highway": "steps",
        "horse": "no",
        "incline": "up",
        "lit": "no",
        "motor_vehicle": "no",
        "ramp": "no",
        "source": "@3d4pi | mapillary.com",
        "step_count": "9",
        "surface": "concrete",
        "tactile_paving": "no",
        "width": "2"
      },
      "geometry": {
        "type": "LineString",
        "coordinates": [
          [
            7.0414719,
            46.8814149
          ],
          [
            7.0414467,
            46.8814398
          ]
        ]
      },
      "id": "way/442097020"
    },
    {
      "type": "Feature",
      "properties": {
        "@id": "way/442097021",
        "highway": "path",
        "surface": "asphalt",
        "width": "2"
      },
      "geometry": {
        "type": "LineString",
        "coordinates": [
          [
            7.0414402,
            46.8814462
          ],
          [
            7.0414289,
            46.8814414
          ]
        ]
      },
      "id": "way/442097021"
    },
    {
      "type": "Feature",
      "properties": {
        "@id": "way/442097024",
        "bicycle": "yes",
        "foot": "yes",
        "highway": "footway",
        "horse": "no",
        "lit": "yes",
        "motor_vehicle": "no",
        "smoothness": "intermediate",
        "surface": "gravel",
        "wheelchair": "yes",
        "width": "1"
      },
      "geometry": {
        "type": "LineString",
        "coordinates": [
          [
            7.0411985,
            46.8815505
          ],
          [
            7.0411404,
            46.8815259
          ],
          [
            7.0407897,
            46.8813836
          ],
          [
            7.0407787,
            46.8813799
          ]
        ]
      },
      "id": "way/442097024"
    },
    {
      "type": "Feature",
      "properties": {
        "@id": "way/442102250",
        "access": "permissive",
        "highway": "service",
        "maxheight": "below_default",
        "oneway": "no",
        "service": "driveway",
        "surface": "asphalt",
        "tunnel": "yes"
      },
      "geometry": {
        "type": "LineString",
        "coordinates": [
          [
            7.04104,
            46.8811236
          ],
          [
            7.0410222,
            46.8811413
          ]
        ]
      },
      "id": "way/442102250"
    },
    {
      "type": "Feature",
      "properties": {
        "@id": "way/442103050",
        "cycleway:both": "no",
        "highway": "residential",
        "lane_markings": "no",
        "lit": "yes",
        "name": "Rue du Château",
        "oneway": "yes",
        "source": "@3d4pi | mapillary.com",
        "surface": "sett"
      },
      "geometry": {
        "type": "LineString",
        "coordinates": [
          [
            7.0413689,
            46.8808054
          ],
          [
            7.0414478,
            46.880823
          ],
          [
            7.0417238,
            46.8805574
          ],
          [
            7.0417888,
            46.8805282
          ]
        ]
      },
      "id": "way/442103050"
    },
    {
      "type": "Feature",
      "properties": {
        "@id": "way/442126735",
        "cycleway:both": "no",
        "highway": "residential",
        "lane_markings": "no",
        "lit": "yes",
        "maxspeed:type": "CH:urban",
        "name": "Place du Château",
        "sidewalk": "no",
        "smoothness": "excellent",
        "surface": "asphalt"
      },
      "geometry": {
        "type": "LineString",
        "coordinates": [
          [
            7.0412869,
            46.8809059
          ],
          [
            7.0414822,
            46.8810121
          ],
          [
            7.0415333,
            46.8810351
          ],
          [
            7.0418032,
            46.8811625
          ]
        ]
      },
      "id": "way/442126735"
    },
    {
      "type": "Feature",
      "properties": {
        "@id": "way/442126738",
        "highway": "pedestrian",
        "lit": "yes",
        "name": "Rue du Jura",
        "smoothness": "excellent",
        "surface": "asphalt",
        "wheelchair": "yes"
      },
      "geometry": {
        "type": "LineString",
        "coordinates": [
          [
            7.0406006,
            46.8808587
          ],
          [
            7.0407938,
            46.8809542
          ],
          [
            7.0408295,
            46.8809718
          ],
          [
            7.040959,
            46.8810372
          ],
          [
            7.0410029,
            46.8810574
          ]
        ]
      },
      "id": "way/442126738"
    },
    {
      "type": "Feature",
      "properties": {
        "@id": "way/442221158",
        "bicycle": "yes",
        "foot": "yes",
        "highway": "footway",
        "horse": "yes",
        "lit": "yes",
        "motor_vehicle": "no",
        "name": "Promenade des 2000 ans",
        "old_name": "Chemin des Promenades",
        "smoothness": "excellent",
        "source": "@3d4pi | mapillary.com",
        "surface": "asphalt",
        "vehicle": "no",
        "wheelchair": "yes",
        "width": "2"
      },
      "geometry": {
        "type": "LineString",
        "coordinates": [
          [
            7.0399216,
            46.8811184
          ],
          [
            7.0400595,
            46.8811876
          ],
          [
            7.0401128,
            46.8812138
          ],
          [
            7.0401805,
            46.881244
          ],
          [
            7.0403951,
            46.8813408
          ],
          [
            7.0407788,
            46.8815106
          ],
          [
            7.0410231,
            46.8816039
          ],
          [
            7.0412008,
            46.8816353
          ],
          [
            7.0412419,
            46.8816419
          ],
          [
            7.0413131,
            46.8816606
          ]
        ]
      },
      "id": "way/442221158"
    },
    {
      "type": "Feature",
      "properties": {
        "@id": "way/442344774",
        "bicycle": "yes",
        "foot": "yes",
        "highway": "footway",
        "motor_vehicle": "no",
        "source": "@3d4pi | mapillary.com",
        "surface": "compacted"
      },
      "geometry": {
        "type": "LineString",
        "coordinates": [
          [
            7.0381443,
            46.8799535
          ],
          [
            7.0381313,
            46.8799745
          ],
          [
            7.0379746,
            46.8800741
          ]
        ]
      },
      "id": "way/442344774"
    },
    {
      "type": "Feature",
      "properties": {
        "@id": "way/442344776",
        "cycleway:both": "no",
        "highway": "residential",
        "lane_markings": "no",
        "lit": "yes",
        "maxspeed:type": "CH:urban",
        "name": "Rue de la Cure",
        "smoothness": "good",
        "surface": "sett"
      },
      "geometry": {
        "type": "LineString",
        "coordinates": [
          [
            7.0398092,
            46.8808116
          ],
          [
            7.0397783,
            46.8808427
          ]
        ]
      },
      "id": "way/442344776"
    },
    {
      "type": "Feature",
      "properties": {
        "@id": "way/442344777",
        "cycleway:both": "no",
        "highway": "residential",
        "lane_markings": "no",
        "lit": "yes",
        "maxspeed:type": "CH:urban",
        "name": "Rue de la Cure",
        "smoothness": "excellent",
        "source": "@3d4pi | mapillary.com",
        "surface": "asphalt"
      },
      "geometry": {
        "type": "LineString",
        "coordinates": [
          [
            7.0397783,
            46.8808427
          ],
          [
            7.0397503,
            46.8809485
          ],
          [
            7.0397628,
            46.8809936
          ]
        ]
      },
      "id": "way/442344777"
    },
    {
      "type": "Feature",
      "properties": {
        "@id": "way/442344778",
        "bicycle": "yes",
        "foot": "yes",
        "highway": "footway",
        "horse": "yes",
        "lit": "yes",
        "motor_vehicle": "no",
        "name": "Promenade des 2000 ans",
        "old_name": "Chemin des Promenades",
        "smoothness": "excellent",
        "source": "@3d4pi | mapillary.com",
        "surface": "asphalt",
        "vehicle": "no"
      },
      "geometry": {
        "type": "LineString",
        "coordinates": [
          [
            7.0397871,
            46.8810746
          ],
          [
            7.03986,
            46.8810874
          ],
          [
            7.0399216,
            46.8811184
          ]
        ]
      },
      "id": "way/442344778"
    },
    {
      "type": "Feature",
      "properties": {
        "@id": "way/442399365",
        "bicycle": "no",
        "foot": "yes",
        "highway": "footway",
        "horse": "no",
        "lit": "no",
        "motor_vehicle": "no",
        "source": "@3d4pi | mapillary.com",
        "surface": "concrete",
        "width": "2"
      },
      "geometry": {
        "type": "LineString",
        "coordinates": [
          [
            7.0414467,
            46.8814398
          ],
          [
            7.0414402,
            46.8814462
          ],
          [
            7.0414334,
            46.8814529
          ]
        ]
      },
      "id": "way/442399365"
    },
    {
      "type": "Feature",
      "properties": {
        "@id": "way/442399366",
        "bicycle": "yes",
        "foot": "yes",
        "handrail": "yes",
        "highway": "steps",
        "horse": "no",
        "incline": "down",
        "lit": "no",
        "motor_vehicle": "no",
        "ramp": "no",
        "source": "@3d4pi | mapillary.com",
        "step_count": "9",
        "surface": "concrete",
        "tactile_paving": "no",
        "width": "2"
      },
      "geometry": {
        "type": "LineString",
        "coordinates": [
          [
            7.0414334,
            46.8814529
          ],
          [
            7.0414075,
            46.8814785
          ]
        ]
      },
      "id": "way/442399366"
    },
    {
      "type": "Feature",
      "properties": {
        "@id": "way/442399367",
        "highway": "footway",
        "smoothness": "excellent",
        "source": "@3d4pi | mapillary.com",
        "surface": "asphalt"
      },
      "geometry": {
        "type": "LineString",
        "coordinates": [
          [
            7.0414333,
            46.8815138
          ],
          [
            7.0414026,
            46.8814919
          ],
          [
            7.0414075,
            46.8814785
          ]
        ]
      },
      "id": "way/442399367"
    },
    {
      "type": "Feature",
      "properties": {
        "@id": "way/442409197",
        "cycleway:both": "no",
        "highway": "residential",
        "name": "Place de la Foire",
        "sidewalk": "no",
        "source": "@3d4pi | mapillary.com",
        "surface": "asphalt"
      },
      "geometry": {
        "type": "LineString",
        "coordinates": [
          [
            7.0418032,
            46.8811625
          ],
          [
            7.0418482,
            46.8810758
          ],
          [
            7.041904,
            46.880966
          ],
          [
            7.0419763,
            46.8808616
          ],
          [
            7.0421284,
            46.8807362
          ]
        ]
      },
      "id": "way/442409197"
    },
    {
      "type": "Feature",
      "properties": {
        "@id": "way/442422602",
        "foot": "yes",
        "highway": "footway",
        "lit": "no",
        "smoothness": "intermediate",
        "source": "@3d4pi | mapillary.com",
        "surface": "fine_gravel"
      },
      "geometry": {
        "type": "LineString",
        "coordinates": [
          [
            7.0419381,
            46.8811091
          ],
          [
            7.0419422,
            46.8811338
          ],
          [
            7.0419628,
            46.881175
          ],
          [
            7.0419946,
            46.8812104
          ],
          [
            7.0420295,
            46.8812459
          ],
          [
            7.0420802,
            46.8812793
          ],
          [
            7.0421835,
            46.8813451
          ],
          [
            7.0423018,
            46.8813892
          ],
          [
            7.0423772,
            46.8814107
          ],
          [
            7.0425455,
            46.8814402
          ],
          [
            7.042561,
            46.8814479
          ]
        ]
      },
      "id": "way/442422602"
    },
    {
      "type": "Feature",
      "properties": {
        "@id": "way/442426826",
        "access": "no",
        "foot": "yes",
        "highway": "footway",
        "lit": "yes",
        "source": "@3d4pi | mapillary.com"
      },
      "geometry": {
        "type": "LineString",
        "coordinates": [
          [
            7.0422357,
            46.8807607
          ],
          [
            7.0423086,
            46.880731
          ],
          [
            7.0424831,
            46.8806927
          ],
          [
            7.0426443,
            46.8806889
          ],
          [
            7.042809,
            46.8807143
          ],
          [
            7.0429505,
            46.8807617
          ],
          [
            7.0429606,
            46.8807674
          ],
          [
            7.0430759,
            46.8808324
          ],
          [
            7.0431312,
            46.8808863
          ],
          [
            7.0431784,
            46.8809394
          ],
          [
            7.0432004,
            46.8809958
          ],
          [
            7.0432511,
            46.8810347
          ]
        ]
      },
      "id": "way/442426826"
    },
    {
      "type": "Feature",
      "properties": {
        "@id": "way/442426827",
        "highway": "footway",
        "lit": "no",
        "smoothness": "excellent",
        "surface": "concrete"
      },
      "geometry": {
        "type": "LineString",
        "coordinates": [
          [
            7.0421895,
            46.8807849
          ],
          [
            7.0421589,
            46.8808151
          ],
          [
            7.0421087,
            46.8808722
          ],
          [
            7.0420973,
            46.8809571
          ],
          [
            7.0420926,
            46.8809843
          ],
          [
            7.0420926,
            46.88099
          ],
          [
            7.042093,
            46.8810314
          ],
          [
            7.0421048,
            46.8810782
          ],
          [
            7.0421258,
            46.8811165
          ],
          [
            7.0421761,
            46.8811708
          ],
          [
            7.0422304,
            46.8812142
          ],
          [
            7.0422924,
            46.8812501
          ],
          [
            7.04236,
            46.8812805
          ],
          [
            7.0424324,
            46.8813051
          ],
          [
            7.0425143,
            46.8813236
          ],
          [
            7.0425917,
            46.8813345
          ],
          [
            7.0427062,
            46.8813419
          ],
          [
            7.04276,
            46.8813388
          ],
          [
            7.0428407,
            46.8813222
          ],
          [
            7.042915,
            46.881306
          ],
          [
            7.042974,
            46.8812829
          ],
          [
            7.0430378,
            46.8812479
          ],
          [
            7.0430542,
            46.8812387
          ]
        ]
      },
      "id": "way/442426827"
    },
    {
      "type": "Feature",
      "properties": {
        "@id": "way/442426828",
        "handrail": "yes",
        "highway": "steps",
        "incline": "up",
        "lit": "no",
        "ramp": "no",
        "step_count": "17",
        "surface": "concrete",
        "tactile_paving": "no"
      },
      "geometry": {
        "type": "LineString",
        "coordinates": [
          [
            7.0420896,
            46.8813025
          ],
          [
            7.0421364,
            46.8813501
          ]
        ]
      },
      "id": "way/442426828"
    },
    {
      "type": "Feature",
      "properties": {
        "@id": "way/442426829",
        "handrail": "yes",
        "highway": "footway",
        "lit": "no",
        "smoothness": "excellent",
        "source": "@3d4pi | mapillary.com",
        "surface": "asphalt",
        "width": "2"
      },
      "geometry": {
        "type": "LineString",
        "coordinates": [
          [
            7.0421364,
            46.8813501
          ],
          [
            7.0421336,
            46.8813713
          ]
        ]
      },
      "id": "way/442426829"
    },
    {
      "type": "Feature",
      "properties": {
        "@id": "way/442438792",
        "cycleway:both": "no",
        "highway": "residential",
        "lane_markings": "no",
        "lit": "yes",
        "maxspeed": "30",
        "maxspeed:type": "CH:zone30",
        "name": "Place de la Foire",
        "sidewalk": "right",
        "sidewalk:right:surface": "asphalt",
        "smoothness": "intermediate",
        "source": "@3d4pi | mapillary.com",
        "surface": "asphalt"
      },
      "geometry": {
        "type": "LineString",
        "coordinates": [
          [
            7.0421284,
            46.8807362
          ],
          [
            7.0421558,
            46.880715
          ]
        ]
      },
      "id": "way/442438792"
    },
    {
      "type": "Feature",
      "properties": {
        "@id": "way/442438793",
        "highway": "residential",
        "name": "Rue des Alpes",
        "source": "@3d4pi | mapillary.com",
        "surface": "paved"
      },
      "geometry": {
        "type": "LineString",
        "coordinates": [
          [
            7.0418576,
            46.8804764
          ],
          [
            7.0419988,
            46.8803133
          ],
          [
            7.0418667,
            46.8801482
          ],
          [
            7.0415202,
            46.8798713
          ],
          [
            7.0410702,
            46.8795956
          ],
          [
            7.0409308,
            46.8795145
          ],
          [
            7.0406424,
            46.8793468
          ],
          [
            7.0403268,
            46.8791803
          ],
          [
            7.0400087,
            46.879013
          ],
          [
            7.0396595,
            46.8789117
          ],
          [
            7.039595,
            46.8789056
          ],
          [
            7.0395356,
            46.8789077
          ],
          [
            7.0394701,
            46.8789254
          ],
          [
            7.039228,
            46.8790986
          ]
        ]
      },
      "id": "way/442438793"
    },
    {
      "type": "Feature",
      "properties": {
        "@id": "way/442490576",
        "access": "private",
        "highway": "service",
        "source": "@3d4pi | mapillary.com",
        "surface": "asphalt"
      },
      "geometry": {
        "type": "LineString",
        "coordinates": [
          [
            7.0424588,
            46.8802646
          ],
          [
            7.0424723,
            46.880247
          ],
          [
            7.0424749,
            46.8802323
          ]
        ]
      },
      "id": "way/442490576"
    },
    {
      "type": "Feature",
      "properties": {
        "@id": "way/442490577",
        "access": "destination",
        "cycleway:both": "no",
        "highway": "residential",
        "lane_markings": "no",
        "name": "Chemin des Terreaux",
        "sidewalk": "no",
        "source": "@3d4pi | mapillary.com",
        "surface": "asphalt"
      },
      "geometry": {
        "type": "LineString",
        "coordinates": [
          [
            7.0424588,
            46.8802646
          ],
          [
            7.0424084,
            46.8802025
          ],
          [
            7.0422032,
            46.8799138
          ],
          [
            7.0421199,
            46.8797658
          ],
          [
            7.0420886,
            46.8797213
          ],
          [
            7.042043,
            46.8796684
          ],
          [
            7.0419693,
            46.8796009
          ],
          [
            7.0419083,
            46.87955
          ],
          [
            7.0418526,
            46.879512
          ],
          [
            7.0414412,
            46.8792634
          ],
          [
            7.0413886,
            46.879234
          ],
          [
            7.0413001,
            46.8791785
          ],
          [
            7.0411051,
            46.879067
          ],
          [
            7.040886,
            46.8789544
          ],
          [
            7.0404826,
            46.8787622
          ],
          [
            7.0401367,
            46.8786213
          ],
          [
            7.0398911,
            46.878538
          ],
          [
            7.0398022,
            46.8785139
          ],
          [
            7.0394944,
            46.8784436
          ],
          [
            7.0393354,
            46.8784273
          ]
        ]
      },
      "id": "way/442490577"
    },
    {
      "type": "Feature",
      "properties": {
        "@id": "way/442495269",
        "handrail": "yes",
        "highway": "steps",
        "image": "http://i.imgur.com/auUmnb1.png",
        "incline": "up",
        "lit": "no",
        "name": "Passage de Benneville",
        "ramp": "yes",
        "ramp:bicycle": "yes",
        "ramp:wheelchair": "no",
        "ramp:width": "1",
        "step_count": "67",
        "surface": "concrete",
        "tactile_paving": "no",
        "width": "4"
      },
      "geometry": {
        "type": "LineString",
        "coordinates": [
          [
            7.0413904,
            46.879314
          ],
          [
            7.0412271,
            46.8794525
          ],
          [
            7.0410988,
            46.8795536
          ]
        ]
      },
      "id": "way/442495269"
    },
    {
      "type": "Feature",
      "properties": {
        "@id": "way/442495271",
        "handrail": "yes",
        "highway": "path",
        "lit": "no",
        "name": "Passage de Benneville",
        "smoothness": "excellent",
        "source": "@3d4pi | mapillary.com",
        "surface": "concrete",
        "width": "3"
      },
      "geometry": {
        "type": "LineString",
        "coordinates": [
          [
            7.0410988,
            46.8795536
          ],
          [
            7.0410819,
            46.8795739
          ],
          [
            7.0410702,
            46.8795956
          ]
        ]
      },
      "id": "way/442495271"
    },
    {
      "type": "Feature",
      "properties": {
        "@id": "way/442497354",
        "highway": "path",
        "lit": "yes",
        "name": "Passage de Benneville",
        "smoothness": "excellent",
        "surface": "paving_stones"
      },
      "geometry": {
        "type": "LineString",
        "coordinates": [
          [
            7.0414097,
            46.8792139
          ],
          [
            7.0413886,
            46.879234
          ]
        ]
      },
      "id": "way/442497354"
    },
    {
      "type": "Feature",
      "properties": {
        "@id": "way/442497355",
        "handrail": "yes",
        "handrail:left": "yes",
        "highway": "steps",
        "incline": "up",
        "lit": "no",
        "name": "Passage de Benneville",
        "ramp": "no",
        "step_count": "18",
        "surface": "concrete",
        "tactile_paving": "no",
        "width": "1"
      },
      "geometry": {
        "type": "LineString",
        "coordinates": [
          [
            7.0414528,
            46.8791222
          ],
          [
            7.0414097,
            46.8792139
          ]
        ]
      },
      "id": "way/442497355"
    },
    {
      "type": "Feature",
      "properties": {
        "@id": "way/442552066",
        "highway": "path",
        "name": "Chemin du Montmezard",
        "surface": "asphalt",
        "width": "2"
      },
      "geometry": {
        "type": "LineString",
        "coordinates": [
          [
            7.0393478,
            46.878406
          ],
          [
            7.0395676,
            46.8782977
          ],
          [
            7.0399153,
            46.8780565
          ]
        ]
      },
      "id": "way/442552066"
    },
    {
      "type": "Feature",
      "properties": {
        "@id": "way/442552067",
        "handrail": "yes",
        "highway": "steps",
        "incline": "down",
        "name": "Chemin du Montmezard",
        "ramp": "no",
        "step_count": "4",
        "surface": "concrete",
        "tactile_paving": "no"
      },
      "geometry": {
        "type": "LineString",
        "coordinates": [
          [
            7.0393343,
            46.8784129
          ],
          [
            7.0393478,
            46.878406
          ]
        ]
      },
      "id": "way/442552067"
    },
    {
      "type": "Feature",
      "properties": {
        "@id": "way/442554458",
        "cycleway:both": "no",
        "highway": "residential",
        "lane_markings": "no",
        "lit": "yes",
        "maxspeed:type": "CH:urban",
        "name": "Place du Montmezard",
        "oneway": "yes",
        "sidewalk": "left",
        "sidewalk:left:surface": "asphalt",
        "smoothness": "excellent",
        "surface": "asphalt"
      },
      "geometry": {
        "type": "LineString",
        "coordinates": [
          [
            7.0384514,
            46.8790336
          ],
          [
            7.0384969,
            46.8789854
          ],
          [
            7.0385638,
            46.8789159
          ],
          [
            7.0386857,
            46.8787979
          ]
        ]
      },
      "id": "way/442554458"
    },
    {
      "type": "Feature",
      "properties": {
        "@id": "way/442556301",
        "cycleway:both": "no",
        "highway": "residential",
        "lane_markings": "no",
        "lit": "yes",
        "maxspeed:type": "CH:urban",
        "name": "Place du Montmezard",
        "sidewalk": "no",
        "smoothness": "excellent",
        "surface": "asphalt"
      },
      "geometry": {
        "type": "LineString",
        "coordinates": [
          [
            7.0384514,
            46.8790336
          ],
          [
            7.038429,
            46.8790653
          ],
          [
            7.0383986,
            46.8791369
          ],
          [
            7.0383302,
            46.8792574
          ],
          [
            7.038261,
            46.8793459
          ]
        ]
      },
      "id": "way/442556301"
    },
    {
      "type": "Feature",
      "properties": {
        "@id": "way/442583552",
        "highway": "service",
        "oneway": "no",
        "service": "driveway",
        "surface": "gravel"
      },
      "geometry": {
        "type": "LineString",
        "coordinates": [
          [
            7.0410222,
            46.8811413
          ],
          [
            7.0410033,
            46.8811599
          ],
          [
            7.040945,
            46.8812205
          ],
          [
            7.0408888,
            46.881278
          ],
          [
            7.04085,
            46.8813183
          ]
        ]
      },
      "id": "way/442583552"
    },
    {
      "type": "Feature",
      "properties": {
        "@id": "way/442583554",
        "covered": "yes",
        "highway": "footway",
        "layer": "-1",
        "tunnel": "building_passage"
      },
      "geometry": {
        "type": "LineString",
        "coordinates": [
          [
            7.0411644,
            46.8812894
          ],
          [
            7.0411451,
            46.8813074
          ],
          [
            7.0410494,
            46.8812659
          ]
        ]
      },
      "id": "way/442583554"
    },
    {
      "type": "Feature",
      "properties": {
        "@id": "way/442732329",
        "highway": "service",
        "lit": "automatic",
        "name": "Chemin de la Poste",
        "smoothness": "excellent",
        "surface": "asphalt"
      },
      "geometry": {
        "type": "LineString",
        "coordinates": [
          [
            7.0395225,
            46.8808776
          ],
          [
            7.0396472,
            46.8808721
          ],
          [
            7.0397783,
            46.8808427
          ]
        ]
      },
      "id": "way/442732329"
    },
    {
      "type": "Feature",
      "properties": {
        "@id": "way/442732330",
        "highway": "service",
        "lit": "yes",
        "motor_vehicle": "destination",
        "service": "parking_aisle",
        "smoothness": "excellent",
        "surface": "asphalt"
      },
      "geometry": {
        "type": "LineString",
        "coordinates": [
          [
            7.0395225,
            46.8808776
          ],
          [
            7.0395532,
            46.8808933
          ],
          [
            7.0397448,
            46.8809954
          ],
          [
            7.0397628,
            46.8809936
          ]
        ]
      },
      "id": "way/442732330"
    },
    {
      "type": "Feature",
      "properties": {
        "@id": "way/485738136",
        "highway": "residential",
        "lit": "yes",
        "maxspeed": "30",
        "maxspeed:type": "CH:zone30",
        "name": "Route de Sous-Ville",
        "official_name": "Route de Sous Ville",
        "sidewalk": "right",
        "smoothness": "excellent",
        "surface": "asphalt"
      },
      "geometry": {
        "type": "LineString",
        "coordinates": [
          [
            7.0366168,
            46.8816166
          ],
          [
            7.0366965,
            46.8817214
          ],
          [
            7.0367731,
            46.8818105
          ],
          [
            7.0368915,
            46.8818972
          ],
          [
            7.0380005,
            46.8826341
          ],
          [
            7.0384576,
            46.8829533
          ],
          [
            7.038646,
            46.8830803
          ],
          [
            7.0387947,
            46.8831806
          ],
          [
            7.0389579,
            46.8832906
          ],
          [
            7.0391469,
            46.8834181
          ],
          [
            7.0393068,
            46.8835258
          ],
          [
            7.0393614,
            46.883552
          ],
          [
            7.039424,
            46.8835672
          ],
          [
            7.0395006,
            46.8835714
          ],
          [
            7.0395056,
            46.8836202
          ]
        ]
      },
      "id": "way/485738136"
    },
    {
      "type": "Feature",
      "properties": {
        "@id": "way/485738137",
        "cycleway:both": "no",
        "highway": "residential",
        "lanes": "2",
        "lit": "yes",
        "maxspeed:type": "CH:urban",
        "name": "Route de Villars-le-Grand",
        "sidewalk:both": "separate",
        "smoothness": "excellent",
        "surface": "asphalt"
      },
      "geometry": {
        "type": "LineString",
        "coordinates": [
          [
            7.0346198,
            46.8772025
          ],
          [
            7.0345535,
            46.8772815
          ]
        ]
      },
      "id": "way/485738137"
    },
    {
      "type": "Feature",
      "properties": {
        "@id": "way/485738138",
        "footway": "sidewalk",
        "highway": "footway",
        "lit": "yes",
        "smoothness": "excellent",
        "surface": "asphalt"
      },
      "geometry": {
        "type": "LineString",
        "coordinates": [
          [
            7.034782,
            46.876947
          ],
          [
            7.0348558,
            46.8769681
          ],
          [
            7.0348513,
            46.8769845
          ],
          [
            7.0348409,
            46.8770228
          ],
          [
            7.0348486,
            46.8770465
          ],
          [
            7.0348758,
            46.877084
          ],
          [
            7.0349322,
            46.8771062
          ],
          [
            7.0349833,
            46.8771264
          ],
          [
            7.0349528,
            46.877173
          ],
          [
            7.0349106,
            46.8772235
          ],
          [
            7.0348899,
            46.8772617
          ],
          [
            7.0348021,
            46.877266
          ],
          [
            7.0347125,
            46.8772806
          ],
          [
            7.0346379,
            46.877314
          ]
        ]
      },
      "id": "way/485738138"
    },
    {
      "type": "Feature",
      "properties": {
        "@id": "way/485738139",
        "cycleway:both": "no",
        "highway": "residential",
        "lanes": "2",
        "lit": "yes",
        "maxspeed:type": "CH:urban",
        "name": "Chemin de la Croix",
        "sidewalk:both": "separate",
        "smoothness": "excellent",
        "surface": "asphalt"
      },
      "geometry": {
        "type": "LineString",
        "coordinates": [
          [
            7.034782,
            46.876947
          ],
          [
            7.0347407,
            46.8770259
          ]
        ]
      },
      "id": "way/485738139"
    },
    {
      "type": "Feature",
      "properties": {
        "@id": "way/485738162",
        "highway": "path"
      },
      "geometry": {
        "type": "LineString",
        "coordinates": [
          [
            7.0330472,
            46.8770345
          ],
          [
            7.0327969,
            46.8772998
          ],
          [
            7.0324257,
            46.8777066
          ],
          [
            7.0320191,
            46.8775241
          ],
          [
            7.0316948,
            46.8773776
          ],
          [
            7.0317279,
            46.8773404
          ],
          [
            7.03161,
            46.8772917
          ],
          [
            7.0315963,
            46.8773066
          ]
        ]
      },
      "id": "way/485738162"
    },
    {
      "type": "Feature",
      "properties": {
        "@id": "way/485738164",
        "highway": "footway",
        "surface": "asphalt"
      },
      "geometry": {
        "type": "LineString",
        "coordinates": [
          [
            7.0330472,
            46.8770345
          ],
          [
            7.0329786,
            46.877003
          ]
        ]
      },
      "id": "way/485738164"
    },
    {
      "type": "Feature",
      "properties": {
        "@id": "way/485738168",
        "highway": "track",
        "smoothness": "excellent",
        "surface": "asphalt",
        "tracktype": "grade1"
      },
      "geometry": {
        "type": "LineString",
        "coordinates": [
          [
            7.0350559,
            46.8743603
          ],
          [
            7.0351846,
            46.8744336
          ],
          [
            7.035305,
            46.874537
          ],
          [
            7.0354032,
            46.8746234
          ],
          [
            7.0355084,
            46.8747328
          ],
          [
            7.0355788,
            46.8748847
          ],
          [
            7.0356315,
            46.8750461
          ],
          [
            7.0356936,
            46.8751626
          ],
          [
            7.0358205,
            46.8753222
          ],
          [
            7.0358336,
            46.8753545
          ],
          [
            7.0358545,
            46.8753774
          ],
          [
            7.0358147,
            46.8754854
          ]
        ]
      },
      "id": "way/485738168"
    },
    {
      "type": "Feature",
      "properties": {
        "@id": "way/485738170",
        "cycleway:both": "no",
        "highway": "residential",
        "lane_markings": "no",
        "lit": "yes",
        "name": "Chemin de la Croix",
        "sidewalk": "right",
        "smoothness": "intermediate",
        "surface": "asphalt"
      },
      "geometry": {
        "type": "LineString",
        "coordinates": [
          [
            7.0358147,
            46.8754854
          ],
          [
            7.0357762,
            46.8755483
          ],
          [
            7.0356262,
            46.8757523
          ],
          [
            7.0354108,
            46.876073
          ],
          [
            7.0351258,
            46.8764806
          ],
          [
            7.0348898,
            46.8768008
          ],
          [
            7.034782,
            46.876947
          ]
        ]
      },
      "id": "way/485738170"
    },
    {
      "type": "Feature",
      "properties": {
        "@id": "way/485738171",
        "cycleway:both": "no",
        "highway": "primary",
        "junction": "roundabout",
        "lane_markings": "no",
        "lit": "yes",
        "maxspeed:type": "CH:urban",
        "sidewalk:left": "no",
        "sidewalk:right": "separate",
        "smoothness": "excellent",
        "surface": "asphalt"
      },
      "geometry": {
        "type": "LineString",
        "coordinates": [
          [
            7.0348204,
            46.8771375
          ],
          [
            7.0348093,
            46.8771584
          ],
          [
            7.0347915,
            46.877177
          ],
          [
            7.0347681,
            46.8771923
          ],
          [
            7.034734,
            46.8772054
          ],
          [
            7.034696,
            46.8772117
          ],
          [
            7.0346569,
            46.8772107
          ],
          [
            7.0346198,
            46.8772025
          ],
          [
            7.034584,
            46.8771857
          ],
          [
            7.0345572,
            46.8771622
          ],
          [
            7.0345421,
            46.8771344
          ],
          [
            7.0345399,
            46.8771047
          ],
          [
            7.0345521,
            46.8770741
          ],
          [
            7.034578,
            46.8770478
          ],
          [
            7.0346149,
            46.8770286
          ],
          [
            7.0346558,
            46.8770188
          ],
          [
            7.0346991,
            46.8770179
          ],
          [
            7.0347407,
            46.8770259
          ],
          [
            7.0347752,
            46.8770411
          ],
          [
            7.034802,
            46.8770622
          ],
          [
            7.0348188,
            46.8770877
          ],
          [
            7.0348244,
            46.8771155
          ],
          [
            7.0348204,
            46.8771375
          ]
        ]
      },
      "id": "way/485738171"
    },
    {
      "type": "Feature",
      "properties": {
        "@id": "way/485738173",
        "highway": "path",
        "lit": "yes",
        "smoothness": "excellent",
        "surface": "fine_gravel"
      },
      "geometry": {
        "type": "LineString",
        "coordinates": [
          [
            7.0331968,
            46.878486
          ],
          [
            7.032209,
            46.878128
          ],
          [
            7.0321717,
            46.8781145
          ],
          [
            7.0321312,
            46.8780355
          ],
          [
            7.0324257,
            46.8777066
          ]
        ]
      },
      "id": "way/485738173"
    },
    {
      "type": "Feature",
      "properties": {
        "@id": "way/488672888",
        "destination": "Payerne",
        "highway": "motorway",
        "int_ref": "E 25",
        "lanes": "2",
        "maxheight": "default",
        "maxspeed": "120",
        "oneway": "yes",
        "ref": "A1",
        "surface": "asphalt",
        "toll": "yes"
      },
      "geometry": {
        "type": "LineString",
        "coordinates": [
          [
            7.0290024,
            46.8837364
          ],
          [
            7.028597,
            46.8835514
          ],
          [
            7.0282066,
            46.8833766
          ],
          [
            7.0278197,
            46.8832061
          ],
          [
            7.027415,
            46.8830318
          ],
          [
            7.0270167,
            46.8828638
          ],
          [
            7.0266244,
            46.8827017
          ],
          [
            7.0262306,
            46.882542
          ],
          [
            7.0257135,
            46.8823386
          ]
        ]
      },
      "id": "way/488672888"
    },
    {
      "type": "Feature",
      "properties": {
        "@id": "way/488672889",
        "destination": "Murten",
        "highway": "motorway",
        "int_ref": "E 25",
        "lanes": "2",
        "maxspeed": "120",
        "oneway": "yes",
        "ref": "A1",
        "surface": "asphalt",
        "toll": "yes"
      },
      "geometry": {
        "type": "LineString",
        "coordinates": [
          [
            7.0213205,
            46.8806851
          ],
          [
            7.0216763,
            46.8807963
          ],
          [
            7.0222249,
            46.8809724
          ],
          [
            7.0226447,
            46.8811102
          ],
          [
            7.0230591,
            46.8812494
          ],
          [
            7.023472,
            46.8813906
          ],
          [
            7.0238883,
            46.8815367
          ],
          [
            7.0243026,
            46.8816843
          ],
          [
            7.0247088,
            46.8818321
          ],
          [
            7.0251794,
            46.8820093
          ]
        ]
      },
      "id": "way/488672889"
    },
    {
      "type": "Feature",
      "properties": {
        "@id": "way/490620517",
        "highway": "cycleway",
        "smoothness": "excellent",
        "surface": "asphalt"
      },
      "geometry": {
        "type": "LineString",
        "coordinates": [
          [
            7.0513706,
            46.8967912
          ],
          [
            7.0514089,
            46.8967585
          ],
          [
            7.0515538,
            46.8964825
          ],
          [
            7.0516388,
            46.8963281
          ],
          [
            7.0517261,
            46.896173
          ],
          [
            7.0520197,
            46.8956424
          ],
          [
            7.0522061,
            46.895318
          ],
          [
            7.0522258,
            46.8952707
          ],
          [
            7.0522249,
            46.895247
          ],
          [
            7.0522161,
            46.8952237
          ],
          [
            7.0521727,
            46.8951876
          ],
          [
            7.0521461,
            46.895172
          ],
          [
            7.0521179,
            46.8951624
          ],
          [
            7.0518137,
            46.8951141
          ],
          [
            7.050915,
            46.894969
          ],
          [
            7.0507647,
            46.894941
          ],
          [
            7.0506157,
            46.8949111
          ],
          [
            7.0503202,
            46.8948489
          ],
          [
            7.0501675,
            46.8948156
          ],
          [
            7.0500157,
            46.8947806
          ],
          [
            7.0498636,
            46.894745
          ],
          [
            7.049713,
            46.8947076
          ],
          [
            7.0490508,
            46.8945263
          ],
          [
            7.0490186,
            46.8945153
          ],
          [
            7.0489878,
            46.8945005
          ],
          [
            7.0488713,
            46.8944129
          ],
          [
            7.0488587,
            46.894394
          ],
          [
            7.0488604,
            46.8943755
          ],
          [
            7.0488895,
            46.8943145
          ],
          [
            7.0489169,
            46.8941706
          ],
          [
            7.0489506,
            46.8938471
          ],
          [
            7.0489888,
            46.8934631
          ],
          [
            7.0490183,
            46.8931872
          ],
          [
            7.0490247,
            46.8931383
          ]
        ]
      },
      "id": "way/490620517"
    },
    {
      "type": "Feature",
      "properties": {
        "@id": "way/535346618",
        "highway": "service",
        "service": "parking_aisle"
      },
      "geometry": {
        "type": "LineString",
        "coordinates": [
          [
            7.0410579,
            46.8796202
          ],
          [
            7.0411004,
            46.8796927
          ]
        ]
      },
      "id": "way/535346618"
    },
    {
      "type": "Feature",
      "properties": {
        "@id": "way/541764256",
        "highway": "service",
        "service": "parking_aisle",
        "smoothness": "excellent",
        "surface": "asphalt"
      },
      "geometry": {
        "type": "LineString",
        "coordinates": [
          [
            7.0417496,
            46.8849271
          ],
          [
            7.0417113,
            46.8849543
          ]
        ]
      },
      "id": "way/541764256"
    },
    {
      "type": "Feature",
      "properties": {
        "@id": "way/542508674",
        "highway": "service",
        "oneway": "no",
        "service": "driveway",
        "surface": "asphalt"
      },
      "geometry": {
        "type": "LineString",
        "coordinates": [
          [
            7.0410727,
            46.8810896
          ],
          [
            7.04104,
            46.8811236
          ]
        ]
      },
      "id": "way/542508674"
    },
    {
      "type": "Feature",
      "properties": {
        "@id": "way/542508675",
        "highway": "footway"
      },
      "geometry": {
        "type": "LineString",
        "coordinates": [
          [
            7.0410494,
            46.8812659
          ],
          [
            7.040945,
            46.8812205
          ]
        ]
      },
      "id": "way/542508675"
    },
    {
      "type": "Feature",
      "properties": {
        "@id": "way/542508676",
        "highway": "footway"
      },
      "geometry": {
        "type": "LineString",
        "coordinates": [
          [
            7.0412582,
            46.8812535
          ],
          [
            7.0411644,
            46.8812894
          ]
        ]
      },
      "id": "way/542508676"
    },
    {
      "type": "Feature",
      "properties": {
        "@id": "way/544703005",
        "highway": "path",
        "@tainted": true
      },
      "geometry": {
        "type": "LineString",
        "coordinates": [
          [
            6.7286558,
            47.1951021
          ],
          [
            6.7285087,
            47.1952287
          ],
          [
            6.7283358,
            47.1954049
          ],
          [
            6.7282712,
            47.1954738
          ],
          [
            6.7284481,
            47.1956729
          ],
          [
            6.7285101,
            47.1957345
          ],
          [
            6.7291812,
            47.1964857
          ],
          [
            6.7298959,
            47.1972052
          ],
          [
            6.7304158,
            47.1976599
          ],
          [
            6.7308952,
            47.1981734
          ],
          [
            6.7300167,
            47.1978918
          ],
          [
            6.7308014,
            47.1989009
          ]
        ]
      },
      "id": "way/544703005"
    },
    {
      "type": "Feature",
      "properties": {
        "@id": "way/548909086",
        "highway": "track",
        "tracktype": "grade4"
      },
      "geometry": {
        "type": "LineString",
        "coordinates": [
          [
            7.0621836,
            46.8951945
          ],
          [
            7.0628291,
            46.8951003
          ],
          [
            7.0628995,
            46.8950437
          ],
          [
            7.0629344,
            46.8944975
          ],
          [
            7.0630792,
            46.8944847
          ],
          [
            7.0636425,
            46.8945305
          ],
          [
            7.0638812,
            46.8945342
          ],
          [
            7.0641816,
            46.8946258
          ],
          [
            7.0643398,
            46.8945947
          ],
          [
            7.0646054,
            46.8944499
          ],
          [
            7.0650158,
            46.8944938
          ],
          [
            7.0655039,
            46.8946991
          ],
          [
            7.0657078,
            46.8947706
          ],
          [
            7.0659867,
            46.8947559
          ],
          [
            7.0661986,
            46.8947413
          ],
          [
            7.0671588,
            46.8949301
          ],
          [
            7.0677972,
            46.8950767
          ],
          [
            7.0682371,
            46.8951665
          ],
          [
            7.0683483,
            46.8952235
          ]
        ]
      },
      "id": "way/548909086"
    },
    {
      "type": "Feature",
      "properties": {
        "@id": "way/548909087",
        "highway": "path"
      },
      "geometry": {
        "type": "LineString",
        "coordinates": [
          [
            7.0738099,
            46.8954238
          ],
          [
            7.0733513,
            46.8956393
          ],
          [
            7.0722524,
            46.8961585
          ],
          [
            7.0718434,
            46.8963028
          ],
          [
            7.0712754,
            46.896321
          ],
          [
            7.0706326,
            46.8963041
          ],
          [
            7.0701459,
            46.8962369
          ],
          [
            7.0699547,
            46.8961301
          ],
          [
            7.0697851,
            46.8960381
          ],
          [
            7.0697968,
            46.8958961
          ],
          [
            7.0693977,
            46.8957166
          ],
          [
            7.0690453,
            46.8955439
          ],
          [
            7.0688591,
            46.8953633
          ],
          [
            7.0685914,
            46.8951338
          ],
          [
            7.0684983,
            46.8947873
          ],
          [
            7.068485,
            46.8944919
          ],
          [
            7.0686446,
            46.8942806
          ],
          [
            7.0685665,
            46.8942238
          ],
          [
            7.068347,
            46.8942215
          ],
          [
            7.0682273,
            46.8943056
          ],
          [
            7.0681724,
            46.8946362
          ],
          [
            7.068091,
            46.8947611
          ],
          [
            7.0678948,
            46.8947975
          ],
          [
            7.067647,
            46.8947918
          ],
          [
            7.0672613,
            46.8947134
          ],
          [
            7.0670203,
            46.8946498
          ],
          [
            7.0668606,
            46.894576
          ],
          [
            7.0662804,
            46.8944498
          ],
          [
            7.0659978,
            46.8944294
          ],
          [
            7.0658648,
            46.8943385
          ],
          [
            7.0657135,
            46.8942181
          ],
          [
            7.0654608,
            46.8941851
          ],
          [
            7.0643761,
            46.8939062
          ]
        ]
      },
      "id": "way/548909087"
    },
    {
      "type": "Feature",
      "properties": {
        "@id": "way/562313959",
        "highway": "residential",
        "name": "Chemin de la Petite Poya",
        "oneway": "no"
      },
      "geometry": {
        "type": "LineString",
        "coordinates": [
          [
            7.0433157,
            46.8805793
          ],
          [
            7.0434296,
            46.8804681
          ],
          [
            7.0435489,
            46.88036
          ],
          [
            7.043761,
            46.8802376
          ],
          [
            7.043912,
            46.8801893
          ],
          [
            7.0442395,
            46.8801049
          ]
        ]
      },
      "id": "way/562313959"
    },
    {
      "type": "Feature",
      "properties": {
        "@id": "way/571092851",
        "highway": "track",
        "tracktype": "grade2"
      },
      "geometry": {
        "type": "LineString",
        "coordinates": [
          [
            7.0627918,
            46.8769385
          ],
          [
            7.0655272,
            46.8773472
          ],
          [
            7.0659076,
            46.8774007
          ],
          [
            7.0667625,
            46.8774884
          ],
          [
            7.0668925,
            46.8774993
          ],
          [
            7.066945,
            46.8774974
          ],
          [
            7.0670023,
            46.8774895
          ],
          [
            7.067071,
            46.8774725
          ],
          [
            7.0671625,
            46.8774398
          ],
          [
            7.0673301,
            46.8773744
          ],
          [
            7.0675935,
            46.8772708
          ],
          [
            7.0676706,
            46.8772377
          ],
          [
            7.0678625,
            46.8771417
          ],
          [
            7.0679278,
            46.8771142
          ]
        ]
      },
      "id": "way/571092851"
    },
    {
      "type": "Feature",
      "properties": {
        "@id": "way/578251299",
        "highway": "service",
        "service": "driveway"
      },
      "geometry": {
        "type": "LineString",
        "coordinates": [
          [
            7.0210532,
            46.8770388
          ],
          [
            7.0218784,
            46.8762328
          ],
          [
            7.0220393,
            46.8762237
          ],
          [
            7.0228171,
            46.8765042
          ],
          [
            7.0250863,
            46.8769552
          ],
          [
            7.0251547,
            46.8769992
          ],
          [
            7.0251641,
            46.8772632
          ],
          [
            7.0250407,
            46.8776208
          ],
          [
            7.0248932,
            46.877927
          ],
          [
            7.0247295,
            46.8781103
          ],
          [
            7.0241773,
            46.8783713
          ],
          [
            7.0241333,
            46.878401
          ]
        ]
      },
      "id": "way/578251299"
    },
    {
      "type": "Feature",
      "properties": {
        "@id": "way/578251301",
        "highway": "tertiary",
        "maxspeed": "80",
        "maxspeed:type": "CH:rural",
        "name": "Route de l'Industrie",
        "smoothness": "excellent",
        "surface": "asphalt"
      },
      "geometry": {
        "type": "LineString",
        "coordinates": [
          [
            7.024245,
            46.8784496
          ],
          [
            7.0241333,
            46.878401
          ],
          [
            7.0210532,
            46.8770388
          ],
          [
            7.020709,
            46.8768592
          ],
          [
            7.0205928,
            46.8767966
          ]
        ]
      },
      "id": "way/578251301"
    },
    {
      "type": "Feature",
      "properties": {
        "@id": "way/579047996",
        "highway": "path",
        "smoothness": "excellent",
        "surface": "paving_stones"
      },
      "geometry": {
        "type": "LineString",
        "coordinates": [
          [
            7.0320191,
            46.8775241
          ],
          [
            7.031991,
            46.8775492
          ]
        ]
      },
      "id": "way/579047996"
    },
    {
      "type": "Feature",
      "properties": {
        "@id": "way/579047998",
        "highway": "path",
        "smoothness": "excellent",
        "surface": "paving_stones"
      },
      "geometry": {
        "type": "LineString",
        "coordinates": [
          [
            7.0318033,
            46.8771289
          ],
          [
            7.0316599,
            46.8772404
          ],
          [
            7.03161,
            46.8772917
          ]
        ]
      },
      "id": "way/579047998"
    },
    {
      "type": "Feature",
      "properties": {
        "@id": "way/579047999",
        "highway": "path",
        "smoothness": "excellent",
        "surface": "paving_stones"
      },
      "geometry": {
        "type": "LineString",
        "coordinates": [
          [
            7.0316599,
            46.8772404
          ],
          [
            7.0318678,
            46.8773344
          ]
        ]
      },
      "id": "way/579047999"
    },
    {
      "type": "Feature",
      "properties": {
        "@id": "way/580255387",
        "highway": "track",
        "smoothness": "good",
        "surface": "ground",
        "tracktype": "grade3"
      },
      "geometry": {
        "type": "LineString",
        "coordinates": [
          [
            7.0251547,
            46.8769992
          ],
          [
            7.0253807,
            46.876939
          ]
        ]
      },
      "id": "way/580255387"
    },
    {
      "type": "Feature",
      "properties": {
        "@id": "way/580255389",
        "bridge": "yes",
        "highway": "track",
        "smoothness": "good",
        "tracktype": "grade3"
      },
      "geometry": {
        "type": "LineString",
        "coordinates": [
          [
            7.0253807,
            46.876939
          ],
          [
            7.0254264,
            46.8769361
          ]
        ]
      },
      "id": "way/580255389"
    },
    {
      "type": "Feature",
      "properties": {
        "@id": "way/580255391",
        "highway": "track",
        "smoothness": "good",
        "surface": "ground",
        "tracktype": "grade3"
      },
      "geometry": {
        "type": "LineString",
        "coordinates": [
          [
            7.0254264,
            46.8769361
          ],
          [
            7.0262544,
            46.8771092
          ],
          [
            7.0290318,
            46.8776428
          ],
          [
            7.0296983,
            46.8778261
          ],
          [
            7.0300877,
            46.8779552
          ]
        ]
      },
      "id": "way/580255391"
    },
    {
      "type": "Feature",
      "properties": {
        "@id": "way/580273918",
        "bridge": "yes",
        "highway": "primary",
        "layer": "1",
        "lit": "no",
        "maxspeed": "80",
        "maxspeed:type": "CH:rural",
        "name": "Route de Domdidier",
        "rcrc_ref": "601a",
        "ref": "1"
      },
      "geometry": {
        "type": "LineString",
        "coordinates": [
          [
            7.0302965,
            46.8753341
          ],
          [
            7.0303509,
            46.875354
          ]
        ]
      },
      "id": "way/580273918"
    },
    {
      "type": "Feature",
      "properties": {
        "@id": "way/580273919",
        "highway": "service",
        "service": "driveway"
      },
      "geometry": {
        "type": "LineString",
        "coordinates": [
          [
            7.0310685,
            46.875638
          ],
          [
            7.0311622,
            46.875554
          ]
        ]
      },
      "id": "way/580273919"
    },
    {
      "type": "Feature",
      "properties": {
        "@id": "way/580273920",
        "highway": "service",
        "service": "driveway"
      },
      "geometry": {
        "type": "LineString",
        "coordinates": [
          [
            7.0315478,
            46.8758298
          ],
          [
            7.0316429,
            46.8757139
          ]
        ]
      },
      "id": "way/580273920"
    },
    {
      "type": "Feature",
      "properties": {
        "@id": "way/580273921",
        "highway": "primary",
        "lit": "no",
        "maxspeed": "80",
        "maxspeed:type": "CH:rural",
        "name": "Route de Domdidier",
        "rcrc_ref": "601a",
        "ref": "1"
      },
      "geometry": {
        "type": "LineString",
        "coordinates": [
          [
            7.0303509,
            46.875354
          ],
          [
            7.0304355,
            46.8753867
          ]
        ]
      },
      "id": "way/580273921"
    },
    {
      "type": "Feature",
      "properties": {
        "@id": "way/580273922",
        "bridge": "yes",
        "highway": "primary",
        "layer": "1",
        "lit": "no",
        "maxspeed": "80",
        "maxspeed:type": "CH:rural",
        "name": "Vy-d'Avenches",
        "ref": "1"
      },
      "geometry": {
        "type": "LineString",
        "coordinates": [
          [
            7.0302516,
            46.8753176
          ],
          [
            7.0302965,
            46.8753341
          ]
        ]
      },
      "id": "way/580273922"
    },
    {
      "type": "Feature",
      "properties": {
        "@id": "way/581713698",
        "highway": "service",
        "service": "driveway"
      },
      "geometry": {
        "type": "LineString",
        "coordinates": [
          [
            7.0312031,
            46.8755132
          ],
          [
            7.0313653,
            46.8753793
          ],
          [
            7.0316564,
            46.8753711
          ],
          [
            7.0318119,
            46.875405
          ],
          [
            7.0318186,
            46.8754628
          ],
          [
            7.0316684,
            46.8756855
          ]
        ]
      },
      "id": "way/581713698"
    },
    {
      "type": "Feature",
      "properties": {
        "@id": "way/581713699",
        "bridge": "yes",
        "highway": "service",
        "service": "driveway"
      },
      "geometry": {
        "type": "LineString",
        "coordinates": [
          [
            7.0312031,
            46.8755132
          ],
          [
            7.0311622,
            46.875554
          ]
        ]
      },
      "id": "way/581713699"
    },
    {
      "type": "Feature",
      "properties": {
        "@id": "way/581713700",
        "bridge": "yes",
        "highway": "service",
        "service": "driveway"
      },
      "geometry": {
        "type": "LineString",
        "coordinates": [
          [
            7.0316684,
            46.8756855
          ],
          [
            7.0316429,
            46.8757139
          ]
        ]
      },
      "id": "way/581713700"
    },
    {
      "type": "Feature",
      "properties": {
        "@id": "way/619473410",
        "highway": "track"
      },
      "geometry": {
        "type": "LineString",
        "coordinates": [
          [
            7.0205775,
            46.8863644
          ],
          [
            7.0206547,
            46.8863076
          ],
          [
            7.0206906,
            46.8862856
          ],
          [
            7.0207319,
            46.8862672
          ],
          [
            7.020908,
            46.8862217
          ],
          [
            7.0209786,
            46.886193
          ],
          [
            7.0210297,
            46.8861591
          ],
          [
            7.0216169,
            46.8855985
          ],
          [
            7.0240863,
            46.8833116
          ],
          [
            7.0246587,
            46.8827553
          ]
        ]
      },
      "id": "way/619473410"
    },
    {
      "type": "Feature",
      "properties": {
        "@id": "way/664368976",
        "highway": "residential",
        "maxspeed": "10"
      },
      "geometry": {
        "type": "LineString",
        "coordinates": [
          [
            7.047314,
            46.9012246
          ],
          [
            7.0472212,
            46.9012496
          ],
          [
            7.0471362,
            46.9012954
          ],
          [
            7.0470063,
            46.9013688
          ],
          [
            7.0468107,
            46.9014361
          ],
          [
            7.0467239,
            46.9014536
          ],
          [
            7.0465259,
            46.9015044
          ],
          [
            7.0463699,
            46.9015572
          ],
          [
            7.0462207,
            46.9016129
          ],
          [
            7.0460863,
            46.9016418
          ],
          [
            7.0459859,
            46.9016862
          ],
          [
            7.0457716,
            46.901729
          ],
          [
            7.0456589,
            46.9017398
          ],
          [
            7.0453442,
            46.9017465
          ],
          [
            7.0452962,
            46.901731
          ],
          [
            7.0452653,
            46.9016932
          ],
          [
            7.0452723,
            46.9016144
          ],
          [
            7.0452867,
            46.9015655
          ],
          [
            7.0453199,
            46.90154
          ],
          [
            7.0453828,
            46.9015263
          ],
          [
            7.0458887,
            46.901502
          ],
          [
            7.0459621,
            46.9015073
          ]
        ]
      },
      "id": "way/664368976"
    },
    {
      "type": "Feature",
      "properties": {
        "@id": "way/664373564",
        "highway": "residential",
        "maxspeed": "10"
      },
      "geometry": {
        "type": "LineString",
        "coordinates": [
          [
            7.050308,
            46.8987543
          ],
          [
            7.0503222,
            46.8988171
          ]
        ]
      },
      "id": "way/664373564"
    },
    {
      "type": "Feature",
      "properties": {
        "@id": "way/664375195",
        "highway": "service",
        "oneway": "yes",
        "service": "driveway",
        "vehicle": "private"
      },
      "geometry": {
        "type": "LineString",
        "coordinates": [
          [
            7.0488466,
            46.8872143
          ],
          [
            7.0480334,
            46.887727
          ],
          [
            7.0477963,
            46.887546
          ],
          [
            7.0477427,
            46.887504
          ]
        ]
      },
      "id": "way/664375195"
    },
    {
      "type": "Feature",
      "properties": {
        "@id": "way/664388152",
        "highway": "service",
        "maxspeed": "10",
        "oneway": "yes"
      },
      "geometry": {
        "type": "LineString",
        "coordinates": [
          [
            7.0471574,
            46.8984348
          ],
          [
            7.0459278,
            46.8999719
          ],
          [
            7.0459038,
            46.9000062
          ],
          [
            7.0458898,
            46.9000527
          ],
          [
            7.045908,
            46.9000741
          ],
          [
            7.0459431,
            46.9000805
          ],
          [
            7.046629,
            46.9000657
          ]
        ]
      },
      "id": "way/664388152"
    },
    {
      "type": "Feature",
      "properties": {
        "@id": "way/664388153",
        "highway": "service",
        "maxspeed": "10",
        "name": "JCM",
        "oneway": "yes"
      },
      "geometry": {
        "type": "LineString",
        "coordinates": [
          [
            7.0489353,
            46.8990801
          ],
          [
            7.0489237,
            46.8990986
          ],
          [
            7.0486852,
            46.8994883
          ],
          [
            7.0486274,
            46.899741
          ],
          [
            7.0486018,
            46.8999131
          ],
          [
            7.0486117,
            46.9000648
          ],
          [
            7.0486125,
            46.9000765
          ],
          [
            7.0486685,
            46.9003205
          ],
          [
            7.0488106,
            46.9006521
          ]
        ]
      },
      "id": "way/664388153"
    },
    {
      "type": "Feature",
      "properties": {
        "@id": "way/664388860",
        "highway": "service",
        "maxspeed": "10",
        "oneway": "no"
      },
      "geometry": {
        "type": "LineString",
        "coordinates": [
          [
            7.0511142,
            46.8969627
          ],
          [
            7.0508604,
            46.897556
          ],
          [
            7.0506728,
            46.8979961
          ],
          [
            7.0503222,
            46.8988171
          ],
          [
            7.0501546,
            46.8995
          ]
        ]
      },
      "id": "way/664388860"
    },
    {
      "type": "Feature",
      "properties": {
        "@id": "way/664388861",
        "highway": "service",
        "maxspeed": "10",
        "oneway": "no"
      },
      "geometry": {
        "type": "LineString",
        "coordinates": [
          [
            7.050561,
            46.8967797
          ],
          [
            7.050994,
            46.8969045
          ],
          [
            7.0511142,
            46.8969627
          ]
        ]
      },
      "id": "way/664388861"
    },
    {
      "type": "Feature",
      "properties": {
        "@id": "way/664388862",
        "highway": "service",
        "maxspeed": "10",
        "oneway": "yes"
      },
      "geometry": {
        "type": "LineString",
        "coordinates": [
          [
            7.0471574,
            46.8984348
          ],
          [
            7.0468673,
            46.8989533
          ],
          [
            7.0467271,
            46.8993095
          ],
          [
            7.0466552,
            46.8996755
          ],
          [
            7.046629,
            46.9000657
          ],
          [
            7.046675,
            46.9003125
          ],
          [
            7.0467055,
            46.9004762
          ],
          [
            7.0467437,
            46.9006221
          ],
          [
            7.0467748,
            46.9007106
          ],
          [
            7.0468581,
            46.9009291
          ],
          [
            7.0469433,
            46.9011003
          ],
          [
            7.0469954,
            46.9011555
          ],
          [
            7.0470734,
            46.9011887
          ],
          [
            7.0471463,
            46.9011841
          ]
        ]
      },
      "id": "way/664388862"
    },
    {
      "type": "Feature",
      "properties": {
        "@id": "way/664617118",
        "highway": "service",
        "maxspeed": "10"
      },
      "geometry": {
        "type": "LineString",
        "coordinates": [
          [
            7.0496253,
            46.9004414
          ],
          [
            7.0495323,
            46.9004583
          ]
        ]
      },
      "id": "way/664617118"
    },
    {
      "type": "Feature",
      "properties": {
        "@id": "way/664617119",
        "highway": "service",
        "maxspeed": "10",
        "oneway": "yes",
        "service": "parking_aisle"
      },
      "geometry": {
        "type": "LineString",
        "coordinates": [
          [
            7.0488696,
            46.9008673
          ],
          [
            7.0488948,
            46.9008608
          ],
          [
            7.048962,
            46.9008433
          ],
          [
            7.0490619,
            46.9008215
          ],
          [
            7.0491528,
            46.9007659
          ],
          [
            7.0492433,
            46.9006879
          ],
          [
            7.0494169,
            46.9005621
          ],
          [
            7.0494449,
            46.9005427
          ]
        ]
      },
      "id": "way/664617119"
    },
    {
      "type": "Feature",
      "properties": {
        "@id": "way/664617120",
        "highway": "residential",
        "maxspeed": "10"
      },
      "geometry": {
        "type": "LineString",
        "coordinates": [
          [
            7.0475028,
            46.9012279
          ],
          [
            7.047314,
            46.9012246
          ]
        ]
      },
      "id": "way/664617120"
    },
    {
      "type": "Feature",
      "properties": {
        "@id": "way/664617121",
        "highway": "service",
        "maxspeed": "10",
        "oneway": "yes",
        "service": "parking_aisle",
        "surface": "asphalt"
      },
      "geometry": {
        "type": "LineString",
        "coordinates": [
          [
            7.0495051,
            46.9006154
          ],
          [
            7.0493755,
            46.9007174
          ],
          [
            7.0492152,
            46.9008207
          ],
          [
            7.0489074,
            46.9009323
          ],
          [
            7.0488226,
            46.900963
          ],
          [
            7.0485062,
            46.9010807
          ],
          [
            7.0483156,
            46.901133
          ],
          [
            7.0475028,
            46.9012279
          ]
        ]
      },
      "id": "way/664617121"
    },
    {
      "type": "Feature",
      "properties": {
        "@id": "way/664619559",
        "highway": "service",
        "maxspeed": "10",
        "name": "JCM",
        "oneway": "yes"
      },
      "geometry": {
        "type": "LineString",
        "coordinates": [
          [
            7.0483527,
            46.8988735
          ],
          [
            7.0481455,
            46.8991735
          ],
          [
            7.0480197,
            46.8994609
          ],
          [
            7.047989,
            46.8996018
          ],
          [
            7.047955,
            46.8998023
          ],
          [
            7.0479482,
            46.9000134
          ],
          [
            7.0479611,
            46.9001362
          ],
          [
            7.0479837,
            46.9003522
          ],
          [
            7.0480333,
            46.9005236
          ],
          [
            7.0481024,
            46.9006931
          ],
          [
            7.0481884,
            46.9008417
          ]
        ]
      },
      "id": "way/664619559"
    },
    {
      "type": "Feature",
      "properties": {
        "@id": "way/664619560",
        "highway": "service",
        "maxspeed": "10",
        "name": "JCM",
        "oneway": "yes"
      },
      "geometry": {
        "type": "LineString",
        "coordinates": [
          [
            7.0477715,
            46.8986599
          ],
          [
            7.0475596,
            46.8989401
          ],
          [
            7.0474481,
            46.8991808
          ],
          [
            7.0473403,
            46.8995198
          ],
          [
            7.0472935,
            46.8998883
          ],
          [
            7.0473287,
            46.900233
          ],
          [
            7.0473306,
            46.9002519
          ],
          [
            7.047335,
            46.9002753
          ],
          [
            7.0473798,
            46.9005122
          ],
          [
            7.047538,
            46.9008807
          ],
          [
            7.0476407,
            46.9010241
          ]
        ]
      },
      "id": "way/664619560"
    },
    {
      "type": "Feature",
      "properties": {
        "@id": "way/664619561",
        "highway": "service",
        "maxspeed": "10",
        "oneway": "yes"
      },
      "geometry": {
        "type": "LineString",
        "coordinates": [
          [
            7.0477715,
            46.8986599
          ],
          [
            7.0471574,
            46.8984348
          ]
        ]
      },
      "id": "way/664619561"
    },
    {
      "type": "Feature",
      "properties": {
        "@id": "way/664622124",
        "bicycle": "no",
        "highway": "footway",
        "horse": "no",
        "width": "1"
      },
      "geometry": {
        "type": "LineString",
        "coordinates": [
          [
            7.0479611,
            46.9001362
          ],
          [
            7.0486117,
            46.9000648
          ]
        ]
      },
      "id": "way/664622124"
    },
    {
      "type": "Feature",
      "properties": {
        "@id": "way/669961572",
        "highway": "service",
        "oneway": "no",
        "service": "driveway",
        "vehicle": "private"
      },
      "geometry": {
        "type": "LineString",
        "coordinates": [
          [
            7.0477427,
            46.887504
          ],
          [
            7.0473012,
            46.8871696
          ]
        ]
      },
      "id": "way/669961572"
    },
    {
      "type": "Feature",
      "properties": {
        "@id": "way/669970083",
        "highway": "service",
        "smoothness": "excellent",
        "surface": "asphalt"
      },
      "geometry": {
        "type": "LineString",
        "coordinates": [
          [
            7.0492768,
            46.8868725
          ],
          [
            7.0490605,
            46.8869175
          ],
          [
            7.048995,
            46.8868746
          ],
          [
            7.0488705,
            46.8867931
          ],
          [
            7.0489776,
            46.8866658
          ]
        ]
      },
      "id": "way/669970083"
    },
    {
      "type": "Feature",
      "properties": {
        "@id": "way/669970084",
        "highway": "footway"
      },
      "geometry": {
        "type": "LineString",
        "coordinates": [
          [
            7.0490195,
            46.8870122
          ],
          [
            7.0489322,
            46.8870706
          ],
          [
            7.0488604,
            46.8870659
          ],
          [
            7.0487742,
            46.8869977
          ],
          [
            7.0486497,
            46.8870821
          ],
          [
            7.0485536,
            46.8871366
          ]
        ]
      },
      "id": "way/669970084"
    },
    {
      "type": "Feature",
      "properties": {
        "@id": "way/677245201",
        "access": "permissive",
        "bicycle": "no",
        "foot": "permissive",
        "highway": "footway",
        "horse": "no",
        "surface": "paved"
      },
      "geometry": {
        "type": "LineString",
        "coordinates": [
          [
            7.0479611,
            46.9001362
          ],
          [
            7.0477097,
            46.9001645
          ],
          [
            7.0473287,
            46.900233
          ]
        ]
      },
      "id": "way/677245201"
    },
    {
      "type": "Feature",
      "properties": {
        "@id": "way/677245204",
        "access": "permissive",
        "bicycle": "no",
        "foot": "permissive",
        "highway": "footway",
        "horse": "no",
        "surface": "paved"
      },
      "geometry": {
        "type": "LineString",
        "coordinates": [
          [
            7.047335,
            46.9002753
          ],
          [
            7.0470756,
            46.9002856
          ],
          [
            7.046675,
            46.9003125
          ]
        ]
      },
      "id": "way/677245204"
    },
    {
      "type": "Feature",
      "properties": {
        "@id": "way/677245207",
        "access": "permissive",
        "bicycle": "no",
        "foot": "permissive",
        "highway": "footway",
        "horse": "no",
        "surface": "paved"
      },
      "geometry": {
        "type": "LineString",
        "coordinates": [
          [
            7.0471362,
            46.9012954
          ],
          [
            7.0470917,
            46.901244
          ],
          [
            7.0469954,
            46.9011555
          ]
        ]
      },
      "id": "way/677245207"
    },
    {
      "type": "Feature",
      "properties": {
        "@id": "way/677245556",
        "access": "permissive",
        "bicycle": "no",
        "foot": "permissive",
        "highway": "footway",
        "horse": "no",
        "surface": "paved"
      },
      "geometry": {
        "type": "LineString",
        "coordinates": [
          [
            7.0490855,
            46.8976963
          ],
          [
            7.0488928,
            46.8975029
          ],
          [
            7.0487114,
            46.8973103
          ]
        ]
      },
      "id": "way/677245556"
    },
    {
      "type": "Feature",
      "properties": {
        "@id": "way/677245557",
        "access": "permissive",
        "bicycle": "no",
        "foot": "permissive",
        "highway": "footway",
        "horse": "no",
        "surface": "paved"
      },
      "geometry": {
        "type": "LineString",
        "coordinates": [
          [
            7.0494,
            46.8980759
          ],
          [
            7.0492358,
            46.8978855
          ],
          [
            7.0490668,
            46.8977045
          ]
        ]
      },
      "id": "way/677245557"
    },
    {
      "type": "Feature",
      "properties": {
        "@id": "way/679112470",
        "bicycle": "no",
        "foot": "permissive",
        "highway": "footway",
        "horse": "no",
        "motor_vehicle": "no",
        "surface": "paved"
      },
      "geometry": {
        "type": "LineString",
        "coordinates": [
          [
            7.0489134,
            46.8972291
          ],
          [
            7.0485977,
            46.8968337
          ]
        ]
      },
      "id": "way/679112470"
    },
    {
      "type": "Feature",
      "properties": {
        "@id": "way/679118859",
        "access": "designated",
        "bicycle": "no",
        "foot": "permissive",
        "highway": "footway",
        "horse": "no",
        "motor_vehicle": "no"
      },
      "geometry": {
        "type": "LineString",
        "coordinates": [
          [
            7.0506728,
            46.8979961
          ],
          [
            7.050347,
            46.897906
          ]
        ]
      },
      "id": "way/679118859"
    },
    {
      "type": "Feature",
      "properties": {
        "@id": "way/679118910",
        "access": "designated",
        "bicycle": "no",
        "foot": "permissive",
        "highway": "footway",
        "horse": "no",
        "motor_vehicle": "no"
      },
      "geometry": {
        "type": "LineString",
        "coordinates": [
          [
            7.0508604,
            46.897556
          ],
          [
            7.050397,
            46.8974285
          ]
        ]
      },
      "id": "way/679118910"
    },
    {
      "type": "Feature",
      "properties": {
        "@id": "way/684109134",
        "highway": "footway",
        "smoothness": "excellent",
        "surface": "asphalt"
      },
      "geometry": {
        "type": "LineString",
        "coordinates": [
          [
            7.0409296,
            46.8844
          ],
          [
            7.0407592,
            46.8845156
          ]
        ]
      },
      "id": "way/684109134"
    },
    {
      "type": "Feature",
      "properties": {
        "@id": "way/690968276",
        "highway": "service",
        "service": "driveway"
      },
      "geometry": {
        "type": "LineString",
        "coordinates": [
          [
            7.0469653,
            46.8932459
          ],
          [
            7.0469932,
            46.8933733
          ],
          [
            7.0473057,
            46.8934897
          ]
        ]
      },
      "id": "way/690968276"
    },
    {
      "type": "Feature",
      "properties": {
        "@id": "way/691311132",
        "highway": "service",
        "service": "driveway"
      },
      "geometry": {
        "type": "LineString",
        "coordinates": [
          [
            7.0481954,
            46.8924031
          ],
          [
            7.0481165,
            46.8924495
          ]
        ]
      },
      "id": "way/691311132"
    },
    {
      "type": "Feature",
      "properties": {
        "@id": "way/691311134",
        "highway": "path"
      },
      "geometry": {
        "type": "LineString",
        "coordinates": [
          [
            7.047749,
            46.8921736
          ],
          [
            7.0476299,
            46.8922903
          ],
          [
            7.0476157,
            46.8923064
          ]
        ]
      },
      "id": "way/691311134"
    },
    {
      "type": "Feature",
      "properties": {
        "@id": "way/691311138",
        "highway": "service",
        "service": "driveway"
      },
      "geometry": {
        "type": "LineString",
        "coordinates": [
          [
            7.0478174,
            46.8926687
          ],
          [
            7.0476388,
            46.892599
          ],
          [
            7.0475334,
            46.8925589
          ]
        ]
      },
      "id": "way/691311138"
    },
    {
      "type": "Feature",
      "properties": {
        "@id": "way/691311140",
        "highway": "path"
      },
      "geometry": {
        "type": "LineString",
        "coordinates": [
          [
            7.0476299,
            46.8922903
          ],
          [
            7.047763,
            46.8923798
          ],
          [
            7.047779,
            46.8924268
          ]
        ]
      },
      "id": "way/691311140"
    },
    {
      "type": "Feature",
      "properties": {
        "@id": "way/691311143",
        "highway": "service",
        "service": "parking_aisle"
      },
      "geometry": {
        "type": "LineString",
        "coordinates": [
          [
            7.0476388,
            46.892599
          ],
          [
            7.047779,
            46.8924268
          ]
        ]
      },
      "id": "way/691311143"
    },
    {
      "type": "Feature",
      "properties": {
        "@id": "way/699074618",
        "highway": "service",
        "maxspeed": "10",
        "service": "parking_aisle"
      },
      "geometry": {
        "type": "LineString",
        "coordinates": [
          [
            7.0488652,
            46.9007757
          ],
          [
            7.049328,
            46.9004094
          ],
          [
            7.0494051,
            46.9003867
          ]
        ]
      },
      "id": "way/699074618"
    },
    {
      "type": "Feature",
      "properties": {
        "@id": "way/717061920",
        "highway": "service",
        "maxspeed": "10",
        "oneway": "yes"
      },
      "geometry": {
        "type": "LineString",
        "coordinates": [
          [
            7.0494754,
            46.9005675
          ],
          [
            7.0494292,
            46.9006368
          ],
          [
            7.0493755,
            46.9007174
          ]
        ]
      },
      "id": "way/717061920"
    },
    {
      "type": "Feature",
      "properties": {
        "@id": "way/717061921",
        "highway": "service",
        "maxspeed": "10",
        "oneway": "yes"
      },
      "geometry": {
        "type": "LineString",
        "coordinates": [
          [
            7.0492433,
            46.9006879
          ],
          [
            7.0493552,
            46.9006577
          ],
          [
            7.0494292,
            46.9006368
          ],
          [
            7.0495051,
            46.9006154
          ]
        ]
      },
      "id": "way/717061921"
    },
    {
      "type": "Feature",
      "properties": {
        "@id": "way/717061922",
        "highway": "service",
        "maxspeed": "10",
        "service": "parking_aisle"
      },
      "geometry": {
        "type": "LineString",
        "coordinates": [
          [
            7.0494449,
            46.9005427
          ],
          [
            7.0495323,
            46.9004583
          ],
          [
            7.0494051,
            46.9003867
          ],
          [
            7.0495359,
            46.9000964
          ],
          [
            7.0495682,
            46.9000249
          ],
          [
            7.0498433,
            46.8994658
          ],
          [
            7.0500381,
            46.899547
          ],
          [
            7.0499527,
            46.8997321
          ],
          [
            7.0496253,
            46.9004414
          ],
          [
            7.0495525,
            46.9005075
          ],
          [
            7.0494754,
            46.9005675
          ]
        ]
      },
      "id": "way/717061922"
    },
    {
      "type": "Feature",
      "properties": {
        "@id": "way/724167299",
        "highway": "service",
        "service": "driveway"
      },
      "geometry": {
        "type": "LineString",
        "coordinates": [
          [
            7.0390511,
            46.8832252
          ],
          [
            7.0390727,
            46.8831963
          ],
          [
            7.0391491,
            46.8831423
          ],
          [
            7.0392565,
            46.8831372
          ],
          [
            7.0393703,
            46.8830758
          ]
        ]
      },
      "id": "way/724167299"
    },
    {
      "type": "Feature",
      "properties": {
        "@id": "way/724167300",
        "highway": "service",
        "service": "driveway"
      },
      "geometry": {
        "type": "LineString",
        "coordinates": [
          [
            7.0391469,
            46.8834181
          ],
          [
            7.0392415,
            46.8833517
          ],
          [
            7.0390511,
            46.8832252
          ],
          [
            7.0389579,
            46.8832906
          ]
        ]
      },
      "id": "way/724167300"
    },
    {
      "type": "Feature",
      "properties": {
        "@id": "way/724178469",
        "highway": "footway",
        "lit": "no",
        "name": "Chemin des Marronniers",
        "oneway": "no",
        "surface": "gravel",
        "width": "2"
      },
      "geometry": {
        "type": "LineString",
        "coordinates": [
          [
            7.0383388,
            46.87987
          ],
          [
            7.0383181,
            46.8798813
          ],
          [
            7.0382633,
            46.8799078
          ],
          [
            7.0381443,
            46.8799535
          ]
        ]
      },
      "id": "way/724178469"
    },
    {
      "type": "Feature",
      "properties": {
        "@id": "way/724181309",
        "highway": "steps",
        "step_count": "1",
        "tunnel": "building_passage"
      },
      "geometry": {
        "type": "LineString",
        "coordinates": [
          [
            7.0401442,
            46.880172
          ],
          [
            7.0401715,
            46.8801869
          ]
        ]
      },
      "id": "way/724181309"
    },
    {
      "type": "Feature",
      "properties": {
        "@id": "way/724181310",
        "highway": "path",
        "tunnel": "building_passage"
      },
      "geometry": {
        "type": "LineString",
        "coordinates": [
          [
            7.0400055,
            46.8802909
          ],
          [
            7.0401442,
            46.880172
          ]
        ]
      },
      "id": "way/724181310"
    },
    {
      "type": "Feature",
      "properties": {
        "@id": "way/724181311",
        "highway": "steps",
        "step_count": "5",
        "tunnel": "building_passage"
      },
      "geometry": {
        "type": "LineString",
        "coordinates": [
          [
            7.0400328,
            46.8803058
          ],
          [
            7.0400055,
            46.8802909
          ]
        ]
      },
      "id": "way/724181311"
    },
    {
      "type": "Feature",
      "properties": {
        "@id": "way/744487853",
        "cycleway:both": "no",
        "highway": "residential",
        "lane_markings": "no",
        "maxspeed": "50",
        "name": "Route du Moulin",
        "sidewalk": "right",
        "smoothness": "excellent",
        "surface": "asphalt"
      },
      "geometry": {
        "type": "LineString",
        "coordinates": [
          [
            7.0423627,
            46.8853252
          ],
          [
            7.0424216,
            46.8853223
          ],
          [
            7.0424865,
            46.8853083
          ],
          [
            7.0427234,
            46.8851354
          ],
          [
            7.0428858,
            46.8850452
          ],
          [
            7.0430783,
            46.8849345
          ],
          [
            7.0433845,
            46.8847584
          ],
          [
            7.0435253,
            46.8846774
          ],
          [
            7.0435587,
            46.8846586
          ],
          [
            7.0437455,
            46.8845537
          ],
          [
            7.043976,
            46.8844243
          ],
          [
            7.0440775,
            46.8843652
          ],
          [
            7.0441813,
            46.8843016
          ]
        ]
      },
      "id": "way/744487853"
    },
    {
      "type": "Feature",
      "properties": {
        "@id": "way/803306028",
        "highway": "service",
        "oneway": "no",
        "service": "parking_aisle"
      },
      "geometry": {
        "type": "LineString",
        "coordinates": [
          [
            7.0450745,
            46.8855438
          ],
          [
            7.0453414,
            46.8857622
          ]
        ]
      },
      "id": "way/803306028"
    },
    {
      "type": "Feature",
      "properties": {
        "@id": "way/803306029",
        "highway": "service",
        "oneway": "no",
        "service": "parking_aisle"
      },
      "geometry": {
        "type": "LineString",
        "coordinates": [
          [
            7.0447442,
            46.8857199
          ],
          [
            7.0450745,
            46.8855438
          ]
        ]
      },
      "id": "way/803306029"
    },
    {
      "type": "Feature",
      "properties": {
        "@id": "way/804198131",
        "highway": "residential",
        "name": "Chemin des Hôteaux"
      },
      "geometry": {
        "type": "LineString",
        "coordinates": [
          [
            7.0554449,
            46.875416
          ],
          [
            7.0555579,
            46.8752443
          ]
        ]
      },
      "id": "way/804198131"
    },
    {
      "type": "Feature",
      "properties": {
        "@id": "way/825378441",
        "forestry": "yes",
        "highway": "track",
        "motor_vehicle": "no"
      },
      "geometry": {
        "type": "LineString",
        "coordinates": [
          [
            7.0223469,
            46.8895533
          ],
          [
            7.0232256,
            46.890561
          ],
          [
            7.0239179,
            46.8916282
          ],
          [
            7.0249644,
            46.8927505
          ],
          [
            7.0253991,
            46.8931795
          ],
          [
            7.0262685,
            46.8944228
          ],
          [
            7.0276531,
            46.895743
          ],
          [
            7.0293214,
            46.8971824
          ],
          [
            7.0308957,
            46.8986448
          ],
          [
            7.0311028,
            46.8989387
          ],
          [
            7.0313195,
            46.8991014
          ],
          [
            7.0328373,
            46.9000554
          ],
          [
            7.0334662,
            46.9006198
          ]
        ]
      },
      "id": "way/825378441"
    },
    {
      "type": "Feature",
      "properties": {
        "@id": "way/825378473",
        "bicycle": "use_sidepath",
        "highway": "secondary",
        "lane_markings": "yes",
        "lanes": "2",
        "lit": "no",
        "maxspeed": "80",
        "name": "Route de Salavaux",
        "rcrc_ref": "505c",
        "ref": "152",
        "surface": "asphalt"
      },
      "geometry": {
        "type": "LineString",
        "coordinates": [
          [
            7.0415447,
            46.9028436
          ],
          [
            7.0416403,
            46.902817
          ],
          [
            7.0444617,
            46.9021261
          ]
        ]
      },
      "id": "way/825378473"
    },
    {
      "type": "Feature",
      "properties": {
        "@id": "way/825378475",
        "bicycle": "designated",
        "foot": "designated",
        "highway": "cycleway",
        "lit": "no",
        "segregated": "no"
      },
      "geometry": {
        "type": "LineString",
        "coordinates": [
          [
            7.0415745,
            46.9028945
          ],
          [
            7.044235,
            46.9022447
          ],
          [
            7.044358,
            46.9022191
          ],
          [
            7.0444467,
            46.9022154
          ],
          [
            7.0444858,
            46.9022091
          ],
          [
            7.0445137,
            46.9022027
          ],
          [
            7.044604,
            46.9021602
          ],
          [
            7.0447764,
            46.9021189
          ]
        ]
      },
      "id": "way/825378475"
    },
    {
      "type": "Feature",
      "properties": {
        "@id": "way/850640908",
        "highway": "track",
        "tracktype": "grade3"
      },
      "geometry": {
        "type": "LineString",
        "coordinates": [
          [
            7.0530805,
            46.8934979
          ],
          [
            7.0530067,
            46.8934484
          ]
        ]
      },
      "id": "way/850640908"
    },
    {
      "type": "Feature",
      "properties": {
        "@id": "way/850640909",
        "bridge": "yes",
        "highway": "track",
        "layer": "1",
        "tracktype": "grade3"
      },
      "geometry": {
        "type": "LineString",
        "coordinates": [
          [
            7.0532314,
            46.8936068
          ],
          [
            7.0530805,
            46.8934979
          ]
        ]
      },
      "id": "way/850640909"
    },
    {
      "type": "Feature",
      "properties": {
        "@id": "way/850640910",
        "highway": "track",
        "tracktype": "grade3"
      },
      "geometry": {
        "type": "LineString",
        "coordinates": [
          [
            7.0533219,
            46.8937435
          ],
          [
            7.0533139,
            46.893684
          ],
          [
            7.0532961,
            46.8936544
          ],
          [
            7.0532314,
            46.8936068
          ]
        ]
      },
      "id": "way/850640910"
    },
    {
      "type": "Feature",
      "properties": {
        "@id": "way/850640911",
        "highway": "track",
        "tracktype": "grade2"
      },
      "geometry": {
        "type": "LineString",
        "coordinates": [
          [
            7.0577261,
            46.8987434
          ],
          [
            7.0567283,
            46.8986518
          ],
          [
            7.0536602,
            46.8983875
          ],
          [
            7.0510651,
            46.8981643
          ],
          [
            7.0510294,
            46.8981486
          ],
          [
            7.0510028,
            46.8981256
          ],
          [
            7.0509909,
            46.8981005
          ],
          [
            7.0509937,
            46.8980741
          ],
          [
            7.051207,
            46.8975796
          ],
          [
            7.0514682,
            46.8970296
          ],
          [
            7.051493,
            46.896986
          ],
          [
            7.0515825,
            46.8968465
          ]
        ]
      },
      "id": "way/850640911"
    },
    {
      "type": "Feature",
      "properties": {
        "@id": "way/850640912",
        "highway": "track",
        "tracktype": "grade2"
      },
      "geometry": {
        "type": "LineString",
        "coordinates": [
          [
            7.0514512,
            46.8968114
          ],
          [
            7.0515825,
            46.8968465
          ],
          [
            7.0516408,
            46.8967622
          ],
          [
            7.051667,
            46.8967204
          ],
          [
            7.0516904,
            46.8966784
          ],
          [
            7.0518912,
            46.8963122
          ],
          [
            7.0521456,
            46.8958361
          ],
          [
            7.0522631,
            46.8956128
          ],
          [
            7.0524066,
            46.8953597
          ],
          [
            7.0525317,
            46.8951839
          ],
          [
            7.0525924,
            46.8950953
          ],
          [
            7.0526496,
            46.8950061
          ],
          [
            7.0526985,
            46.8949244
          ],
          [
            7.0527432,
            46.8948419
          ],
          [
            7.0528981,
            46.8945509
          ],
          [
            7.0531368,
            46.8940551
          ],
          [
            7.0532409,
            46.8938174
          ],
          [
            7.0532585,
            46.8937899
          ],
          [
            7.0532843,
            46.8937618
          ],
          [
            7.0533219,
            46.8937435
          ],
          [
            7.0533809,
            46.8937408
          ],
          [
            7.0534292,
            46.8937536
          ],
          [
            7.053515,
            46.8938086
          ],
          [
            7.0540635,
            46.8942219
          ],
          [
            7.0548628,
            46.8948167
          ],
          [
            7.0553312,
            46.8951789
          ],
          [
            7.0555707,
            46.8953567
          ],
          [
            7.0558136,
            46.8955319
          ],
          [
            7.0558766,
            46.8955834
          ],
          [
            7.0559334,
            46.8956474
          ],
          [
            7.055972,
            46.8956988
          ],
          [
            7.0560363,
            46.8958082
          ],
          [
            7.0560846,
            46.8958632
          ],
          [
            7.0562187,
            46.895921
          ],
          [
            7.0563126,
            46.8959365
          ],
          [
            7.056386,
            46.8959664
          ],
          [
            7.0566318,
            46.8961425
          ],
          [
            7.0568839,
            46.8963306
          ],
          [
            7.0571437,
            46.896526
          ],
          [
            7.0571783,
            46.8965572
          ],
          [
            7.0571953,
            46.8965913
          ],
          [
            7.0571947,
            46.8966455
          ],
          [
            7.0571855,
            46.8967006
          ],
          [
            7.0570775,
            46.8971702
          ],
          [
            7.0569642,
            46.8976399
          ],
          [
            7.0567283,
            46.8986518
          ]
        ]
      },
      "id": "way/850640912"
    },
    {
      "type": "Feature",
      "properties": {
        "@id": "way/850640916",
        "highway": "service",
        "oneway": "yes",
        "service": "parking_aisle"
      },
      "geometry": {
        "type": "LineString",
        "coordinates": [
          [
            7.0522235,
            46.8948524
          ],
          [
            7.0521297,
            46.8948497
          ],
          [
            7.052076,
            46.8948625
          ],
          [
            7.0520143,
            46.8948845
          ],
          [
            7.051781,
            46.8950366
          ],
          [
            7.0517367,
            46.8950531
          ],
          [
            7.0516227,
            46.895043
          ],
          [
            7.0515165,
            46.8950255
          ],
          [
            7.0512955,
            46.894989
          ],
          [
            7.0512576,
            46.8949699
          ]
        ]
      },
      "id": "way/850640916"
    },
    {
      "type": "Feature",
      "properties": {
        "@id": "way/850640917",
        "highway": "footway"
      },
      "geometry": {
        "type": "LineString",
        "coordinates": [
          [
            7.0515153,
            46.8945095
          ],
          [
            7.0516975,
            46.8946489
          ],
          [
            7.0518567,
            46.8947693
          ],
          [
            7.0520143,
            46.8948845
          ],
          [
            7.0520619,
            46.8949203
          ],
          [
            7.0520291,
            46.8949523
          ],
          [
            7.051895,
            46.8950403
          ],
          [
            7.0518137,
            46.8951141
          ]
        ]
      },
      "id": "way/850640917"
    },
    {
      "type": "Feature",
      "properties": {
        "@id": "way/850640918",
        "highway": "service",
        "oneway": "yes",
        "service": "parking_aisle"
      },
      "geometry": {
        "type": "LineString",
        "coordinates": [
          [
            7.0515165,
            46.8950255
          ],
          [
            7.0515168,
            46.894988
          ],
          [
            7.0518567,
            46.8947693
          ],
          [
            7.0523295,
            46.8944758
          ],
          [
            7.0523724,
            46.8944675
          ],
          [
            7.0524354,
            46.8944722
          ]
        ]
      },
      "id": "way/850640918"
    },
    {
      "type": "Feature",
      "properties": {
        "@id": "way/850640919",
        "highway": "service"
      },
      "geometry": {
        "type": "LineString",
        "coordinates": [
          [
            7.0525074,
            46.8949375
          ],
          [
            7.0523996,
            46.8949079
          ],
          [
            7.0522235,
            46.8948524
          ]
        ]
      },
      "id": "way/850640919"
    },
    {
      "type": "Feature",
      "properties": {
        "@id": "way/850640920",
        "highway": "service",
        "smoothness": "excellent",
        "surface": "asphalt"
      },
      "geometry": {
        "type": "LineString",
        "coordinates": [
          [
            7.0512576,
            46.8949699
          ],
          [
            7.0511741,
            46.894971
          ],
          [
            7.0510127,
            46.894946
          ],
          [
            7.0507373,
            46.8949009
          ],
          [
            7.0505632,
            46.8948657
          ]
        ]
      },
      "id": "way/850640920"
    },
    {
      "type": "Feature",
      "properties": {
        "@id": "way/850640921",
        "highway": "service",
        "oneway": "yes",
        "service": "parking_aisle"
      },
      "geometry": {
        "type": "LineString",
        "coordinates": [
          [
            7.0512576,
            46.8949699
          ],
          [
            7.0512593,
            46.8949331
          ],
          [
            7.0512982,
            46.8949037
          ],
          [
            7.0516975,
            46.8946489
          ],
          [
            7.0521578,
            46.8943612
          ],
          [
            7.0522584,
            46.8943108
          ],
          [
            7.0523335,
            46.8943135
          ],
          [
            7.052414,
            46.8943493
          ],
          [
            7.0524475,
            46.8944052
          ],
          [
            7.0524354,
            46.8944722
          ],
          [
            7.052426,
            46.8945243
          ],
          [
            7.0523858,
            46.8946041
          ],
          [
            7.0522235,
            46.8948524
          ]
        ]
      },
      "id": "way/850640921"
    },
    {
      "type": "Feature",
      "properties": {
        "@id": "way/850640922",
        "highway": "service"
      },
      "geometry": {
        "type": "LineString",
        "coordinates": [
          [
            7.0499443,
            46.8938173
          ],
          [
            7.0500536,
            46.8937481
          ],
          [
            7.0500335,
            46.8936894
          ],
          [
            7.0499745,
            46.8936235
          ],
          [
            7.0499199,
            46.8935758
          ],
          [
            7.0498753,
            46.8935254
          ],
          [
            7.0498605,
            46.893489
          ],
          [
            7.0498592,
            46.8934512
          ],
          [
            7.0498669,
            46.8934191
          ],
          [
            7.0498853,
            46.8933895
          ],
          [
            7.0499396,
            46.893338
          ],
          [
            7.0500793,
            46.8932393
          ],
          [
            7.0506102,
            46.8929068
          ],
          [
            7.051148,
            46.8925723
          ],
          [
            7.0512941,
            46.8924806
          ]
        ]
      },
      "id": "way/850640922"
    },
    {
      "type": "Feature",
      "properties": {
        "@id": "way/850640923",
        "highway": "service"
      },
      "geometry": {
        "type": "LineString",
        "coordinates": [
          [
            7.0504385,
            46.8941578
          ],
          [
            7.0499443,
            46.8938173
          ],
          [
            7.0497707,
            46.8936977
          ],
          [
            7.0495816,
            46.8935602
          ],
          [
            7.0494071,
            46.893433
          ]
        ]
      },
      "id": "way/850640923"
    },
    {
      "type": "Feature",
      "properties": {
        "@id": "way/850640924",
        "highway": "service",
        "oneway": "yes",
        "service": "parking_aisle",
        "smoothness": "excellent",
        "surface": "asphalt"
      },
      "geometry": {
        "type": "LineString",
        "coordinates": [
          [
            7.0496873,
            46.8946648
          ],
          [
            7.0489695,
            46.8941292
          ]
        ]
      },
      "id": "way/850640924"
    },
    {
      "type": "Feature",
      "properties": {
        "@id": "way/850640925",
        "highway": "service",
        "oneway": "yes",
        "service": "parking_aisle",
        "smoothness": "excellent",
        "surface": "asphalt"
      },
      "geometry": {
        "type": "LineString",
        "coordinates": [
          [
            7.0493697,
            46.8939756
          ],
          [
            7.0490118,
            46.8937072
          ]
        ]
      },
      "id": "way/850640925"
    },
    {
      "type": "Feature",
      "properties": {
        "@id": "way/850640926",
        "highway": "service",
        "oneway": "yes",
        "service": "parking_aisle",
        "smoothness": "excellent",
        "surface": "asphalt"
      },
      "geometry": {
        "type": "LineString",
        "coordinates": [
          [
            7.0493697,
            46.8939756
          ],
          [
            7.0505632,
            46.8948657
          ]
        ]
      },
      "id": "way/850640926"
    },
    {
      "type": "Feature",
      "properties": {
        "@id": "way/850640927",
        "highway": "service",
        "oneway": "yes",
        "service": "parking_aisle",
        "smoothness": "excellent",
        "surface": "asphalt"
      },
      "geometry": {
        "type": "LineString",
        "coordinates": [
          [
            7.0501358,
            46.8947744
          ],
          [
            7.0489915,
            46.8939183
          ]
        ]
      },
      "id": "way/850640927"
    },
    {
      "type": "Feature",
      "properties": {
        "@id": "way/850640928",
        "highway": "service",
        "oneway": "yes",
        "service": "parking_aisle",
        "smoothness": "excellent",
        "surface": "asphalt"
      },
      "geometry": {
        "type": "LineString",
        "coordinates": [
          [
            7.0505632,
            46.8948657
          ],
          [
            7.0501358,
            46.8947744
          ],
          [
            7.0496873,
            46.8946648
          ],
          [
            7.0492131,
            46.8945374
          ],
          [
            7.0489489,
            46.8943366
          ],
          [
            7.0489695,
            46.8941292
          ],
          [
            7.0489767,
            46.8940606
          ],
          [
            7.0489915,
            46.8939183
          ],
          [
            7.0490118,
            46.8937072
          ],
          [
            7.0490304,
            46.8935437
          ],
          [
            7.0490509,
            46.8934862
          ]
        ]
      },
      "id": "way/850640928"
    },
    {
      "type": "Feature",
      "properties": {
        "@id": "way/850640929",
        "highway": "service",
        "service": "parking_aisle",
        "smoothness": "excellent",
        "surface": "asphalt"
      },
      "geometry": {
        "type": "LineString",
        "coordinates": [
          [
            7.0492,
            46.8932757
          ],
          [
            7.0491368,
            46.8933186
          ],
          [
            7.0490862,
            46.8933572
          ],
          [
            7.0490732,
            46.8933706
          ],
          [
            7.0490641,
            46.8933857
          ],
          [
            7.0490592,
            46.8934021
          ],
          [
            7.0490562,
            46.8934189
          ],
          [
            7.0490509,
            46.8934862
          ]
        ]
      },
      "id": "way/850640929"
    },
    {
      "type": "Feature",
      "properties": {
        "@id": "way/850640930",
        "highway": "service",
        "oneway": "yes",
        "service": "parking_aisle",
        "smoothness": "excellent",
        "surface": "asphalt"
      },
      "geometry": {
        "type": "LineString",
        "coordinates": [
          [
            7.0490509,
            46.8934862
          ],
          [
            7.0493227,
            46.8936968
          ],
          [
            7.0495145,
            46.8938315
          ],
          [
            7.0495252,
            46.8938627
          ],
          [
            7.0494622,
            46.893914
          ],
          [
            7.0493697,
            46.8939756
          ]
        ]
      },
      "id": "way/850640930"
    },
    {
      "type": "Feature",
      "properties": {
        "@id": "way/850640931",
        "bicycle": "designated",
        "foot": "designated",
        "highway": "cycleway",
        "incline": "up",
        "lit": "no",
        "segregated": "no",
        "smoothness": "excellent",
        "surface": "asphalt"
      },
      "geometry": {
        "type": "LineString",
        "coordinates": [
          [
            7.0489331,
            46.9011199
          ],
          [
            7.0488757,
            46.9010475
          ],
          [
            7.0488844,
            46.9010198
          ]
        ]
      },
      "id": "way/850640931"
    },
    {
      "type": "Feature",
      "properties": {
        "@id": "way/850640932",
        "bicycle": "designated",
        "foot": "designated",
        "highway": "path",
        "horse": "no",
        "incline": "down",
        "lit": "no",
        "motor_vehicle": "no",
        "segregated": "no",
        "smoothness": "excellent",
        "surface": "asphalt"
      },
      "geometry": {
        "type": "LineString",
        "coordinates": [
          [
            7.0490813,
            46.9013174
          ],
          [
            7.0490359,
            46.9012494
          ]
        ]
      },
      "id": "way/850640932"
    },
    {
      "type": "Feature",
      "properties": {
        "@id": "way/850640955",
        "access": "private",
        "highway": "service"
      },
      "geometry": {
        "type": "LineString",
        "coordinates": [
          [
            7.0623211,
            46.8804479
          ],
          [
            7.062149,
            46.880886
          ]
        ]
      },
      "id": "way/850640955"
    },
    {
      "type": "Feature",
      "properties": {
        "@id": "way/850640956",
        "highway": "service",
        "surface": "asphalt"
      },
      "geometry": {
        "type": "LineString",
        "coordinates": [
          [
            7.0616306,
            46.8797327
          ],
          [
            7.0617142,
            46.8797367
          ],
          [
            7.0617587,
            46.879742
          ],
          [
            7.0618151,
            46.8797534
          ],
          [
            7.062297,
            46.8798806
          ],
          [
            7.0625411,
            46.8799507
          ],
          [
            7.0626905,
            46.8800008
          ],
          [
            7.062734,
            46.8800223
          ],
          [
            7.0627642,
            46.8800464
          ],
          [
            7.0627788,
            46.8800704
          ],
          [
            7.0627807,
            46.8800949
          ],
          [
            7.0627639,
            46.8801386
          ],
          [
            7.0627419,
            46.8801628
          ],
          [
            7.062703,
            46.8801829
          ],
          [
            7.0626589,
            46.8801917
          ],
          [
            7.0626083,
            46.8801899
          ],
          [
            7.0625214,
            46.8801745
          ],
          [
            7.0624822,
            46.8801738
          ],
          [
            7.0624542,
            46.8801799
          ],
          [
            7.0624352,
            46.8801922
          ],
          [
            7.0624207,
            46.8802128
          ],
          [
            7.0623211,
            46.8804479
          ]
        ]
      },
      "id": "way/850640956"
    },
    {
      "type": "Feature",
      "properties": {
        "@id": "way/862871553",
        "cycleway:right": "no",
        "highway": "primary",
        "lane_markings": "no",
        "lanes": "1",
        "lit": "yes",
        "maxspeed": "50",
        "maxspeed:type": "urban",
        "name": "Route de Domdidier",
        "oneway": "yes",
        "rcrc_ref": "601a",
        "ref": "1",
        "sidewalk": "right",
        "sidewalk:right:surface": "asphalt",
        "smoothness": "excellent",
        "surface": "asphalt"
      },
      "geometry": {
        "type": "LineString",
        "coordinates": [
          [
            7.0345399,
            46.8771047
          ],
          [
            7.0344598,
            46.8770662
          ],
          [
            7.0344256,
            46.8770397
          ],
          [
            7.0342851,
            46.8769346
          ]
        ]
      },
      "id": "way/862871553"
    },
    {
      "type": "Feature",
      "properties": {
        "@id": "way/862871554",
        "cycleway:right": "no",
        "highway": "primary",
        "lane_markings": "no",
        "lanes": "1",
        "lit": "yes",
        "maxspeed": "50",
        "maxspeed:type": "urban",
        "name": "Route de Domdidier",
        "oneway": "yes",
        "rcrc_ref": "601a",
        "ref": "1",
        "sidewalk": "right",
        "sidewalk:right:surface": "asphalt",
        "smoothness": "excellent",
        "surface": "asphalt"
      },
      "geometry": {
        "type": "LineString",
        "coordinates": [
          [
            7.0342851,
            46.8769346
          ],
          [
            7.0344796,
            46.8769829
          ],
          [
            7.0345522,
            46.8770031
          ],
          [
            7.0346149,
            46.8770286
          ]
        ]
      },
      "id": "way/862871554"
    },
    {
      "type": "Feature",
      "properties": {
        "@id": "way/862871555",
        "cycleway:both": "no",
        "highway": "primary",
        "lanes": "3",
        "lanes:backward": "2",
        "lanes:forward": "1",
        "lit": "yes",
        "maxspeed": "80",
        "maxspeed:type": "rural",
        "name": "Route de Domdidier",
        "rcrc_ref": "601a",
        "ref": "1",
        "sidewalk": "both",
        "sidewalk:both:surface": "asphalt",
        "smoothness": "excellent",
        "surface": "asphalt",
        "turn:lanes:backward": "|slight_right"
      },
      "geometry": {
        "type": "LineString",
        "coordinates": [
          [
            7.032556,
            46.876257
          ],
          [
            7.0329037,
            46.8763796
          ]
        ]
      },
      "id": "way/862871555"
    },
    {
      "type": "Feature",
      "properties": {
        "@id": "way/862871556",
        "cycleway:right": "no",
        "highway": "primary",
        "lanes": "1",
        "maxspeed": "80",
        "maxspeed:type": "rural",
        "name": "Route de Domdidier",
        "oneway": "yes",
        "rcrc_ref": "601a",
        "ref": "1",
        "smoothness": "excellent",
        "surface": "asphalt"
      },
      "geometry": {
        "type": "LineString",
        "coordinates": [
          [
            7.032556,
            46.876257
          ],
          [
            7.0322822,
            46.8761593
          ],
          [
            7.0322068,
            46.8761349
          ],
          [
            7.0321403,
            46.8761171
          ],
          [
            7.0320853,
            46.876099
          ]
        ]
      },
      "id": "way/862871556"
    },
    {
      "type": "Feature",
      "properties": {
        "@id": "way/862871557",
        "cycleway:both": "no",
        "highway": "primary",
        "lanes": "2",
        "lit": "yes",
        "maxspeed": "50",
        "maxspeed:type": "urban",
        "name": "Route de Domdidier",
        "rcrc_ref": "601a",
        "ref": "1",
        "sidewalk": "left",
        "sidewalk:left:surface": "asphalt",
        "smoothness": "excellent",
        "surface": "asphalt"
      },
      "geometry": {
        "type": "LineString",
        "coordinates": [
          [
            7.0334068,
            46.8765784
          ],
          [
            7.0334554,
            46.8765971
          ],
          [
            7.0337599,
            46.8767192
          ]
        ]
      },
      "id": "way/862871557"
    },
    {
      "type": "Feature",
      "properties": {
        "@id": "way/862871558",
        "cycleway:right": "no",
        "highway": "primary",
        "lanes": "1",
        "maxspeed": "80",
        "maxspeed:type": "rural",
        "name": "Route de Domdidier",
        "oneway": "yes",
        "rcrc_ref": "601a",
        "ref": "1",
        "smoothness": "excellent",
        "surface": "asphalt"
      },
      "geometry": {
        "type": "LineString",
        "coordinates": [
          [
            7.0321527,
            46.8760036
          ],
          [
            7.0322082,
            46.8760477
          ],
          [
            7.0322533,
            46.8760783
          ],
          [
            7.0323147,
            46.876107
          ],
          [
            7.032556,
            46.876257
          ]
        ]
      },
      "id": "way/862871558"
    },
    {
      "type": "Feature",
      "properties": {
        "@id": "way/865792443",
        "cycleway:both": "no",
        "highway": "primary",
        "lanes": "1",
        "lit": "yes",
        "maxspeed": "50",
        "name": "Route du Faubourg",
        "oneway": "yes",
        "ref": "1",
        "sidewalk": "both"
      },
      "geometry": {
        "type": "LineString",
        "coordinates": [
          [
            7.0397761,
            46.8779279
          ],
          [
            7.0396703,
            46.8779063
          ],
          [
            7.0395961,
            46.8778912
          ],
          [
            7.0394688,
            46.8778653
          ],
          [
            7.0393687,
            46.8778445
          ]
        ]
      },
      "id": "way/865792443"
    },
    {
      "type": "Feature",
      "properties": {
        "@id": "way/865792444",
        "cycleway:both": "no",
        "highway": "primary",
        "lanes": "1",
        "lit": "yes",
        "maxspeed": "50",
        "name": "Route du Faubourg",
        "oneway": "yes",
        "ref": "1",
        "sidewalk": "both"
      },
      "geometry": {
        "type": "LineString",
        "coordinates": [
          [
            7.0394742,
            46.8777639
          ],
          [
            7.0395726,
            46.8778194
          ],
          [
            7.0396322,
            46.8778531
          ],
          [
            7.0397761,
            46.8779279
          ]
        ]
      },
      "id": "way/865792444"
    },
    {
      "type": "Feature",
      "properties": {
        "@id": "way/865792445",
        "cycleway:both": "no",
        "highway": "primary",
        "lanes": "1",
        "lit": "yes",
        "maxspeed": "50",
        "name": "Route du Faubourg",
        "oneway": "yes",
        "ref": "1",
        "sidewalk": "both"
      },
      "geometry": {
        "type": "LineString",
        "coordinates": [
          [
            7.0391922,
            46.8777593
          ],
          [
            7.0390934,
            46.8777364
          ],
          [
            7.0390196,
            46.8777193
          ],
          [
            7.0387917,
            46.8776666
          ]
        ]
      },
      "id": "way/865792445"
    },
    {
      "type": "Feature",
      "properties": {
        "@id": "way/865792446",
        "cycleway:both": "no",
        "highway": "primary",
        "lanes": "1",
        "lit": "yes",
        "maxspeed": "50",
        "name": "Route du Faubourg",
        "oneway": "yes",
        "ref": "1",
        "sidewalk": "both"
      },
      "geometry": {
        "type": "LineString",
        "coordinates": [
          [
            7.0387917,
            46.8776666
          ],
          [
            7.0389535,
            46.8776722
          ],
          [
            7.0390323,
            46.877675
          ],
          [
            7.0391687,
            46.8776797
          ],
          [
            7.0392334,
            46.8776818
          ]
        ]
      },
      "id": "way/865792446"
    },
    {
      "type": "Feature",
      "properties": {
        "@id": "way/901958265",
        "handrail": "yes",
        "highway": "steps",
        "incline": "down",
        "name": "Chemin du Montmezard",
        "ramp": "no",
        "step_count": "15",
        "surface": "asphalt",
        "tactile_paving": "no",
        "width": "2"
      },
      "geometry": {
        "type": "LineString",
        "coordinates": [
          [
            7.0399153,
            46.8780565
          ],
          [
            7.0399595,
            46.8780258
          ]
        ]
      },
      "id": "way/901958265"
    },
    {
      "type": "Feature",
      "properties": {
        "@id": "way/901958266",
        "highway": "path",
        "name": "Chemin du Montmezard",
        "path": "sidewalk",
        "surface": "asphalt"
      },
      "geometry": {
        "type": "LineString",
        "coordinates": [
          [
            7.0399595,
            46.8780258
          ],
          [
            7.0400193,
            46.8779843
          ]
        ]
      },
      "id": "way/901958266"
    },
    {
      "type": "Feature",
      "properties": {
        "@id": "way/902196786",
        "highway": "residential",
        "lane_markings": "no",
        "name": "Place de l'Eglise",
        "surface": "paving_stones"
      },
      "geometry": {
        "type": "LineString",
        "coordinates": [
          [
            7.0406428,
            46.8799735
          ],
          [
            7.0404369,
            46.8801812
          ],
          [
            7.0403755,
            46.8802993
          ]
        ]
      },
      "id": "way/902196786"
    },
    {
      "type": "Feature",
      "properties": {
        "@id": "way/903387940",
        "highway": "residential",
        "lit": "yes",
        "name": "Avenue Jomini",
        "sidewalk": "both",
        "surface": "asphalt"
      },
      "geometry": {
        "type": "LineString",
        "coordinates": [
          [
            7.0444966,
            46.8819437
          ],
          [
            7.0445898,
            46.8820487
          ],
          [
            7.0446511,
            46.8821272
          ]
        ]
      },
      "id": "way/903387940"
    },
    {
      "type": "Feature",
      "properties": {
        "@id": "way/907559855",
        "highway": "service",
        "oneway": "no",
        "service": "driveway"
      },
      "geometry": {
        "type": "LineString",
        "coordinates": [
          [
            7.0485588,
            46.8879646
          ],
          [
            7.0488044,
            46.8881224
          ],
          [
            7.0491048,
            46.8879374
          ],
          [
            7.0488747,
            46.887751
          ]
        ]
      },
      "id": "way/907559855"
    },
    {
      "type": "Feature",
      "properties": {
        "@id": "way/907559856",
        "highway": "service",
        "service": "driveway"
      },
      "geometry": {
        "type": "LineString",
        "coordinates": [
          [
            7.0490768,
            46.8871945
          ],
          [
            7.0488466,
            46.8872143
          ],
          [
            7.0486497,
            46.8870821
          ],
          [
            7.048509,
            46.8869931
          ]
        ]
      },
      "id": "way/907559856"
    },
    {
      "type": "Feature",
      "properties": {
        "@id": "way/907559936",
        "highway": "service",
        "service": "driveway"
      },
      "geometry": {
        "type": "LineString",
        "coordinates": [
          [
            7.0490475,
            46.8872812
          ],
          [
            7.0487026,
            46.8873684
          ]
        ]
      },
      "id": "way/907559936"
    },
    {
      "type": "Feature",
      "properties": {
        "@id": "way/919612202",
        "cycleway:both": "no",
        "highway": "residential",
        "lane_markings": "no",
        "maxspeed:type": "CH:urban",
        "name": "Rue du Château",
        "sidewalk": "no",
        "smoothness": "excellent",
        "surface": "asphalt"
      },
      "geometry": {
        "type": "LineString",
        "coordinates": [
          [
            7.0410029,
            46.8810574
          ],
          [
            7.0410727,
            46.8810896
          ],
          [
            7.0412869,
            46.8809059
          ]
        ]
      },
      "id": "way/919612202"
    },
    {
      "type": "Feature",
      "properties": {
        "@id": "way/919614466",
        "highway": "service",
        "name": "Route du Faubourg",
        "surface": "gravel"
      },
      "geometry": {
        "type": "LineString",
        "coordinates": [
          [
            7.043612,
            46.8794454
          ],
          [
            7.0436768,
            46.87942
          ],
          [
            7.0440312,
            46.8792912
          ]
        ]
      },
      "id": "way/919614466"
    },
    {
      "type": "Feature",
      "properties": {
        "@id": "way/919614467",
        "highway": "footway"
      },
      "geometry": {
        "type": "LineString",
        "coordinates": [
          [
            7.0440312,
            46.8792912
          ],
          [
            7.0442851,
            46.8790956
          ],
          [
            7.0448131,
            46.8792756
          ],
          [
            7.0451885,
            46.8794166
          ]
        ]
      },
      "id": "way/919614467"
    },
    {
      "type": "Feature",
      "properties": {
        "@id": "way/919614531",
        "highway": "footway"
      },
      "geometry": {
        "type": "LineString",
        "coordinates": [
          [
            7.0442851,
            46.8790956
          ],
          [
            7.0444752,
            46.8789369
          ],
          [
            7.0449534,
            46.8791037
          ]
        ]
      },
      "id": "way/919614531"
    },
    {
      "type": "Feature",
      "properties": {
        "@id": "way/919614532",
        "highway": "footway"
      },
      "geometry": {
        "type": "LineString",
        "coordinates": [
          [
            7.0442851,
            46.8790956
          ],
          [
            7.044122,
            46.8790643
          ]
        ]
      },
      "id": "way/919614532"
    },
    {
      "type": "Feature",
      "properties": {
        "@id": "way/919614533",
        "highway": "footway"
      },
      "geometry": {
        "type": "LineString",
        "coordinates": [
          [
            7.0446728,
            46.8794474
          ],
          [
            7.0448131,
            46.8792756
          ],
          [
            7.0449534,
            46.8791037
          ],
          [
            7.0449697,
            46.8791019
          ]
        ]
      },
      "id": "way/919614533"
    },
    {
      "type": "Feature",
      "properties": {
        "@id": "way/919867403",
        "highway": "path",
        "smoothness": "intermediate",
        "surface": "gravel"
      },
      "geometry": {
        "type": "LineString",
        "coordinates": [
          [
            7.0454428,
            46.8821512
          ],
          [
            7.0455417,
            46.8821457
          ],
          [
            7.0457275,
            46.8820721
          ],
          [
            7.04608,
            46.8819481
          ],
          [
            7.0462375,
            46.8820893
          ],
          [
            7.0463179,
            46.8821502
          ],
          [
            7.0464116,
            46.8821635
          ]
        ]
      },
      "id": "way/919867403"
    },
    {
      "type": "Feature",
      "properties": {
        "@id": "way/919869589",
        "highway": "service",
        "oneway": "no",
        "service": "parking_aisle",
        "surface": "asphalt"
      },
      "geometry": {
        "type": "LineString",
        "coordinates": [
          [
            7.0416922,
            46.8812914
          ],
          [
            7.0417375,
            46.8813244
          ],
          [
            7.0418334,
            46.8813914
          ],
          [
            7.041951,
            46.8814647
          ],
          [
            7.0420232,
            46.8815076
          ],
          [
            7.0420966,
            46.8814514
          ],
          [
            7.0417491,
            46.8812327
          ]
        ]
      },
      "id": "way/919869589"
    },
    {
      "type": "Feature",
      "properties": {
        "@id": "way/919871813",
        "highway": "footway",
        "name": "Chemin des Ecureuils"
      },
      "geometry": {
        "type": "LineString",
        "coordinates": [
          [
            7.0436908,
            46.8746022
          ],
          [
            7.0438194,
            46.8746615
          ],
          [
            7.0441109,
            46.8749171
          ]
        ]
      },
      "id": "way/919871813"
    },
    {
      "type": "Feature",
      "properties": {
        "@id": "way/919899816",
        "cycleway:both": "no",
        "highway": "residential",
        "lanes": "1",
        "name": "Avenue Jomini",
        "oneway": "yes",
        "sidewalk": "right",
        "surface": "asphalt"
      },
      "geometry": {
        "type": "LineString",
        "coordinates": [
          [
            7.0452552,
            46.882667
          ],
          [
            7.0450997,
            46.8825991
          ],
          [
            7.0450305,
            46.8825662
          ],
          [
            7.0449558,
            46.8825138
          ],
          [
            7.0448548,
            46.8824004
          ]
        ]
      },
      "id": "way/919899816"
    },
    {
      "type": "Feature",
      "properties": {
        "@id": "way/919899817",
        "cycleway:both": "no",
        "highway": "residential",
        "lanes": "2",
        "lit": "yes",
        "name": "Avenue Jomini",
        "oneway": "yes",
        "sidewalk": "right",
        "surface": "asphalt"
      },
      "geometry": {
        "type": "LineString",
        "coordinates": [
          [
            7.0448548,
            46.8824004
          ],
          [
            7.0449873,
            46.8824507
          ],
          [
            7.0451435,
            46.8824624
          ],
          [
            7.0452426,
            46.8824621
          ]
        ]
      },
      "id": "way/919899817"
    },
    {
      "type": "Feature",
      "properties": {
        "@id": "way/919899818",
        "cycleway:both": "no",
        "highway": "primary",
        "lanes": "3",
        "lanes:backward": "1",
        "lanes:forward": "2",
        "lit": "yes",
        "maxspeed": "50",
        "name": "Route de Berne",
        "rcrc_ref": "601a",
        "ref": "1",
        "sidewalk": "both",
        "surface": "asphalt",
        "turn:lanes:forward": "left|none"
      },
      "geometry": {
        "type": "LineString",
        "coordinates": [
          [
            7.0452848,
            46.8828017
          ],
          [
            7.0453056,
            46.8828575
          ],
          [
            7.0453319,
            46.882912
          ],
          [
            7.045366,
            46.8829755
          ],
          [
            7.0454107,
            46.8830371
          ],
          [
            7.0455992,
            46.8832636
          ],
          [
            7.0456666,
            46.8833407
          ]
        ]
      },
      "id": "way/919899818"
    },
    {
      "type": "Feature",
      "properties": {
        "@id": "way/919900757",
        "cycleway:both": "no",
        "highway": "primary",
        "lanes": "3",
        "lanes:backward": "1",
        "lanes:forward": "2",
        "lit": "yes",
        "maxspeed": "50",
        "name": "Route du Faubourg",
        "rcrc_ref": "601a",
        "ref": "1",
        "sidewalk": "both",
        "surface": "asphalt",
        "turn:lanes:forward": "left|none"
      },
      "geometry": {
        "type": "LineString",
        "coordinates": [
          [
            7.0452438,
            46.8820604
          ],
          [
            7.0452442,
            46.8820755
          ],
          [
            7.0452466,
            46.8821261
          ],
          [
            7.0452436,
            46.8823049
          ],
          [
            7.0452426,
            46.8824621
          ]
        ]
      },
      "id": "way/919900757"
    },
    {
      "type": "Feature",
      "properties": {
        "@id": "way/919900758",
        "crossing": "uncontrolled",
        "crossing:markings": "yes",
        "footway": "crossing",
        "highway": "footway",
        "surface": "asphalt"
      },
      "geometry": {
        "type": "LineString",
        "coordinates": [
          [
            7.0451745,
            46.882023
          ],
          [
            7.0452427,
            46.8820214
          ],
          [
            7.0453165,
            46.8820198
          ]
        ]
      },
      "id": "way/919900758"
    },
    {
      "type": "Feature",
      "properties": {
        "@id": "way/919900759",
        "highway": "service",
        "oneway": "yes",
        "service": "parking_aisle",
        "surface": "asphalt"
      },
      "geometry": {
        "type": "LineString",
        "coordinates": [
          [
            7.0454428,
            46.8821512
          ],
          [
            7.0454477,
            46.8822029
          ],
          [
            7.0454344,
            46.8822534
          ],
          [
            7.0454144,
            46.8822816
          ],
          [
            7.0453552,
            46.8823023
          ],
          [
            7.0452436,
            46.8823049
          ]
        ]
      },
      "id": "way/919900759"
    },
    {
      "type": "Feature",
      "properties": {
        "@id": "way/919933652",
        "highway": "track",
        "name": "Chemin de la Voie Ferrée",
        "smoothness": "good",
        "surface": "fine_gravel",
        "tracktype": "grade2"
      },
      "geometry": {
        "type": "LineString",
        "coordinates": [
          [
            7.0326819,
            46.8793578
          ],
          [
            7.0323253,
            46.8791019
          ],
          [
            7.0315266,
            46.8786016
          ]
        ]
      },
      "id": "way/919933652"
    },
    {
      "type": "Feature",
      "properties": {
        "@id": "way/923403911",
        "highway": "footway"
      },
      "geometry": {
        "type": "LineString",
        "coordinates": [
          [
            7.0415756,
            46.8831922
          ],
          [
            7.041504,
            46.8831069
          ],
          [
            7.0414406,
            46.8830798
          ],
          [
            7.041143,
            46.883081
          ]
        ]
      },
      "id": "way/923403911"
    },
    {
      "type": "Feature",
      "properties": {
        "@id": "way/923403912",
        "highway": "footway"
      },
      "geometry": {
        "type": "LineString",
        "coordinates": [
          [
            7.0406451,
            46.8829747
          ],
          [
            7.0409049,
            46.8830777
          ],
          [
            7.0410236,
            46.8832487
          ]
        ]
      },
      "id": "way/923403912"
    },
    {
      "type": "Feature",
      "properties": {
        "@id": "way/923403913",
        "highway": "footway"
      },
      "geometry": {
        "type": "LineString",
        "coordinates": [
          [
            7.0409049,
            46.8830777
          ],
          [
            7.0410064,
            46.8829629
          ],
          [
            7.0411795,
            46.8830296
          ]
        ]
      },
      "id": "way/923403913"
    },
    {
      "type": "Feature",
      "properties": {
        "@id": "way/923403914",
        "highway": "service",
        "service": "driveway",
        "surface": "asphalt"
      },
      "geometry": {
        "type": "LineString",
        "coordinates": [
          [
            7.0421954,
            46.8823097
          ],
          [
            7.0418122,
            46.8822288
          ],
          [
            7.0417887,
            46.8822258
          ],
          [
            7.0417694,
            46.8822312
          ],
          [
            7.0417566,
            46.8822414
          ],
          [
            7.0416075,
            46.8824292
          ],
          [
            7.0415918,
            46.8824438
          ],
          [
            7.041578,
            46.8824489
          ],
          [
            7.0415668,
            46.8824531
          ],
          [
            7.0415363,
            46.8824559
          ],
          [
            7.041322,
            46.8824501
          ]
        ]
      },
      "id": "way/923403914"
    },
    {
      "type": "Feature",
      "properties": {
        "@id": "way/923403916",
        "highway": "footway"
      },
      "geometry": {
        "type": "LineString",
        "coordinates": [
          [
            7.0424488,
            46.8793244
          ],
          [
            7.042936,
            46.8790131
          ]
        ]
      },
      "id": "way/923403916"
    },
    {
      "type": "Feature",
      "properties": {
        "@id": "way/923403918",
        "highway": "service"
      },
      "geometry": {
        "type": "LineString",
        "coordinates": [
          [
            7.0428801,
            46.8789257
          ],
          [
            7.0428359,
            46.8789563
          ],
          [
            7.0427809,
            46.8789944
          ],
          [
            7.0427259,
            46.8790297
          ],
          [
            7.0424951,
            46.8791778
          ]
        ]
      },
      "id": "way/923403918"
    },
    {
      "type": "Feature",
      "properties": {
        "@id": "way/923403919",
        "highway": "service"
      },
      "geometry": {
        "type": "LineString",
        "coordinates": [
          [
            7.0387442,
            46.8822954
          ],
          [
            7.0385913,
            46.8821923
          ]
        ]
      },
      "id": "way/923403919"
    },
    {
      "type": "Feature",
      "properties": {
        "@id": "way/923403921",
        "highway": "footway"
      },
      "geometry": {
        "type": "LineString",
        "coordinates": [
          [
            7.0387442,
            46.8822954
          ],
          [
            7.038801,
            46.882259
          ],
          [
            7.0389886,
            46.8823031
          ],
          [
            7.0391019,
            46.8822324
          ],
          [
            7.0391434,
            46.8822607
          ],
          [
            7.039218,
            46.8822137
          ]
        ]
      },
      "id": "way/923403921"
    },
    {
      "type": "Feature",
      "properties": {
        "@id": "way/923403922",
        "highway": "service",
        "service": "driveway"
      },
      "geometry": {
        "type": "LineString",
        "coordinates": [
          [
            7.0397067,
            46.8827603
          ],
          [
            7.0399537,
            46.8829245
          ]
        ]
      },
      "id": "way/923403922"
    },
    {
      "type": "Feature",
      "properties": {
        "@id": "way/923403923",
        "highway": "footway"
      },
      "geometry": {
        "type": "LineString",
        "coordinates": [
          [
            7.0392415,
            46.8833517
          ],
          [
            7.0393129,
            46.8833596
          ],
          [
            7.0393928,
            46.8833081
          ],
          [
            7.0394238,
            46.8832881
          ],
          [
            7.0395348,
            46.8832686
          ],
          [
            7.0396045,
            46.8832849
          ],
          [
            7.0396641,
            46.8833108
          ]
        ]
      },
      "id": "way/923403923"
    },
    {
      "type": "Feature",
      "properties": {
        "@id": "way/923403924",
        "highway": "footway"
      },
      "geometry": {
        "type": "LineString",
        "coordinates": [
          [
            7.0392565,
            46.8831372
          ],
          [
            7.0394159,
            46.883234
          ],
          [
            7.0394223,
            46.8832578
          ],
          [
            7.0394017,
            46.8832816
          ],
          [
            7.0393928,
            46.8833081
          ]
        ]
      },
      "id": "way/923403924"
    },
    {
      "type": "Feature",
      "properties": {
        "@id": "way/923403926",
        "highway": "service"
      },
      "geometry": {
        "type": "LineString",
        "coordinates": [
          [
            7.0385806,
            46.8846293
          ],
          [
            7.0381943,
            46.8844654
          ],
          [
            7.0381735,
            46.8844503
          ],
          [
            7.0381616,
            46.8844386
          ],
          [
            7.0381558,
            46.8844229
          ],
          [
            7.0381562,
            46.8844012
          ],
          [
            7.0381627,
            46.8843796
          ],
          [
            7.0381814,
            46.8843419
          ],
          [
            7.0381923,
            46.8843041
          ],
          [
            7.0382031,
            46.8842435
          ]
        ]
      },
      "id": "way/923403926"
    },
    {
      "type": "Feature",
      "properties": {
        "@id": "way/923403927",
        "highway": "service"
      },
      "geometry": {
        "type": "LineString",
        "coordinates": [
          [
            7.0401393,
            46.886754
          ],
          [
            7.0401992,
            46.8867155
          ],
          [
            7.0402344,
            46.8866912
          ],
          [
            7.0409865,
            46.885897
          ]
        ]
      },
      "id": "way/923403927"
    },
    {
      "type": "Feature",
      "properties": {
        "@id": "way/923403928",
        "highway": "service"
      },
      "geometry": {
        "type": "LineString",
        "coordinates": [
          [
            7.0404229,
            46.8869741
          ],
          [
            7.0404952,
            46.8869355
          ],
          [
            7.0405288,
            46.886916
          ],
          [
            7.0405596,
            46.8868931
          ],
          [
            7.0413922,
            46.8860239
          ]
        ]
      },
      "id": "way/923403928"
    },
    {
      "type": "Feature",
      "properties": {
        "@id": "way/923403930",
        "highway": "service",
        "smoothness": "intermediate",
        "surface": "concrete"
      },
      "geometry": {
        "type": "LineString",
        "coordinates": [
          [
            7.0460492,
            46.8865461
          ],
          [
            7.0459381,
            46.8864365
          ],
          [
            7.0459333,
            46.8864137
          ],
          [
            7.0459444,
            46.8863834
          ],
          [
            7.0463905,
            46.8860616
          ]
        ]
      },
      "id": "way/923403930"
    },
    {
      "type": "Feature",
      "properties": {
        "@id": "way/923403931",
        "highway": "service",
        "smoothness": "excellent",
        "surface": "asphalt"
      },
      "geometry": {
        "type": "LineString",
        "coordinates": [
          [
            7.0459333,
            46.8864137
          ],
          [
            7.0457812,
            46.8864961
          ]
        ]
      },
      "id": "way/923403931"
    },
    {
      "type": "Feature",
      "properties": {
        "@id": "way/923403932",
        "highway": "service",
        "smoothness": "excellent",
        "surface": "asphalt"
      },
      "geometry": {
        "type": "LineString",
        "coordinates": [
          [
            7.0453675,
            46.8869649
          ],
          [
            7.0450933,
            46.8867452
          ],
          [
            7.044946,
            46.886834
          ]
        ]
      },
      "id": "way/923403932"
    },
    {
      "type": "Feature",
      "properties": {
        "@id": "way/923403934",
        "highway": "service"
      },
      "geometry": {
        "type": "LineString",
        "coordinates": [
          [
            7.0465384,
            46.886178
          ],
          [
            7.0470476,
            46.8858613
          ],
          [
            7.0470517,
            46.8858331
          ],
          [
            7.0465116,
            46.8854442
          ]
        ]
      },
      "id": "way/923403934"
    },
    {
      "type": "Feature",
      "properties": {
        "@id": "way/923403935",
        "highway": "service",
        "service": "driveway"
      },
      "geometry": {
        "type": "LineString",
        "coordinates": [
          [
            7.0457666,
            46.8829691
          ],
          [
            7.0459829,
            46.8832232
          ]
        ]
      },
      "id": "way/923403935"
    },
    {
      "type": "Feature",
      "properties": {
        "@id": "way/923403936",
        "highway": "service"
      },
      "geometry": {
        "type": "LineString",
        "coordinates": [
          [
            7.0441246,
            46.8815264
          ],
          [
            7.0443955,
            46.8814119
          ],
          [
            7.0444141,
            46.8813823
          ],
          [
            7.0443584,
            46.8812992
          ]
        ]
      },
      "id": "way/923403936"
    },
    {
      "type": "Feature",
      "properties": {
        "@id": "way/930800504",
        "highway": "service",
        "lanes": "1",
        "oneway": "yes",
        "service": "driveway",
        "smoothness": "excellent",
        "surface": "asphalt"
      },
      "geometry": {
        "type": "LineString",
        "coordinates": [
          [
            7.0331361,
            46.876778
          ],
          [
            7.033076,
            46.876754
          ],
          [
            7.0330149,
            46.8767277
          ],
          [
            7.0329365,
            46.8766939
          ]
        ]
      },
      "id": "way/930800504"
    },
    {
      "type": "Feature",
      "properties": {
        "@id": "way/937757412",
        "highway": "footway"
      },
      "geometry": {
        "type": "LineString",
        "coordinates": [
          [
            7.0451657,
            46.8858719
          ],
          [
            7.0450526,
            46.8857801
          ]
        ]
      },
      "id": "way/937757412"
    },
    {
      "type": "Feature",
      "properties": {
        "@id": "way/951791004",
        "highway": "footway",
        "surface": "asphalt",
        "width": "1"
      },
      "geometry": {
        "type": "LineString",
        "coordinates": [
          [
            7.0447044,
            46.8822046
          ],
          [
            7.0447999,
            46.8822146
          ],
          [
            7.0452466,
            46.8821261
          ]
        ]
      },
      "id": "way/951791004"
    },
    {
      "type": "Feature",
      "properties": {
        "@id": "way/963666356",
        "bicycle": "designated",
        "bridge": "yes",
        "foot": "designated",
        "highway": "cycleway",
        "layer": "1",
        "lit": "no",
        "segregated": "no",
        "smoothness": "excellent",
        "surface": "asphalt",
        "unsigned": "maxweight",
        "width": "2"
      },
      "geometry": {
        "type": "LineString",
        "coordinates": [
          [
            7.0561434,
            46.9023686
          ],
          [
            7.0563903,
            46.9023235
          ]
        ]
      },
      "id": "way/963666356"
    },
    {
      "type": "Feature",
      "properties": {
        "@id": "way/963666357",
        "bicycle": "designated",
        "foot": "designated",
        "highway": "cycleway",
        "lit": "no",
        "segregated": "no",
        "smoothness": "excellent",
        "surface": "asphalt",
        "width": "2"
      },
      "geometry": {
        "type": "LineString",
        "coordinates": [
          [
            7.0563903,
            46.9023235
          ],
          [
            7.057014,
            46.9022232
          ],
          [
            7.0575776,
            46.9021297
          ],
          [
            7.0578005,
            46.9020954
          ],
          [
            7.0580117,
            46.9020752
          ],
          [
            7.0582573,
            46.9020601
          ],
          [
            7.0585015,
            46.9020506
          ],
          [
            7.0596358,
            46.9020184
          ],
          [
            7.0614761,
            46.9019591
          ],
          [
            7.0617621,
            46.9019602
          ],
          [
            7.0618994,
            46.9019779
          ],
          [
            7.0621069,
            46.9020235
          ],
          [
            7.0622832,
            46.9020569
          ],
          [
            7.062378,
            46.9020779
          ],
          [
            7.0624684,
            46.9021068
          ],
          [
            7.0640387,
            46.9026827
          ],
          [
            7.065238,
            46.9031271
          ],
          [
            7.0654327,
            46.9032046
          ],
          [
            7.0655944,
            46.9032875
          ],
          [
            7.0656226,
            46.9032977
          ],
          [
            7.0656596,
            46.9033108
          ],
          [
            7.0658701,
            46.9033631
          ],
          [
            7.0665884,
            46.9036334
          ],
          [
            7.0667021,
            46.9036874
          ],
          [
            7.0670649,
            46.9039526
          ],
          [
            7.068018,
            46.9046681
          ],
          [
            7.068276,
            46.9048636
          ],
          [
            7.0682933,
            46.9048997
          ],
          [
            7.0683071,
            46.9049884
          ],
          [
            7.0683052,
            46.9050114
          ]
        ]
      },
      "id": "way/963666357"
    },
    {
      "type": "Feature",
      "properties": {
        "@id": "way/971236894",
        "highway": "motorway",
        "int_ref": "E 25",
        "lanes": "3",
        "maxspeed": "120",
        "oneway": "yes",
        "ref": "A1",
        "surface": "asphalt",
        "toll": "yes",
        "turn:lanes": "none|none|merge_to_left"
      },
      "geometry": {
        "type": "LineString",
        "coordinates": [
          [
            7.0212979,
            46.8807952
          ],
          [
            7.0208879,
            46.8806701
          ],
          [
            7.0204811,
            46.8805482
          ],
          [
            7.0200476,
            46.880422
          ],
          [
            7.019612,
            46.8802986
          ],
          [
            7.0191975,
            46.8801834
          ],
          [
            7.0187564,
            46.8800641
          ],
          [
            7.0183271,
            46.8799516
          ],
          [
            7.0178792,
            46.8798365
          ]
        ]
      },
      "id": "way/971236894"
    },
    {
      "type": "Feature",
      "properties": {
        "@id": "way/971236895",
        "highway": "motorway",
        "int_ref": "E 25",
        "lanes": "3",
        "maxspeed": "120",
        "oneway": "yes",
        "ref": "A1",
        "surface": "asphalt",
        "toll": "yes",
        "turn:lanes": "none|none|merge_to_left"
      },
      "geometry": {
        "type": "LineString",
        "coordinates": [
          [
            7.0296625,
            46.8839156
          ],
          [
            7.0298353,
            46.8839978
          ],
          [
            7.0302121,
            46.8841795
          ],
          [
            7.0307752,
            46.884457
          ],
          [
            7.0311473,
            46.8846461
          ],
          [
            7.0315277,
            46.8848427
          ],
          [
            7.0318985,
            46.8850376
          ],
          [
            7.0322684,
            46.8852358
          ]
        ]
      },
      "id": "way/971236895"
    },
    {
      "type": "Feature",
      "properties": {
        "@id": "way/971236896",
        "highway": "motorway",
        "int_ref": "E 25",
        "lanes": "2",
        "maxheight": "default",
        "maxspeed": "120",
        "oneway": "yes",
        "ref": "A1",
        "surface": "asphalt",
        "toll": "yes"
      },
      "geometry": {
        "type": "LineString",
        "coordinates": [
          [
            7.0257954,
            46.8822468
          ],
          [
            7.0263015,
            46.8824471
          ],
          [
            7.0266995,
            46.8826085
          ],
          [
            7.0270939,
            46.8827721
          ],
          [
            7.0274934,
            46.882941
          ],
          [
            7.0278983,
            46.8831142
          ],
          [
            7.0282848,
            46.883284
          ],
          [
            7.0286804,
            46.8834609
          ],
          [
            7.0290767,
            46.8836416
          ],
          [
            7.0294598,
            46.88382
          ],
          [
            7.0296625,
            46.8839156
          ]
        ]
      },
      "id": "way/971236896"
    },
    {
      "type": "Feature",
      "properties": {
        "@id": "way/971236897",
        "highway": "motorway",
        "int_ref": "E 25",
        "lanes": "3",
        "maxspeed": "120",
        "oneway": "yes",
        "ref": "A1",
        "surface": "asphalt",
        "toll": "yes",
        "turn:lanes": "none|none|slight_right"
      },
      "geometry": {
        "type": "LineString",
        "coordinates": [
          [
            7.0310592,
            46.8847344
          ],
          [
            7.0306851,
            46.8845455
          ],
          [
            7.0301251,
            46.8842685
          ],
          [
            7.0297456,
            46.8840852
          ],
          [
            7.0293689,
            46.8839068
          ],
          [
            7.0290024,
            46.8837364
          ]
        ]
      },
      "id": "way/971236897"
    },
    {
      "type": "Feature",
      "properties": {
        "@id": "way/971236899",
        "highway": "motorway",
        "int_ref": "E 25",
        "lanes": "3",
        "maxspeed": "120",
        "oneway": "yes",
        "ref": "A1",
        "surface": "asphalt",
        "toll": "yes",
        "turn:lanes": "none|none|slight_right"
      },
      "geometry": {
        "type": "LineString",
        "coordinates": [
          [
            7.0196703,
            46.8801988
          ],
          [
            7.020106,
            46.8803233
          ],
          [
            7.0205403,
            46.8804508
          ],
          [
            7.0209436,
            46.8805708
          ],
          [
            7.0213205,
            46.8806851
          ]
        ]
      },
      "id": "way/971236899"
    },
    {
      "type": "Feature",
      "properties": {
        "@id": "way/971236900",
        "highway": "service",
        "smoothness": "excellent",
        "surface": "asphalt"
      },
      "geometry": {
        "type": "LineString",
        "coordinates": [
          [
            7.0383835,
            46.8872743
          ],
          [
            7.0382887,
            46.8872095
          ]
        ]
      },
      "id": "way/971236900"
    },
    {
      "type": "Feature",
      "properties": {
        "@id": "way/971236901",
        "highway": "service"
      },
      "geometry": {
        "type": "LineString",
        "coordinates": [
          [
            7.0383835,
            46.8872743
          ],
          [
            7.0378764,
            46.887789
          ],
          [
            7.0377986,
            46.8878032
          ],
          [
            7.0376602,
            46.8879486
          ],
          [
            7.0376516,
            46.887962
          ],
          [
            7.0376464,
            46.8879741
          ],
          [
            7.0376457,
            46.8879865
          ],
          [
            7.0376477,
            46.8879988
          ],
          [
            7.0376541,
            46.8880125
          ],
          [
            7.0376637,
            46.888024
          ],
          [
            7.0376757,
            46.8880329
          ],
          [
            7.0376884,
            46.8880393
          ],
          [
            7.0387857,
            46.8885388
          ],
          [
            7.039272,
            46.8880428
          ],
          [
            7.0392833,
            46.8880261
          ],
          [
            7.039289,
            46.8880111
          ],
          [
            7.0392897,
            46.8879991
          ],
          [
            7.0392857,
            46.8879807
          ],
          [
            7.0392773,
            46.8879585
          ],
          [
            7.039257,
            46.887928
          ],
          [
            7.0392188,
            46.887888
          ],
          [
            7.0391263,
            46.8878046
          ],
          [
            7.0390525,
            46.8877395
          ],
          [
            7.0386811,
            46.8874745
          ],
          [
            7.0383835,
            46.8872743
          ]
        ]
      },
      "id": "way/971236901"
    },
    {
      "type": "Feature",
      "properties": {
        "@id": "way/971236902",
        "cycleway:both": "no",
        "highway": "unclassified",
        "lanes": "2",
        "name": "Impasse du Milieu",
        "sidewalk": "right",
        "smoothness": "excellent",
        "surface": "asphalt"
      },
      "geometry": {
        "type": "LineString",
        "coordinates": [
          [
            7.0378076,
            46.8854744
          ],
          [
            7.0377862,
            46.8854962
          ],
          [
            7.0376184,
            46.8856867
          ],
          [
            7.0373884,
            46.8859462
          ],
          [
            7.0373377,
            46.8860132
          ],
          [
            7.0373017,
            46.8860668
          ],
          [
            7.0372795,
            46.8861059
          ],
          [
            7.0372621,
            46.8861465
          ],
          [
            7.0372519,
            46.8861807
          ],
          [
            7.0372457,
            46.8862142
          ],
          [
            7.0372425,
            46.8862477
          ],
          [
            7.0372468,
            46.8862946
          ],
          [
            7.0372531,
            46.8863362
          ],
          [
            7.0372649,
            46.8863733
          ],
          [
            7.0372809,
            46.8864105
          ],
          [
            7.0373026,
            46.8864492
          ],
          [
            7.037331,
            46.8864879
          ],
          [
            7.0373583,
            46.8865201
          ],
          [
            7.0374022,
            46.8865637
          ],
          [
            7.0374416,
            46.8865988
          ],
          [
            7.037585,
            46.8867089
          ],
          [
            7.0382887,
            46.8872095
          ]
        ]
      },
      "id": "way/971236902"
    },
    {
      "type": "Feature",
      "properties": {
        "@id": "way/975597449",
        "highway": "track",
        "surface": "grass",
        "tracktype": "grade4"
      },
      "geometry": {
        "type": "LineString",
        "coordinates": [
          [
            7.0531258,
            46.8876269
          ],
          [
            7.0521778,
            46.8875407
          ],
          [
            7.052132,
            46.8875449
          ],
          [
            7.0520994,
            46.8875572
          ],
          [
            7.0513438,
            46.8879408
          ],
          [
            7.0512871,
            46.8879565
          ],
          [
            7.0512558,
            46.8879594
          ]
        ]
      },
      "id": "way/975597449"
    },
    {
      "type": "Feature",
      "properties": {
        "@id": "way/975597450",
        "highway": "path"
      },
      "geometry": {
        "type": "LineString",
        "coordinates": [
          [
            7.0533759,
            46.8935395
          ],
          [
            7.0537717,
            46.892594
          ],
          [
            7.0539031,
            46.8922337
          ],
          [
            7.0539136,
            46.8922066
          ],
          [
            7.0539408,
            46.8921366
          ],
          [
            7.0539912,
            46.8920456
          ],
          [
            7.054056,
            46.8919644
          ],
          [
            7.0541298,
            46.8918993
          ]
        ]
      },
      "id": "way/975597450"
    },
    {
      "type": "Feature",
      "properties": {
        "@id": "way/975597451",
        "highway": "path"
      },
      "geometry": {
        "type": "LineString",
        "coordinates": [
          [
            7.0539136,
            46.8922066
          ],
          [
            7.0537816,
            46.8921708
          ]
        ]
      },
      "id": "way/975597451"
    },
    {
      "type": "Feature",
      "properties": {
        "@id": "way/975597452",
        "highway": "track",
        "surface": "asphalt"
      },
      "geometry": {
        "type": "LineString",
        "coordinates": [
          [
            7.053088,
            46.8932555
          ],
          [
            7.0534982,
            46.8923444
          ],
          [
            7.0536206,
            46.8921034
          ],
          [
            7.053662,
            46.8920579
          ],
          [
            7.0536979,
            46.8920419
          ],
          [
            7.0537375,
            46.8920321
          ],
          [
            7.0538469,
            46.892025
          ]
        ]
      },
      "id": "way/975597452"
    },
    {
      "type": "Feature",
      "properties": {
        "@id": "way/985126391",
        "highway": "service",
        "surface": "asphalt"
      },
      "geometry": {
        "type": "LineString",
        "coordinates": [
          [
            7.0407347,
            46.8872159
          ],
          [
            7.040304,
            46.8876543
          ],
          [
            7.0400078,
            46.8879771
          ],
          [
            7.0397087,
            46.8880068
          ],
          [
            7.0391053,
            46.8886415
          ],
          [
            7.0390668,
            46.8887041
          ],
          [
            7.0390657,
            46.8887747
          ],
          [
            7.039081,
            46.8888308
          ],
          [
            7.0391321,
            46.8888788
          ],
          [
            7.0400683,
            46.8892989
          ],
          [
            7.0402044,
            46.8893395
          ],
          [
            7.0403098,
            46.8893454
          ],
          [
            7.0403854,
            46.8893312
          ],
          [
            7.0404487,
            46.8893049
          ],
          [
            7.0412769,
            46.8884833
          ],
          [
            7.0417551,
            46.8880072
          ]
        ]
      },
      "id": "way/985126391"
    },
    {
      "type": "Feature",
      "properties": {
        "@id": "way/991458034",
        "cycleway:both": "no",
        "highway": "residential",
        "lane_markings": "no",
        "maxspeed": "50",
        "name": "Place de la Gare",
        "sidewalk": "right",
        "sidewalk:right:surface": "asphalt",
        "smoothness": "excellent",
        "surface": "asphalt"
      },
      "geometry": {
        "type": "LineString",
        "coordinates": [
          [
            7.04165,
            46.8848629
          ],
          [
            7.0417496,
            46.8849271
          ],
          [
            7.0422761,
            46.8853074
          ],
          [
            7.0423214,
            46.8853199
          ],
          [
            7.0423627,
            46.8853252
          ]
        ]
      },
      "id": "way/991458034"
    },
    {
      "type": "Feature",
      "properties": {
        "@id": "way/995928996",
        "highway": "path"
      },
      "geometry": {
        "type": "LineString",
        "coordinates": [
          [
            7.0469907,
            46.8853589
          ],
          [
            7.0470961,
            46.8853171
          ]
        ]
      },
      "id": "way/995928996"
    },
    {
      "type": "Feature",
      "properties": {
        "@id": "way/995928997",
        "highway": "service",
        "oneway": "no",
        "service": "driveway",
        "smoothness": "excellent",
        "surface": "asphalt"
      },
      "geometry": {
        "type": "LineString",
        "coordinates": [
          [
            7.0473668,
            46.8853756
          ],
          [
            7.0472138,
            46.8854426
          ],
          [
            7.0470961,
            46.8853171
          ],
          [
            7.047028,
            46.8852445
          ],
          [
            7.0471151,
            46.8851072
          ]
        ]
      },
      "id": "way/995928997"
    },
    {
      "type": "Feature",
      "properties": {
        "@id": "way/998821432",
        "highway": "service",
        "service": "driveway"
      },
      "geometry": {
        "type": "LineString",
        "coordinates": [
          [
            7.0388851,
            46.8766707
          ],
          [
            7.0389521,
            46.8765635
          ],
          [
            7.0390202,
            46.876546
          ],
          [
            7.0396227,
            46.8767196
          ]
        ]
      },
      "id": "way/998821432"
    },
    {
      "type": "Feature",
      "properties": {
        "@id": "way/998821433",
        "highway": "service",
        "service": "driveway"
      },
      "geometry": {
        "type": "LineString",
        "coordinates": [
          [
            7.0389521,
            46.8765635
          ],
          [
            7.038814,
            46.8765158
          ],
          [
            7.0387415,
            46.8765369
          ],
          [
            7.0382239,
            46.8764123
          ]
        ]
      },
      "id": "way/998821433"
    },
    {
      "type": "Feature",
      "properties": {
        "@id": "way/998821434",
        "highway": "service",
        "service": "driveway"
      },
      "geometry": {
        "type": "LineString",
        "coordinates": [
          [
            7.0380112,
            46.8764347
          ],
          [
            7.0380752,
            46.8763083
          ],
          [
            7.0380416,
            46.8762835
          ],
          [
            7.0370745,
            46.8760313
          ]
        ]
      },
      "id": "way/998821434"
    },
    {
      "type": "Feature",
      "properties": {
        "@id": "way/1021533952",
        "highway": "service",
        "smoothness": "excellent",
        "surface": "asphalt"
      },
      "geometry": {
        "type": "LineString",
        "coordinates": [
          [
            7.0487772,
            46.8896621
          ],
          [
            7.0489194,
            46.889651
          ],
          [
            7.0489673,
            46.8896544
          ],
          [
            7.0490107,
            46.8896653
          ],
          [
            7.0496912,
            46.8898875
          ],
          [
            7.049891,
            46.8899642
          ],
          [
            7.0502899,
            46.8900923
          ]
        ]
      },
      "id": "way/1021533952"
    },
    {
      "type": "Feature",
      "properties": {
        "@id": "way/1057663619",
        "highway": "service",
        "service": "driveway"
      },
      "geometry": {
        "type": "LineString",
        "coordinates": [
          [
            7.0425817,
            46.8778941
          ],
          [
            7.0429193,
            46.8780064
          ],
          [
            7.0430588,
            46.8780528
          ]
        ]
      },
      "id": "way/1057663619"
    },
    {
      "type": "Feature",
      "properties": {
        "@id": "way/1057663620",
        "highway": "track",
        "tracktype": "grade3"
      },
      "geometry": {
        "type": "LineString",
        "coordinates": [
          [
            7.0426309,
            46.8778484
          ],
          [
            7.0427977,
            46.877909
          ],
          [
            7.0428914,
            46.8779233
          ],
          [
            7.0429332,
            46.8779233
          ],
          [
            7.043001,
            46.8779063
          ],
          [
            7.0431037,
            46.8778531
          ],
          [
            7.0432383,
            46.8777386
          ],
          [
            7.0433669,
            46.8775795
          ]
        ]
      },
      "id": "way/1057663620"
    },
    {
      "type": "Feature",
      "properties": {
        "@id": "way/1057663621",
        "highway": "track",
        "tracktype": "grade3"
      },
      "geometry": {
        "type": "LineString",
        "coordinates": [
          [
            7.0429332,
            46.8779233
          ],
          [
            7.0429193,
            46.8780064
          ]
        ]
      },
      "id": "way/1057663621"
    },
    {
      "type": "Feature",
      "properties": {
        "@id": "way/1057663622",
        "highway": "service",
        "service": "driveway"
      },
      "geometry": {
        "type": "LineString",
        "coordinates": [
          [
            7.0432434,
            46.87736
          ],
          [
            7.0430453,
            46.8772954
          ]
        ]
      },
      "id": "way/1057663622"
    },
    {
      "type": "Feature",
      "properties": {
        "@id": "way/1070763565",
        "highway": "service",
        "oneway": "yes",
        "service": "parking_aisle",
        "smoothness": "excellent",
        "surface": "asphalt"
      },
      "geometry": {
        "type": "LineString",
        "coordinates": [
          [
            7.0444298,
            46.8802853
          ],
          [
            7.0446335,
            46.8801247
          ],
          [
            7.0448113,
            46.8799877
          ],
          [
            7.0444732,
            46.8796647
          ],
          [
            7.0442764,
            46.8797591
          ],
          [
            7.0441159,
            46.8798361
          ],
          [
            7.0441038,
            46.8798419
          ],
          [
            7.044034,
            46.8798754
          ]
        ]
      },
      "id": "way/1070763565"
    },
    {
      "type": "Feature",
      "properties": {
        "@id": "way/1070763566",
        "highway": "service",
        "oneway": "yes",
        "service": "parking_aisle",
        "smoothness": "excellent",
        "surface": "asphalt"
      },
      "geometry": {
        "type": "LineString",
        "coordinates": [
          [
            7.0446335,
            46.8801247
          ],
          [
            7.0442764,
            46.8797591
          ]
        ]
      },
      "id": "way/1070763566"
    },
    {
      "type": "Feature",
      "properties": {
        "@id": "way/1072299747",
        "highway": "service",
        "oneway": "yes",
        "service": "parking_aisle",
        "smoothness": "excellent",
        "surface": "asphalt"
      },
      "geometry": {
        "type": "LineString",
        "coordinates": [
          [
            7.0383917,
            46.8832021
          ],
          [
            7.0384199,
            46.8831824
          ],
          [
            7.0384483,
            46.8831625
          ]
        ]
      },
      "id": "way/1072299747"
    },
    {
      "type": "Feature",
      "properties": {
        "@id": "way/1072299749",
        "highway": "service",
        "oneway": "yes",
        "smoothness": "excellent",
        "surface": "asphalt"
      },
      "geometry": {
        "type": "LineString",
        "coordinates": [
          [
            7.0373174,
            46.882566
          ],
          [
            7.0373394,
            46.8825509
          ],
          [
            7.0374331,
            46.8824869
          ]
        ]
      },
      "id": "way/1072299749"
    },
    {
      "type": "Feature",
      "properties": {
        "@id": "way/1072299750",
        "highway": "service",
        "oneway": "yes",
        "oneway:bicycle": "no",
        "smoothness": "excellent",
        "surface": "asphalt"
      },
      "geometry": {
        "type": "LineString",
        "coordinates": [
          [
            7.0391854,
            46.8838895
          ],
          [
            7.0391033,
            46.8838184
          ],
          [
            7.0390858,
            46.8838033
          ],
          [
            7.038649,
            46.883425
          ],
          [
            7.0383917,
            46.8832021
          ],
          [
            7.0380274,
            46.8830166
          ],
          [
            7.0377922,
            46.8828969
          ],
          [
            7.0376389,
            46.8827901
          ],
          [
            7.0373174,
            46.882566
          ],
          [
            7.0368088,
            46.882365
          ],
          [
            7.0358543,
            46.8819876
          ],
          [
            7.0359072,
            46.8819226
          ],
          [
            7.0361469,
            46.8816276
          ]
        ]
      },
      "id": "way/1072299750"
    },
    {
      "type": "Feature",
      "properties": {
        "@id": "way/1072299751",
        "highway": "track",
        "name": "Zone Industrielle Ouest",
        "tracktype": "grade1"
      },
      "geometry": {
        "type": "LineString",
        "coordinates": [
          [
            7.0346403,
            46.8806347
          ],
          [
            7.0361469,
            46.8816276
          ]
        ]
      },
      "id": "way/1072299751"
    },
    {
      "type": "Feature",
      "properties": {
        "@id": "way/1072428033",
        "highway": "footway",
        "smoothness": "excellent",
        "surface": "asphalt"
      },
      "geometry": {
        "type": "LineString",
        "coordinates": [
          [
            7.0390019,
            46.8841301
          ],
          [
            7.0371121,
            46.8833831
          ],
          [
            7.0365539,
            46.8831613
          ],
          [
            7.0362245,
            46.8830304
          ]
        ]
      },
      "id": "way/1072428033"
    },
    {
      "type": "Feature",
      "properties": {
        "@id": "way/1080999730",
        "highway": "path",
        "smoothness": "intermediate",
        "surface": "concrete"
      },
      "geometry": {
        "type": "LineString",
        "coordinates": [
          [
            7.0427725,
            46.8814432
          ],
          [
            7.0427694,
            46.8814158
          ],
          [
            7.04276,
            46.8813388
          ]
        ]
      },
      "id": "way/1080999730"
    },
    {
      "type": "Feature",
      "properties": {
        "@id": "way/1080999733",
        "highway": "path",
        "smoothness": "excellent",
        "surface": "asphalt"
      },
      "geometry": {
        "type": "LineString",
        "coordinates": [
          [
            7.0420966,
            46.8814514
          ],
          [
            7.0421735,
            46.8813853
          ]
        ]
      },
      "id": "way/1080999733"
    },
    {
      "type": "Feature",
      "properties": {
        "@id": "way/1080999734",
        "highway": "service",
        "service": "driveway"
      },
      "geometry": {
        "type": "LineString",
        "coordinates": [
          [
            7.0401834,
            46.881529
          ],
          [
            7.0401409,
            46.8815555
          ],
          [
            7.0399548,
            46.8816065
          ],
          [
            7.0398463,
            46.8816884
          ]
        ]
      },
      "id": "way/1080999734"
    },
    {
      "type": "Feature",
      "properties": {
        "@id": "way/1081278609",
        "highway": "path",
        "path": "link",
        "segregated": "no"
      },
      "geometry": {
        "type": "LineString",
        "coordinates": [
          [
            7.0488844,
            46.9010198
          ],
          [
            7.0488226,
            46.900963
          ]
        ]
      },
      "id": "way/1081278609"
    },
    {
      "type": "Feature",
      "properties": {
        "@id": "way/1081278847",
        "highway": "path"
      },
      "geometry": {
        "type": "LineString",
        "coordinates": [
          [
            7.0500589,
            46.9002012
          ],
          [
            7.0499274,
            46.9001615
          ]
        ]
      },
      "id": "way/1081278847"
    },
    {
      "type": "Feature",
      "properties": {
        "@id": "way/1081278848",
        "highway": "path"
      },
      "geometry": {
        "type": "LineString",
        "coordinates": [
          [
            7.0502203,
            46.8997748
          ],
          [
            7.0500966,
            46.8997587
          ],
          [
            7.0499527,
            46.8997321
          ]
        ]
      },
      "id": "way/1081278848"
    },
    {
      "type": "Feature",
      "properties": {
        "@id": "way/1083993038",
        "cycleway:both": "no",
        "highway": "primary",
        "lanes": "2",
        "lit": "yes",
        "maxspeed": "50",
        "name": "Route du Faubourg",
        "rcrc_ref": "601a",
        "ref": "1",
        "sidewalk": "both",
        "sidewalk:both:surface": "asphalt",
        "smoothness": "excellent",
        "surface": "asphalt"
      },
      "geometry": {
        "type": "LineString",
        "coordinates": [
          [
            7.044772,
            46.880682
          ],
          [
            7.0449257,
            46.8809173
          ],
          [
            7.0450989,
            46.8812899
          ],
          [
            7.0452063,
            46.8816696
          ],
          [
            7.0452427,
            46.8820214
          ]
        ]
      },
      "id": "way/1083993038"
    },
    {
      "type": "Feature",
      "properties": {
        "@id": "way/1083993039",
        "cycleway:both": "no",
        "highway": "primary",
        "lanes": "2",
        "lit": "yes",
        "maxspeed": "50",
        "name": "Route du Faubourg",
        "rcrc_ref": "601a",
        "ref": "1",
        "sidewalk:left": "separate",
        "sidewalk:right": "yes",
        "sidewalk:right:surface": "asphalt",
        "smoothness": "excellent",
        "surface": "asphalt"
      },
      "geometry": {
        "type": "LineString",
        "coordinates": [
          [
            7.0423312,
            46.8786638
          ],
          [
            7.0425229,
            46.8787424
          ],
          [
            7.0428801,
            46.8789257
          ],
          [
            7.0429876,
            46.8789873
          ],
          [
            7.0431361,
            46.8790724
          ],
          [
            7.0434125,
            46.8792801
          ],
          [
            7.0435367,
            46.8793734
          ]
        ]
      },
      "id": "way/1083993039"
    },
    {
      "type": "Feature",
      "properties": {
        "@id": "way/1102963893",
        "highway": "track",
        "tracktype": "grade1"
      },
      "geometry": {
        "type": "LineString",
        "coordinates": [
          [
            7.0258507,
            46.88511
          ],
          [
            7.0265639,
            46.8852399
          ]
        ]
      },
      "id": "way/1102963893"
    },
    {
      "type": "Feature",
      "properties": {
        "@id": "way/1102963894",
        "highway": "track",
        "tracktype": "grade3"
      },
      "geometry": {
        "type": "LineString",
        "coordinates": [
          [
            7.0419696,
            46.8762106
          ],
          [
            7.0419612,
            46.8761562
          ],
          [
            7.0419341,
            46.8760712
          ],
          [
            7.041919,
            46.8757446
          ],
          [
            7.0419341,
            46.8756466
          ],
          [
            7.0418813,
            46.8751739
          ],
          [
            7.0418889,
            46.8751154
          ],
          [
            7.0420498,
            46.8748868
          ],
          [
            7.0421436,
            46.8745369
          ],
          [
            7.042189,
            46.8744483
          ],
          [
            7.0427769,
            46.8739372
          ]
        ]
      },
      "id": "way/1102963894"
    },
    {
      "type": "Feature",
      "properties": {
        "@id": "way/1135310749",
        "cycleway:both": "no",
        "highway": "primary",
        "lanes": "1",
        "lit": "yes",
        "maxspeed": "60",
        "name": "Rue de Lausanne",
        "oneway": "yes",
        "rcrc_ref": "601a",
        "ref": "1",
        "sidewalk:left": "no",
        "sidewalk:right": "separate",
        "surface": "asphalt"
      },
      "geometry": {
        "type": "LineString",
        "coordinates": [
          [
            7.0348244,
            46.8771155
          ],
          [
            7.0348858,
            46.8771393
          ],
          [
            7.0349528,
            46.877173
          ],
          [
            7.0351561,
            46.8772833
          ]
        ]
      },
      "id": "way/1135310749"
    },
    {
      "type": "Feature",
      "properties": {
        "@id": "way/1135310750",
        "cycleway:both": "no",
        "highway": "primary",
        "lanes": "1",
        "lit": "yes",
        "maxspeed": "60",
        "name": "Rue de Lausanne",
        "oneway": "yes",
        "rcrc_ref": "601a",
        "ref": "1",
        "sidewalk:left": "no",
        "sidewalk:right": "separate",
        "surface": "asphalt"
      },
      "geometry": {
        "type": "LineString",
        "coordinates": [
          [
            7.0351561,
            46.8772833
          ],
          [
            7.0349106,
            46.8772235
          ],
          [
            7.0348332,
            46.8772139
          ],
          [
            7.0347681,
            46.8771923
          ]
        ]
      },
      "id": "way/1135310750"
    },
    {
      "type": "Feature",
      "properties": {
        "@id": "way/1141594783",
        "cycleway:both": "no",
        "highway": "primary",
        "lanes": "1",
        "lit": "yes",
        "maxspeed": "50",
        "name": "Route du Faubourg",
        "oneway": "yes",
        "ref": "1",
        "reg_ref": "601a",
        "sidewalk:left": "yes",
        "sidewalk:right": "separate"
      },
      "geometry": {
        "type": "LineString",
        "coordinates": [
          [
            7.0423312,
            46.8786638
          ],
          [
            7.0421734,
            46.8786124
          ],
          [
            7.0420891,
            46.8785771
          ],
          [
            7.0420354,
            46.8785601
          ]
        ]
      },
      "id": "way/1141594783"
    },
    {
      "type": "Feature",
      "properties": {
        "@id": "way/1141594784",
        "cycleway:both": "no",
        "highway": "secondary",
        "lanes": "1",
        "maxspeed": "50",
        "name": "Route de Donatyre",
        "nat_ref": "157.1",
        "oneway": "yes",
        "rcrc_ref": "602b",
        "ref": "157.1",
        "sidewalk": "right"
      },
      "geometry": {
        "type": "LineString",
        "coordinates": [
          [
            7.0420092,
            46.8784427
          ],
          [
            7.0421156,
            46.8783651
          ]
        ]
      },
      "id": "way/1141594784"
    },
    {
      "type": "Feature",
      "properties": {
        "@id": "way/1141594785",
        "cycleway:both": "no",
        "highway": "secondary",
        "lanes": "1",
        "maxspeed": "50",
        "name": "Route de Donatyre",
        "nat_ref": "157.1",
        "oneway": "yes",
        "rcrc_ref": "602b",
        "ref": "157.1",
        "sidewalk": "right"
      },
      "geometry": {
        "type": "LineString",
        "coordinates": [
          [
            7.0421156,
            46.8783651
          ],
          [
            7.0421009,
            46.8784298
          ],
          [
            7.0420937,
            46.878474
          ]
        ]
      },
      "id": "way/1141594785"
    },
    {
      "type": "Feature",
      "properties": {
        "@id": "way/1155322630",
        "highway": "path",
        "lit": "yes",
        "smoothness": "excellent",
        "surface": "asphalt"
      },
      "geometry": {
        "type": "LineString",
        "coordinates": [
          [
            7.0449267,
            46.8840922
          ],
          [
            7.044919,
            46.8840857
          ],
          [
            7.0448763,
            46.88405
          ],
          [
            7.0447661,
            46.8839571
          ]
        ]
      },
      "id": "way/1155322630"
    },
    {
      "type": "Feature",
      "properties": {
        "@id": "way/1155322631",
        "highway": "path",
        "lit": "yes",
        "smoothness": "excellent",
        "surface": "asphalt"
      },
      "geometry": {
        "type": "LineString",
        "coordinates": [
          [
            7.0449889,
            46.8841459
          ],
          [
            7.0449267,
            46.8840922
          ]
        ]
      },
      "id": "way/1155322631"
    },
    {
      "type": "Feature",
      "properties": {
        "@id": "way/1155322632",
        "handrail": "yes",
        "highway": "steps",
        "incline": "up",
        "lit": "yes",
        "ramp": "no",
        "step_count": "3",
        "surface": "asphalt"
      },
      "geometry": {
        "type": "LineString",
        "coordinates": [
          [
            7.0450116,
            46.8841668
          ],
          [
            7.0449889,
            46.8841459
          ]
        ]
      },
      "id": "way/1155322632"
    },
    {
      "type": "Feature",
      "properties": {
        "@id": "way/1155322652",
        "highway": "footway",
        "lit": "yes",
        "smoothness": "excellent",
        "surface": "asphalt"
      },
      "geometry": {
        "type": "LineString",
        "coordinates": [
          [
            7.0451054,
            46.884253
          ],
          [
            7.0450695,
            46.88422
          ],
          [
            7.0450116,
            46.8841668
          ]
        ]
      },
      "id": "way/1155322652"
    },
    {
      "type": "Feature",
      "properties": {
        "@id": "way/1155322653",
        "handrail": "yes",
        "highway": "steps",
        "incline": "up",
        "lit": "yes",
        "ramp": "no",
        "step_count": "3",
        "surface": "asphalt"
      },
      "geometry": {
        "type": "LineString",
        "coordinates": [
          [
            7.0451323,
            46.8842838
          ],
          [
            7.0451054,
            46.884253
          ]
        ]
      },
      "id": "way/1155322653"
    },
    {
      "type": "Feature",
      "properties": {
        "@id": "way/1155421342",
        "highway": "service",
        "service": "parking_aisle",
        "surface": "asphalt"
      },
      "geometry": {
        "type": "LineString",
        "coordinates": [
          [
            7.0448781,
            46.8841154
          ],
          [
            7.0448283,
            46.8840749
          ],
          [
            7.0447167,
            46.8839843
          ]
        ]
      },
      "id": "way/1155421342"
    },
    {
      "type": "Feature",
      "properties": {
        "@id": "way/1155421343",
        "handrail": "no",
        "highway": "steps",
        "incline": "up",
        "ramp": "no",
        "step_count": "6",
        "surface": "concrete",
        "tactile_paving": "no"
      },
      "geometry": {
        "type": "LineString",
        "coordinates": [
          [
            7.0448457,
            46.884066
          ],
          [
            7.0448649,
            46.8840561
          ]
        ]
      },
      "id": "way/1155421343"
    },
    {
      "type": "Feature",
      "properties": {
        "@id": "way/1155421344",
        "highway": "path",
        "surface": "asphalt"
      },
      "geometry": {
        "type": "LineString",
        "coordinates": [
          [
            7.0448283,
            46.8840749
          ],
          [
            7.0448457,
            46.884066
          ]
        ]
      },
      "id": "way/1155421344"
    },
    {
      "type": "Feature",
      "properties": {
        "@id": "way/1155421345",
        "highway": "path",
        "surface": "asphalt"
      },
      "geometry": {
        "type": "LineString",
        "coordinates": [
          [
            7.0448649,
            46.8840561
          ],
          [
            7.0448763,
            46.88405
          ]
        ]
      },
      "id": "way/1155421345"
    },
    {
      "type": "Feature",
      "properties": {
        "@id": "way/1155601363",
        "highway": "track",
        "surface": "asphalt",
        "tracktype": "grade1"
      },
      "geometry": {
        "type": "LineString",
        "coordinates": [
          [
            7.0370791,
            46.8862895
          ],
          [
            7.0370516,
            46.886269
          ],
          [
            7.0370313,
            46.8862578
          ],
          [
            7.0370118,
            46.8862526
          ],
          [
            7.0369925,
            46.8862511
          ],
          [
            7.0369743,
            46.886254
          ],
          [
            7.0369535,
            46.8862617
          ],
          [
            7.0369331,
            46.8862734
          ],
          [
            7.036862,
            46.8863356
          ]
        ]
      },
      "id": "way/1155601363"
    },
    {
      "type": "Feature",
      "properties": {
        "@id": "way/1155602084",
        "highway": "track",
        "tracktype": "grade3"
      },
      "geometry": {
        "type": "LineString",
        "coordinates": [
          [
            7.036862,
            46.8863356
          ],
          [
            7.0360308,
            46.8870634
          ],
          [
            7.0359816,
            46.887075
          ],
          [
            7.0359056,
            46.8870613
          ],
          [
            7.0353995,
            46.8867385
          ],
          [
            7.0348888,
            46.8864211
          ],
          [
            7.0338519,
            46.8857945
          ]
        ]
      },
      "id": "way/1155602084"
    },
    {
      "type": "Feature",
      "properties": {
        "@id": "way/1155602085",
        "highway": "track",
        "tracktype": "grade5"
      },
      "geometry": {
        "type": "LineString",
        "coordinates": [
          [
            7.0338519,
            46.8857945
          ],
          [
            7.033345,
            46.8854853
          ]
        ]
      },
      "id": "way/1155602085"
    },
    {
      "type": "Feature",
      "properties": {
        "@id": "way/1155629602",
        "highway": "service",
        "service": "driveway"
      },
      "geometry": {
        "type": "LineString",
        "coordinates": [
          [
            7.0356262,
            46.8757523
          ],
          [
            7.0356897,
            46.8757688
          ],
          [
            7.0365235,
            46.8759855
          ]
        ]
      },
      "id": "way/1155629602"
    },
    {
      "type": "Feature",
      "properties": {
        "@id": "way/1155629604",
        "highway": "footway"
      },
      "geometry": {
        "type": "LineString",
        "coordinates": [
          [
            7.0365628,
            46.8759965
          ],
          [
            7.0363693,
            46.8763327
          ],
          [
            7.0359491,
            46.8762234
          ],
          [
            7.0358783,
            46.876205
          ],
          [
            7.0358967,
            46.876176
          ]
        ]
      },
      "id": "way/1155629604"
    },
    {
      "type": "Feature",
      "properties": {
        "@id": "way/1155629605",
        "highway": "footway"
      },
      "geometry": {
        "type": "LineString",
        "coordinates": [
          [
            7.0359491,
            46.8762234
          ],
          [
            7.035826,
            46.8764429
          ],
          [
            7.0358614,
            46.8764526
          ],
          [
            7.0357468,
            46.8766518
          ]
        ]
      },
      "id": "way/1155629605"
    },
    {
      "type": "Feature",
      "properties": {
        "@id": "way/1155629606",
        "highway": "path"
      },
      "geometry": {
        "type": "LineString",
        "coordinates": [
          [
            7.0351258,
            46.8764806
          ],
          [
            7.0357468,
            46.8766518
          ],
          [
            7.036477,
            46.8768497
          ],
          [
            7.0365178,
            46.8768607
          ],
          [
            7.0365631,
            46.8768946
          ],
          [
            7.03652,
            46.8769806
          ]
        ]
      },
      "id": "way/1155629606"
    },
    {
      "type": "Feature",
      "properties": {
        "@id": "way/1155629607",
        "highway": "footway"
      },
      "geometry": {
        "type": "LineString",
        "coordinates": [
          [
            7.0365631,
            46.8768946
          ],
          [
            7.0369621,
            46.8761905
          ],
          [
            7.0370019,
            46.8761652
          ]
        ]
      },
      "id": "way/1155629607"
    },
    {
      "type": "Feature",
      "properties": {
        "@id": "way/1155629608",
        "highway": "footway"
      },
      "geometry": {
        "type": "LineString",
        "coordinates": [
          [
            7.036477,
            46.8768497
          ],
          [
            7.036822,
            46.8762369
          ],
          [
            7.0365985,
            46.8760077
          ]
        ]
      },
      "id": "way/1155629608"
    },
    {
      "type": "Feature",
      "properties": {
        "@id": "way/1155629609",
        "highway": "footway"
      },
      "geometry": {
        "type": "LineString",
        "coordinates": [
          [
            7.0365235,
            46.8759855
          ],
          [
            7.0365628,
            46.8759965
          ],
          [
            7.0365985,
            46.8760077
          ],
          [
            7.0366281,
            46.8759654
          ],
          [
            7.0368773,
            46.8760264
          ]
        ]
      },
      "id": "way/1155629609"
    },
    {
      "type": "Feature",
      "properties": {
        "@id": "way/1155629610",
        "highway": "service",
        "service": "driveway"
      },
      "geometry": {
        "type": "LineString",
        "coordinates": [
          [
            7.0354108,
            46.876073
          ],
          [
            7.0356832,
            46.8761432
          ]
        ]
      },
      "id": "way/1155629610"
    },
    {
      "type": "Feature",
      "properties": {
        "@id": "way/1155629611",
        "footway": "sidewalk",
        "highway": "footway"
      },
      "geometry": {
        "type": "LineString",
        "coordinates": [
          [
            7.0362632,
            46.8774967
          ],
          [
            7.0362636,
            46.8775528
          ],
          [
            7.036209,
            46.877554
          ],
          [
            7.0361764,
            46.8775775
          ],
          [
            7.0361676,
            46.8776118
          ],
          [
            7.0361931,
            46.8776322
          ],
          [
            7.0361873,
            46.8776396
          ]
        ]
      },
      "id": "way/1155629611"
    },
    {
      "type": "Feature",
      "properties": {
        "@id": "way/1155636174",
        "highway": "path"
      },
      "geometry": {
        "type": "LineString",
        "coordinates": [
          [
            7.0372736,
            46.8831895
          ],
          [
            7.0373272,
            46.883126
          ],
          [
            7.0375503,
            46.8828603
          ],
          [
            7.0375589,
            46.8828501
          ],
          [
            7.0376389,
            46.8827901
          ]
        ]
      },
      "id": "way/1155636174"
    },
    {
      "type": "Feature",
      "properties": {
        "@id": "way/1155639363",
        "highway": "service",
        "service": "parking_aisle"
      },
      "geometry": {
        "type": "LineString",
        "coordinates": [
          [
            7.0380274,
            46.8830166
          ],
          [
            7.037956,
            46.8830841
          ],
          [
            7.0378158,
            46.8830131
          ]
        ]
      },
      "id": "way/1155639363"
    },
    {
      "type": "Feature",
      "properties": {
        "@id": "way/1155641748",
        "highway": "service",
        "service": "driveway"
      },
      "geometry": {
        "type": "LineString",
        "coordinates": [
          [
            7.0368088,
            46.882365
          ],
          [
            7.0367406,
            46.8824488
          ],
          [
            7.0366629,
            46.8825441
          ],
          [
            7.0365122,
            46.8827291
          ],
          [
            7.036462,
            46.8827908
          ],
          [
            7.0367046,
            46.8828848
          ],
          [
            7.0367695,
            46.8829099
          ],
          [
            7.0369044,
            46.8829622
          ],
          [
            7.0373272,
            46.883126
          ]
        ]
      },
      "id": "way/1155641748"
    },
    {
      "type": "Feature",
      "properties": {
        "@id": "way/1155641749",
        "highway": "path"
      },
      "geometry": {
        "type": "LineString",
        "coordinates": [
          [
            7.0369044,
            46.8829622
          ],
          [
            7.0369602,
            46.8828916
          ],
          [
            7.0368843,
            46.8828618
          ],
          [
            7.0367651,
            46.8828151
          ],
          [
            7.0367046,
            46.8828848
          ]
        ]
      },
      "id": "way/1155641749"
    },
    {
      "type": "Feature",
      "properties": {
        "@id": "way/1155641750",
        "highway": "path"
      },
      "geometry": {
        "type": "LineString",
        "coordinates": [
          [
            7.0368843,
            46.8828618
          ],
          [
            7.0369104,
            46.8828282
          ]
        ]
      },
      "id": "way/1155641750"
    },
    {
      "type": "Feature",
      "properties": {
        "@id": "way/1155643718",
        "highway": "service",
        "service": "driveway"
      },
      "geometry": {
        "type": "LineString",
        "coordinates": [
          [
            7.042264,
            46.8768519
          ],
          [
            7.0422952,
            46.8768767
          ],
          [
            7.0423711,
            46.8770304
          ]
        ]
      },
      "id": "way/1155643718"
    },
    {
      "type": "Feature",
      "properties": {
        "@id": "way/1155643720",
        "highway": "service",
        "service": "driveway"
      },
      "geometry": {
        "type": "LineString",
        "coordinates": [
          [
            7.0413886,
            46.8762664
          ],
          [
            7.041387,
            46.876248
          ],
          [
            7.0413796,
            46.8761605
          ],
          [
            7.0415322,
            46.8761523
          ],
          [
            7.0415461,
            46.8762392
          ],
          [
            7.041549,
            46.8762572
          ]
        ]
      },
      "id": "way/1155643720"
    },
    {
      "type": "Feature",
      "properties": {
        "@id": "way/1155901496",
        "footway": "traffic_island",
        "highway": "footway"
      },
      "geometry": {
        "type": "LineString",
        "coordinates": [
          [
            7.0436528,
            46.8794675
          ],
          [
            7.043641,
            46.879473
          ],
          [
            7.0436302,
            46.8794781
          ]
        ]
      },
      "id": "way/1155901496"
    },
    {
      "type": "Feature",
      "properties": {
        "@id": "way/1155901499",
        "highway": "footway"
      },
      "geometry": {
        "type": "LineString",
        "coordinates": [
          [
            7.0449789,
            46.8790905
          ],
          [
            7.0449945,
            46.8790712
          ]
        ]
      },
      "id": "way/1155901499"
    },
    {
      "type": "Feature",
      "properties": {
        "@id": "way/1155901500",
        "highway": "steps"
      },
      "geometry": {
        "type": "LineString",
        "coordinates": [
          [
            7.0449697,
            46.8791019
          ],
          [
            7.0449789,
            46.8790905
          ]
        ]
      },
      "id": "way/1155901500"
    },
    {
      "type": "Feature",
      "properties": {
        "@id": "way/1155901501",
        "highway": "footway"
      },
      "geometry": {
        "type": "LineString",
        "coordinates": [
          [
            7.0446535,
            46.8794711
          ],
          [
            7.0446659,
            46.8794558
          ]
        ]
      },
      "id": "way/1155901501"
    },
    {
      "type": "Feature",
      "properties": {
        "@id": "way/1155901502",
        "highway": "steps"
      },
      "geometry": {
        "type": "LineString",
        "coordinates": [
          [
            7.0446659,
            46.8794558
          ],
          [
            7.0446728,
            46.8794474
          ]
        ]
      },
      "id": "way/1155901502"
    },
    {
      "type": "Feature",
      "properties": {
        "@id": "way/1155901503",
        "footway": "sidewalk",
        "highway": "footway",
        "smoothness": "excellent",
        "surface": "asphalt"
      },
      "geometry": {
        "type": "LineString",
        "coordinates": [
          [
            7.0436768,
            46.87942
          ],
          [
            7.0437025,
            46.8794444
          ],
          [
            7.0437891,
            46.879527
          ],
          [
            7.0440054,
            46.879739
          ],
          [
            7.0440439,
            46.8797826
          ],
          [
            7.0441038,
            46.8798419
          ]
        ]
      },
      "id": "way/1155901503"
    },
    {
      "type": "Feature",
      "properties": {
        "@id": "way/1155901504",
        "highway": "footway"
      },
      "geometry": {
        "type": "LineString",
        "coordinates": [
          [
            7.0440439,
            46.8797826
          ],
          [
            7.0446375,
            46.8794661
          ],
          [
            7.0446535,
            46.8794711
          ],
          [
            7.0447163,
            46.879487
          ],
          [
            7.0447755,
            46.8795307
          ],
          [
            7.0448258,
            46.8795512
          ],
          [
            7.0448952,
            46.8795586
          ],
          [
            7.0449591,
            46.8795809
          ],
          [
            7.0450026,
            46.8796204
          ],
          [
            7.0450481,
            46.8796399
          ],
          [
            7.0450849,
            46.8796437
          ]
        ]
      },
      "id": "way/1155901504"
    },
    {
      "type": "Feature",
      "properties": {
        "@id": "way/1155901505",
        "highway": "service",
        "maxheight:signed": "no",
        "surface": "asphalt"
      },
      "geometry": {
        "type": "LineString",
        "coordinates": [
          [
            7.0440523,
            46.8796136
          ],
          [
            7.0441076,
            46.8796669
          ],
          [
            7.0440054,
            46.879739
          ],
          [
            7.0439387,
            46.879769
          ]
        ]
      },
      "id": "way/1155901505"
    },
    {
      "type": "Feature",
      "properties": {
        "@id": "way/1155901507",
        "highway": "service",
        "service": "driveway"
      },
      "geometry": {
        "type": "LineString",
        "coordinates": [
          [
            7.0434125,
            46.8792801
          ],
          [
            7.0433537,
            46.8793068
          ],
          [
            7.0431402,
            46.8793942
          ],
          [
            7.0430301,
            46.8792559
          ]
        ]
      },
      "id": "way/1155901507"
    },
    {
      "type": "Feature",
      "properties": {
        "@id": "way/1155901508",
        "highway": "service",
        "service": "driveway"
      },
      "geometry": {
        "type": "LineString",
        "coordinates": [
          [
            7.0432692,
            46.8795489
          ],
          [
            7.0435215,
            46.8797352
          ],
          [
            7.0435922,
            46.8797427
          ],
          [
            7.0436439,
            46.8797627
          ]
        ]
      },
      "id": "way/1155901508"
    },
    {
      "type": "Feature",
      "properties": {
        "@id": "way/1155901509",
        "cycleway:both": "no",
        "highway": "residential",
        "name": "Route de la Grande Poya",
        "sidewalk": "left"
      },
      "geometry": {
        "type": "LineString",
        "coordinates": [
          [
            7.0435367,
            46.8793734
          ],
          [
            7.0434782,
            46.8794106
          ],
          [
            7.0434653,
            46.8794188
          ],
          [
            7.0434228,
            46.8794458
          ],
          [
            7.0433632,
            46.8794858
          ],
          [
            7.0432692,
            46.8795489
          ]
        ]
      },
      "id": "way/1155901509"
    },
    {
      "type": "Feature",
      "properties": {
        "@id": "way/1155901511",
        "highway": "service",
        "service": "driveway"
      },
      "geometry": {
        "type": "LineString",
        "coordinates": [
          [
            7.0439387,
            46.879769
          ],
          [
            7.0437893,
            46.8798189
          ],
          [
            7.0435184,
            46.8799653
          ]
        ]
      },
      "id": "way/1155901511"
    },
    {
      "type": "Feature",
      "properties": {
        "@id": "way/1155901512",
        "highway": "footway"
      },
      "geometry": {
        "type": "LineString",
        "coordinates": [
          [
            7.0437893,
            46.8798189
          ],
          [
            7.0433632,
            46.8794858
          ]
        ]
      },
      "id": "way/1155901512"
    },
    {
      "type": "Feature",
      "properties": {
        "@id": "way/1155901991",
        "footway": "sidewalk",
        "highway": "footway",
        "lit": "no",
        "name": "Passage de Benneville",
        "surface": "asphalt",
        "width": "1"
      },
      "geometry": {
        "type": "LineString",
        "coordinates": [
          [
            7.0417224,
            46.8785238
          ],
          [
            7.0418831,
            46.8785695
          ],
          [
            7.0419448,
            46.8785917
          ],
          [
            7.0421281,
            46.8786545
          ],
          [
            7.0422518,
            46.8786968
          ],
          [
            7.0424746,
            46.8787823
          ],
          [
            7.0426005,
            46.8788355
          ],
          [
            7.0428005,
            46.8789353
          ],
          [
            7.0428359,
            46.8789563
          ],
          [
            7.042936,
            46.8790131
          ],
          [
            7.0430354,
            46.8790793
          ],
          [
            7.04319,
            46.8791857
          ],
          [
            7.0433537,
            46.8793068
          ]
        ]
      },
      "id": "way/1155901991"
    },
    {
      "type": "Feature",
      "properties": {
        "@id": "way/1155901996",
        "highway": "service",
        "service": "driveway"
      },
      "geometry": {
        "type": "LineString",
        "coordinates": [
          [
            7.0425117,
            46.8790469
          ],
          [
            7.0425766,
            46.8789993
          ],
          [
            7.0425985,
            46.8789816
          ],
          [
            7.0426256,
            46.8789756
          ],
          [
            7.0426546,
            46.8789816
          ],
          [
            7.0426845,
            46.8789987
          ],
          [
            7.0427259,
            46.8790297
          ]
        ]
      },
      "id": "way/1155901996"
    },
    {
      "type": "Feature",
      "properties": {
        "@id": "way/1155901997",
        "access": "private",
        "highway": "service",
        "service": "parking_aisle"
      },
      "geometry": {
        "type": "LineString",
        "coordinates": [
          [
            7.0419793,
            46.8785556
          ],
          [
            7.0419448,
            46.8785917
          ],
          [
            7.0419059,
            46.8786321
          ],
          [
            7.0418459,
            46.8787
          ],
          [
            7.0418689,
            46.8787128
          ]
        ]
      },
      "id": "way/1155901997"
    },
    {
      "type": "Feature",
      "properties": {
        "@id": "way/1155901998",
        "access": "private",
        "highway": "service",
        "service": "parking_aisle"
      },
      "geometry": {
        "type": "LineString",
        "coordinates": [
          [
            7.0419059,
            46.8786321
          ],
          [
            7.0419664,
            46.8786599
          ],
          [
            7.0420811,
            46.8786723
          ],
          [
            7.0421974,
            46.8787235
          ],
          [
            7.0418669,
            46.8790744
          ]
        ]
      },
      "id": "way/1155901998"
    },
    {
      "type": "Feature",
      "properties": {
        "@id": "way/1155960159",
        "highway": "service",
        "service": "driveway"
      },
      "geometry": {
        "type": "LineString",
        "coordinates": [
          [
            7.0424598,
            46.877342
          ],
          [
            7.0423027,
            46.8775381
          ]
        ]
      },
      "id": "way/1155960159"
    },
    {
      "type": "Feature",
      "properties": {
        "@id": "way/1156147087",
        "highway": "service",
        "service": "driveway"
      },
      "geometry": {
        "type": "LineString",
        "coordinates": [
          [
            7.0427316,
            46.8752023
          ],
          [
            7.0429995,
            46.8752459
          ]
        ]
      },
      "id": "way/1156147087"
    },
    {
      "type": "Feature",
      "properties": {
        "@id": "way/1156147088",
        "highway": "service",
        "service": "driveway"
      },
      "geometry": {
        "type": "LineString",
        "coordinates": [
          [
            7.0426634,
            46.8754642
          ],
          [
            7.0427684,
            46.8754743
          ]
        ]
      },
      "id": "way/1156147088"
    },
    {
      "type": "Feature",
      "properties": {
        "@id": "way/1156147102",
        "highway": "path"
      },
      "geometry": {
        "type": "LineString",
        "coordinates": [
          [
            7.0364932,
            46.8770266
          ],
          [
            7.0362668,
            46.8774162
          ],
          [
            7.0362596,
            46.8774452
          ],
          [
            7.0362632,
            46.8774967
          ]
        ]
      },
      "id": "way/1156147102"
    },
    {
      "type": "Feature",
      "properties": {
        "@id": "way/1156147103",
        "bridge": "yes",
        "highway": "path",
        "layer": "1"
      },
      "geometry": {
        "type": "LineString",
        "coordinates": [
          [
            7.03652,
            46.8769806
          ],
          [
            7.0364932,
            46.8770266
          ]
        ]
      },
      "id": "way/1156147103"
    },
    {
      "type": "Feature",
      "properties": {
        "@id": "way/1156147110",
        "highway": "track",
        "tracktype": "grade3"
      },
      "geometry": {
        "type": "LineString",
        "coordinates": [
          [
            7.0343835,
            46.8741125
          ],
          [
            7.0343816,
            46.8741373
          ],
          [
            7.0344292,
            46.8742032
          ],
          [
            7.0344732,
            46.8742475
          ],
          [
            7.0344842,
            46.8742883
          ],
          [
            7.0344695,
            46.8743342
          ],
          [
            7.0344305,
            46.8743759
          ],
          [
            7.034129,
            46.874577
          ],
          [
            7.0340863,
            46.8746287
          ],
          [
            7.0340802,
            46.8746921
          ],
          [
            7.034107,
            46.8747514
          ],
          [
            7.0341656,
            46.8748006
          ],
          [
            7.0344573,
            46.8749892
          ],
          [
            7.034843,
            46.8753129
          ],
          [
            7.0348967,
            46.8753938
          ],
          [
            7.0348857,
            46.8754539
          ],
          [
            7.0348283,
            46.8755298
          ],
          [
            7.0342596,
            46.8760078
          ],
          [
            7.0339924,
            46.8762753
          ],
          [
            7.033935,
            46.8763082
          ],
          [
            7.0338959,
            46.8763023
          ],
          [
            7.0338044,
            46.8762664
          ],
          [
            7.0337019,
            46.8762614
          ],
          [
            7.0336079,
            46.8762915
          ],
          [
            7.03352,
            46.8763482
          ],
          [
            7.0334578,
            46.8763557
          ],
          [
            7.0333308,
            46.876319
          ],
          [
            7.0328549,
            46.8761196
          ]
        ]
      },
      "id": "way/1156147110"
    },
    {
      "type": "Feature",
      "properties": {
        "@id": "way/1156147111",
        "highway": "track",
        "tracktype": "grade3"
      },
      "geometry": {
        "type": "LineString",
        "coordinates": [
          [
            7.033935,
            46.8763082
          ],
          [
            7.0339447,
            46.8763424
          ],
          [
            7.0338459,
            46.87643
          ]
        ]
      },
      "id": "way/1156147111"
    },
    {
      "type": "Feature",
      "properties": {
        "@id": "way/1156147115",
        "footway": "sidewalk",
        "highway": "footway"
      },
      "geometry": {
        "type": "LineString",
        "coordinates": [
          [
            7.0421734,
            46.8768874
          ],
          [
            7.0421482,
            46.8768357
          ],
          [
            7.0421313,
            46.8768006
          ],
          [
            7.0421324,
            46.8767203
          ],
          [
            7.0421243,
            46.8766803
          ],
          [
            7.0420823,
            46.8764727
          ],
          [
            7.0420763,
            46.8764428
          ],
          [
            7.0420721,
            46.876422
          ],
          [
            7.0422764,
            46.8763107
          ],
          [
            7.0422447,
            46.8762843
          ]
        ]
      },
      "id": "way/1156147115"
    },
    {
      "type": "Feature",
      "properties": {
        "@id": "way/1156147116",
        "highway": "service",
        "service": "driveway"
      },
      "geometry": {
        "type": "LineString",
        "coordinates": [
          [
            7.0420263,
            46.876486
          ],
          [
            7.0420544,
            46.8764818
          ],
          [
            7.0420823,
            46.8764727
          ],
          [
            7.0422681,
            46.8764118
          ]
        ]
      },
      "id": "way/1156147116"
    },
    {
      "type": "Feature",
      "properties": {
        "@id": "way/1156147117",
        "crossing:markings": "zebra",
        "crossing:markings:colour": "yellow",
        "footway": "crossing",
        "highway": "footway"
      },
      "geometry": {
        "type": "LineString",
        "coordinates": [
          [
            7.0420629,
            46.8764429
          ],
          [
            7.0420251,
            46.8764432
          ],
          [
            7.0419878,
            46.8764435
          ]
        ]
      },
      "id": "way/1156147117"
    },
    {
      "type": "Feature",
      "properties": {
        "@id": "way/1156147118",
        "crossing:markings": "zebra",
        "crossing:markings:colour": "yellow",
        "footway": "crossing",
        "highway": "footway"
      },
      "geometry": {
        "type": "LineString",
        "coordinates": [
          [
            7.0420588,
            46.876817
          ],
          [
            7.0420903,
            46.8768099
          ],
          [
            7.0421242,
            46.8768022
          ]
        ]
      },
      "id": "way/1156147118"
    },
    {
      "type": "Feature",
      "properties": {
        "@id": "way/1156147119",
        "highway": "footway"
      },
      "geometry": {
        "type": "LineString",
        "coordinates": [
          [
            7.0421243,
            46.8766803
          ],
          [
            7.0421404,
            46.876676
          ],
          [
            7.0422628,
            46.8765714
          ]
        ]
      },
      "id": "way/1156147119"
    },
    {
      "type": "Feature",
      "properties": {
        "@id": "way/1156474366",
        "highway": "path",
        "lit": "no",
        "smoothness": "intermediate",
        "surface": "sett",
        "width": "1"
      },
      "geometry": {
        "type": "LineString",
        "coordinates": [
          [
            7.040709,
            46.8809937
          ],
          [
            7.0407417,
            46.8810071
          ],
          [
            7.0407797,
            46.8810228
          ]
        ]
      },
      "id": "way/1156474366"
    },
    {
      "type": "Feature",
      "properties": {
        "@id": "way/1156474367",
        "highway": "path",
        "lit": "no",
        "smoothness": "intermediate",
        "surface": "sett",
        "width": "2"
      },
      "geometry": {
        "type": "LineString",
        "coordinates": [
          [
            7.0405019,
            46.8812496
          ],
          [
            7.0405166,
            46.8812366
          ],
          [
            7.0405765,
            46.8811835
          ],
          [
            7.0406265,
            46.881139
          ],
          [
            7.0406633,
            46.8811064
          ]
        ]
      },
      "id": "way/1156474367"
    },
    {
      "type": "Feature",
      "properties": {
        "@id": "way/1156615592",
        "highway": "path"
      },
      "geometry": {
        "type": "LineString",
        "coordinates": [
          [
            7.044919,
            46.8840857
          ],
          [
            7.0449504,
            46.8840695
          ],
          [
            7.0449846,
            46.8840986
          ],
          [
            7.0449972,
            46.8840919
          ]
        ]
      },
      "id": "way/1156615592"
    },
    {
      "type": "Feature",
      "properties": {
        "@id": "way/1156618044",
        "highway": "steps",
        "incline": "down",
        "step_count": "6"
      },
      "geometry": {
        "type": "LineString",
        "coordinates": [
          [
            7.0450786,
            46.8842155
          ],
          [
            7.0450949,
            46.8842077
          ]
        ]
      },
      "id": "way/1156618044"
    },
    {
      "type": "Feature",
      "properties": {
        "@id": "way/1156618045",
        "covered": "yes",
        "highway": "footway",
        "surface": "asphalt"
      },
      "geometry": {
        "type": "LineString",
        "coordinates": [
          [
            7.0450949,
            46.8842077
          ],
          [
            7.0451076,
            46.8842015
          ]
        ]
      },
      "id": "way/1156618045"
    },
    {
      "type": "Feature",
      "properties": {
        "@id": "way/1156618046",
        "highway": "footway",
        "surface": "asphalt"
      },
      "geometry": {
        "type": "LineString",
        "coordinates": [
          [
            7.0450695,
            46.88422
          ],
          [
            7.0450786,
            46.8842155
          ]
        ]
      },
      "id": "way/1156618046"
    },
    {
      "type": "Feature",
      "properties": {
        "@id": "way/1156619257",
        "handrail": "yes",
        "highway": "steps",
        "incline": "down",
        "step_count": "6"
      },
      "geometry": {
        "type": "LineString",
        "coordinates": [
          [
            7.0451867,
            46.8843244
          ],
          [
            7.0452028,
            46.8843157
          ]
        ]
      },
      "id": "way/1156619257"
    },
    {
      "type": "Feature",
      "properties": {
        "@id": "way/1156619258",
        "highway": "path",
        "surface": "asphalt"
      },
      "geometry": {
        "type": "LineString",
        "coordinates": [
          [
            7.0451784,
            46.8843289
          ],
          [
            7.0451867,
            46.8843244
          ]
        ]
      },
      "id": "way/1156619258"
    },
    {
      "type": "Feature",
      "properties": {
        "@id": "way/1156619259",
        "covered": "yes",
        "highway": "footway",
        "surface": "asphalt"
      },
      "geometry": {
        "type": "LineString",
        "coordinates": [
          [
            7.0452028,
            46.8843157
          ],
          [
            7.0452119,
            46.8843108
          ]
        ]
      },
      "id": "way/1156619259"
    },
    {
      "type": "Feature",
      "properties": {
        "@id": "way/1156620607",
        "handrail": "yes",
        "highway": "steps",
        "incline": "down",
        "step_count": "6"
      },
      "geometry": {
        "type": "LineString",
        "coordinates": [
          [
            7.0452953,
            46.8844335
          ],
          [
            7.0453118,
            46.8844247
          ]
        ]
      },
      "id": "way/1156620607"
    },
    {
      "type": "Feature",
      "properties": {
        "@id": "way/1156620608",
        "covered": "yes",
        "highway": "footway",
        "surface": "asphalt"
      },
      "geometry": {
        "type": "LineString",
        "coordinates": [
          [
            7.0453118,
            46.8844247
          ],
          [
            7.0453231,
            46.8844188
          ]
        ]
      },
      "id": "way/1156620608"
    },
    {
      "type": "Feature",
      "properties": {
        "@id": "way/1156620609",
        "highway": "footway",
        "lit": "yes",
        "smoothness": "excellent",
        "surface": "asphalt"
      },
      "geometry": {
        "type": "LineString",
        "coordinates": [
          [
            7.0452398,
            46.8843926
          ],
          [
            7.0452847,
            46.884439
          ],
          [
            7.0452953,
            46.8844335
          ]
        ]
      },
      "id": "way/1156620609"
    },
    {
      "type": "Feature",
      "properties": {
        "@id": "way/1156620610",
        "highway": "steps"
      },
      "geometry": {
        "type": "LineString",
        "coordinates": [
          [
            7.045234,
            46.8843865
          ],
          [
            7.0452398,
            46.8843926
          ]
        ]
      },
      "id": "way/1156620610"
    },
    {
      "type": "Feature",
      "properties": {
        "@id": "way/1158277982",
        "cycleway:both": "no",
        "highway": "residential",
        "lane_markings": "no",
        "lit": "no",
        "maxspeed:type": "CH:urban",
        "name": "Rue de la Cure",
        "smoothness": "excellent",
        "surface": "asphalt"
      },
      "geometry": {
        "type": "LineString",
        "coordinates": [
          [
            7.0399973,
            46.8806458
          ],
          [
            7.0398092,
            46.8808116
          ]
        ]
      },
      "id": "way/1158277982"
    },
    {
      "type": "Feature",
      "properties": {
        "@id": "way/1158290021",
        "highway": "service",
        "service": "driveway",
        "surface": "asphalt"
      },
      "geometry": {
        "type": "LineString",
        "coordinates": [
          [
            7.0387947,
            46.8831806
          ],
          [
            7.0389664,
            46.8830623
          ]
        ]
      },
      "id": "way/1158290021"
    },
    {
      "type": "Feature",
      "properties": {
        "@id": "way/1158290022",
        "handrail": "yes",
        "highway": "steps",
        "incline": "up",
        "step_count": "7",
        "surface": "concrete",
        "tactile_paving": "no"
      },
      "geometry": {
        "type": "LineString",
        "coordinates": [
          [
            7.0389664,
            46.8830623
          ],
          [
            7.0389776,
            46.8830475
          ]
        ]
      },
      "id": "way/1158290022"
    },
    {
      "type": "Feature",
      "properties": {
        "@id": "way/1158293237",
        "highway": "path",
        "smoothness": "excellent",
        "surface": "asphalt"
      },
      "geometry": {
        "type": "LineString",
        "coordinates": [
          [
            7.038646,
            46.8830803
          ],
          [
            7.0387314,
            46.8830233
          ]
        ]
      },
      "id": "way/1158293237"
    },
    {
      "type": "Feature",
      "properties": {
        "@id": "way/1158293238",
        "handrail": "yes",
        "highway": "steps",
        "incline": "up",
        "lit": "yes",
        "ramp": "no",
        "step_count": "11",
        "surface": "concrete",
        "tactile_paving": "no"
      },
      "geometry": {
        "type": "LineString",
        "coordinates": [
          [
            7.0387314,
            46.8830233
          ],
          [
            7.038772,
            46.8829949
          ]
        ]
      },
      "id": "way/1158293238"
    },
    {
      "type": "Feature",
      "properties": {
        "@id": "way/1158293239",
        "highway": "path",
        "smoothness": "excellent",
        "surface": "concrete"
      },
      "geometry": {
        "type": "LineString",
        "coordinates": [
          [
            7.038772,
            46.8829949
          ],
          [
            7.0387767,
            46.8829919
          ]
        ]
      },
      "id": "way/1158293239"
    },
    {
      "type": "Feature",
      "properties": {
        "@id": "way/1158301886",
        "highway": "path"
      },
      "geometry": {
        "type": "LineString",
        "coordinates": [
          [
            7.0382809,
            46.8833804
          ],
          [
            7.0385308,
            46.8834781
          ]
        ]
      },
      "id": "way/1158301886"
    },
    {
      "type": "Feature",
      "properties": {
        "@id": "way/1158301887",
        "highway": "path",
        "path": "link"
      },
      "geometry": {
        "type": "LineString",
        "coordinates": [
          [
            7.0385308,
            46.8834781
          ],
          [
            7.038649,
            46.883425
          ]
        ]
      },
      "id": "way/1158301887"
    },
    {
      "type": "Feature",
      "properties": {
        "@id": "way/1158305065",
        "highway": "path",
        "lit": "no",
        "smoothness": "intermediate",
        "surface": "sett"
      },
      "geometry": {
        "type": "LineString",
        "coordinates": [
          [
            7.0405765,
            46.8811835
          ],
          [
            7.0406153,
            46.8812005
          ]
        ]
      },
      "id": "way/1158305065"
    },
    {
      "type": "Feature",
      "properties": {
        "@id": "way/1158305916",
        "highway": "path",
        "lit": "no",
        "smoothness": "intermediate",
        "surface": "sett"
      },
      "geometry": {
        "type": "LineString",
        "coordinates": [
          [
            7.0406265,
            46.881139
          ],
          [
            7.0405853,
            46.8811222
          ]
        ]
      },
      "id": "way/1158305916"
    },
    {
      "type": "Feature",
      "properties": {
        "@id": "way/1158305917",
        "handrail": "no",
        "highway": "steps",
        "incline": "up",
        "ramp": "no",
        "step_count": "3",
        "surface": "concrete",
        "tactile_paving": "no"
      },
      "geometry": {
        "type": "LineString",
        "coordinates": [
          [
            7.0405853,
            46.8811222
          ],
          [
            7.0405695,
            46.8811161
          ]
        ]
      },
      "id": "way/1158305917"
    },
    {
      "type": "Feature",
      "properties": {
        "@id": "way/1158306840",
        "highway": "service",
        "lit": "automatic",
        "name": "Chemin de la Poste",
        "sidewalk:left": "no",
        "sidewalk:right": "yes",
        "surface": "asphalt"
      },
      "geometry": {
        "type": "LineString",
        "coordinates": [
          [
            7.0393825,
            46.8808271
          ],
          [
            7.039427,
            46.8808484
          ],
          [
            7.0394633,
            46.8808585
          ],
          [
            7.0395225,
            46.8808776
          ]
        ]
      },
      "id": "way/1158306840"
    },
    {
      "type": "Feature",
      "properties": {
        "@id": "way/1158838810",
        "footway": "sidewalk",
        "highway": "footway",
        "lit": "yes",
        "smoothness": "excellent",
        "surface": "asphalt"
      },
      "geometry": {
        "type": "LineString",
        "coordinates": [
          [
            7.0345535,
            46.8772815
          ],
          [
            7.0344863,
            46.8772587
          ],
          [
            7.0344991,
            46.8772139
          ],
          [
            7.0344927,
            46.8771728
          ],
          [
            7.0344671,
            46.8771263
          ],
          [
            7.0343983,
            46.8770651
          ],
          [
            7.0344256,
            46.8770397
          ],
          [
            7.0344796,
            46.8769829
          ],
          [
            7.0345023,
            46.8769556
          ],
          [
            7.0345776,
            46.8769808
          ],
          [
            7.0346224,
            46.8769857
          ],
          [
            7.0346616,
            46.8769792
          ],
          [
            7.0347144,
            46.8769272
          ],
          [
            7.034782,
            46.876947
          ]
        ]
      },
      "id": "way/1158838810"
    },
    {
      "type": "Feature",
      "properties": {
        "@id": "way/1158839080",
        "highway": "service",
        "service": "driveway"
      },
      "geometry": {
        "type": "LineString",
        "coordinates": [
          [
            7.0348898,
            46.8768008
          ],
          [
            7.0350032,
            46.876835
          ],
          [
            7.0355025,
            46.8769856
          ],
          [
            7.0353585,
            46.8772062
          ],
          [
            7.0357298,
            46.8773272
          ],
          [
            7.0358091,
            46.8773075
          ],
          [
            7.0359948,
            46.8773638
          ]
        ]
      },
      "id": "way/1158839080"
    },
    {
      "type": "Feature",
      "properties": {
        "@id": "way/1158839082",
        "highway": "footway"
      },
      "geometry": {
        "type": "LineString",
        "coordinates": [
          [
            7.0349322,
            46.8771062
          ],
          [
            7.0349831,
            46.8770224
          ],
          [
            7.0348513,
            46.8769845
          ]
        ]
      },
      "id": "way/1158839082"
    },
    {
      "type": "Feature",
      "properties": {
        "@id": "way/1158839083",
        "highway": "service",
        "service": "driveway"
      },
      "geometry": {
        "type": "LineString",
        "coordinates": [
          [
            7.0350032,
            46.876835
          ],
          [
            7.0349514,
            46.8769176
          ],
          [
            7.034919,
            46.8769693
          ],
          [
            7.0349807,
            46.8769879
          ],
          [
            7.0350135,
            46.8769376
          ],
          [
            7.0349514,
            46.8769176
          ]
        ]
      },
      "id": "way/1158839083"
    },
    {
      "type": "Feature",
      "properties": {
        "@id": "way/1158839084",
        "highway": "footway"
      },
      "geometry": {
        "type": "LineString",
        "coordinates": [
          [
            7.0359948,
            46.8773638
          ],
          [
            7.0360164,
            46.8773704
          ],
          [
            7.0359892,
            46.8774142
          ]
        ]
      },
      "id": "way/1158839084"
    },
    {
      "type": "Feature",
      "properties": {
        "@id": "way/1158839085",
        "footway": "sidewalk",
        "highway": "footway"
      },
      "geometry": {
        "type": "LineString",
        "coordinates": [
          [
            7.0362596,
            46.8774452
          ],
          [
            7.0359892,
            46.8774142
          ],
          [
            7.0358059,
            46.8773835
          ],
          [
            7.0356314,
            46.8773441
          ],
          [
            7.0354017,
            46.8772828
          ],
          [
            7.0352685,
            46.8772351
          ],
          [
            7.0350231,
            46.8771472
          ],
          [
            7.0349833,
            46.8771264
          ]
        ]
      },
      "id": "way/1158839085"
    },
    {
      "type": "Feature",
      "properties": {
        "@id": "way/1158839086",
        "highway": "footway"
      },
      "geometry": {
        "type": "LineString",
        "coordinates": [
          [
            7.0352685,
            46.8772351
          ],
          [
            7.0352888,
            46.8772062
          ],
          [
            7.0353585,
            46.8772062
          ]
        ]
      },
      "id": "way/1158839086"
    },
    {
      "type": "Feature",
      "properties": {
        "@id": "way/1159053578",
        "highway": "path"
      },
      "geometry": {
        "type": "LineString",
        "coordinates": [
          [
            7.0366178,
            46.8830825
          ],
          [
            7.0365539,
            46.8831613
          ]
        ]
      },
      "id": "way/1159053578"
    },
    {
      "type": "Feature",
      "properties": {
        "@id": "way/1159053579",
        "highway": "path"
      },
      "geometry": {
        "type": "LineString",
        "coordinates": [
          [
            7.0367695,
            46.8829099
          ],
          [
            7.0367149,
            46.8829681
          ]
        ]
      },
      "id": "way/1159053579"
    },
    {
      "type": "Feature",
      "properties": {
        "@id": "way/1159053580",
        "covered": "yes",
        "highway": "path"
      },
      "geometry": {
        "type": "LineString",
        "coordinates": [
          [
            7.0367149,
            46.8829681
          ],
          [
            7.0366178,
            46.8830825
          ]
        ]
      },
      "id": "way/1159053580"
    },
    {
      "type": "Feature",
      "properties": {
        "@id": "way/1159053581",
        "covered": "yes",
        "highway": "path"
      },
      "geometry": {
        "type": "LineString",
        "coordinates": [
          [
            7.0372736,
            46.8831895
          ],
          [
            7.0371765,
            46.883304
          ]
        ]
      },
      "id": "way/1159053581"
    },
    {
      "type": "Feature",
      "properties": {
        "@id": "way/1159053582",
        "highway": "path"
      },
      "geometry": {
        "type": "LineString",
        "coordinates": [
          [
            7.0371765,
            46.883304
          ],
          [
            7.0371121,
            46.8833831
          ]
        ]
      },
      "id": "way/1159053582"
    },
    {
      "type": "Feature",
      "properties": {
        "@id": "way/1161228734",
        "cycleway:both": "no",
        "highway": "primary",
        "lanes": "1",
        "lit": "yes",
        "maxspeed": "50",
        "name": "Route du Faubourg",
        "oneway": "yes",
        "ref": "1",
        "reg_ref": "601a",
        "sidewalk": "both"
      },
      "geometry": {
        "type": "LineString",
        "coordinates": [
          [
            7.0421034,
            46.8785081
          ],
          [
            7.0422122,
            46.8785764
          ],
          [
            7.0423312,
            46.8786638
          ]
        ]
      },
      "id": "way/1161228734"
    },
    {
      "type": "Feature",
      "properties": {
        "@id": "way/1161457755",
        "bridge": "yes",
        "highway": "track",
        "layer": "1",
        "motor_vehicle": "agricultural",
        "surface": "asphalt"
      },
      "geometry": {
        "type": "LineString",
        "coordinates": [
          [
            7.0512257,
            46.8814966
          ],
          [
            7.051281,
            46.8814658
          ]
        ]
      },
      "id": "way/1161457755"
    },
    {
      "type": "Feature",
      "properties": {
        "@id": "way/1161457756",
        "highway": "track",
        "motor_vehicle": "agricultural",
        "surface": "ground",
        "tracktype": "grade3"
      },
      "geometry": {
        "type": "LineString",
        "coordinates": [
          [
            7.051281,
            46.8814658
          ],
          [
            7.0514707,
            46.8813825
          ]
        ]
      },
      "id": "way/1161457756"
    },
    {
      "type": "Feature",
      "properties": {
        "@id": "way/1161457757",
        "highway": "track",
        "motor_vehicle": "agricultural",
        "surface": "asphalt",
        "tracktype": "grade1"
      },
      "geometry": {
        "type": "LineString",
        "coordinates": [
          [
            7.0511737,
            46.8815274
          ],
          [
            7.0512257,
            46.8814966
          ]
        ]
      },
      "id": "way/1161457757"
    },
    {
      "type": "Feature",
      "properties": {
        "@id": "way/1162245128",
        "highway": "secondary",
        "lanes": "1",
        "maxspeed": "80",
        "oneway": "yes",
        "ref": "153",
        "reg_ref": "503b",
        "surface": "asphalt"
      },
      "geometry": {
        "type": "LineString",
        "coordinates": [
          [
            7.0314344,
            46.876534
          ],
          [
            7.0317709,
            46.8761491
          ],
          [
            7.0317919,
            46.8761197
          ],
          [
            7.0318041,
            46.8760883
          ],
          [
            7.0318152,
            46.8760408
          ]
        ]
      },
      "id": "way/1162245128"
    },
    {
      "type": "Feature",
      "properties": {
        "@id": "way/1162245129",
        "highway": "service",
        "lanes": "1",
        "oneway": "yes",
        "smoothness": "excellent",
        "surface": "asphalt"
      },
      "geometry": {
        "type": "LineString",
        "coordinates": [
          [
            7.0320117,
            46.8762618
          ],
          [
            7.0319802,
            46.8762493
          ],
          [
            7.0319486,
            46.8762378
          ],
          [
            7.0319189,
            46.8762308
          ],
          [
            7.0319044,
            46.8762289
          ],
          [
            7.0318833,
            46.8762276
          ],
          [
            7.0318515,
            46.8762289
          ],
          [
            7.0317961,
            46.8762399
          ]
        ]
      },
      "id": "way/1162245129"
    },
    {
      "type": "Feature",
      "properties": {
        "@id": "way/1162245130",
        "highway": "service",
        "lanes": "1",
        "oneway": "yes",
        "smoothness": "excellent",
        "surface": "asphalt"
      },
      "geometry": {
        "type": "LineString",
        "coordinates": [
          [
            7.0320517,
            46.8764038
          ],
          [
            7.0320304,
            46.8763156
          ],
          [
            7.0320117,
            46.8762618
          ],
          [
            7.0319703,
            46.8761644
          ],
          [
            7.0319376,
            46.8761199
          ]
        ]
      },
      "id": "way/1162245130"
    },
    {
      "type": "Feature",
      "properties": {
        "@id": "way/1162245131",
        "highway": "secondary",
        "lanes": "1",
        "maxspeed": "80",
        "oneway": "yes",
        "ref": "153",
        "reg_ref": "503b",
        "surface": "asphalt"
      },
      "geometry": {
        "type": "LineString",
        "coordinates": [
          [
            7.0319376,
            46.8761199
          ],
          [
            7.0317961,
            46.8762399
          ],
          [
            7.0314344,
            46.876534
          ]
        ]
      },
      "id": "way/1162245131"
    },
    {
      "type": "Feature",
      "properties": {
        "@id": "way/1162245132",
        "highway": "service",
        "lanes": "1",
        "oneway": "yes",
        "smoothness": "excellent",
        "surface": "asphalt"
      },
      "geometry": {
        "type": "LineString",
        "coordinates": [
          [
            7.0320543,
            46.876112
          ],
          [
            7.0320685,
            46.876251
          ],
          [
            7.0320517,
            46.8764038
          ]
        ]
      },
      "id": "way/1162245132"
    },
    {
      "type": "Feature",
      "properties": {
        "@id": "way/1162245137",
        "highway": "service",
        "lanes": "1",
        "oneway": "no",
        "service": "driveway",
        "smoothness": "excellent",
        "surface": "asphalt"
      },
      "geometry": {
        "type": "LineString",
        "coordinates": [
          [
            7.0329786,
            46.877003
          ],
          [
            7.0331872,
            46.8767984
          ],
          [
            7.0331361,
            46.876778
          ]
        ]
      },
      "id": "way/1162245137"
    },
    {
      "type": "Feature",
      "properties": {
        "@id": "way/1164256026",
        "highway": "footway"
      },
      "geometry": {
        "type": "LineString",
        "coordinates": [
          [
            7.0421404,
            46.876676
          ],
          [
            7.04218,
            46.8767128
          ],
          [
            7.042184,
            46.8768166
          ],
          [
            7.0421482,
            46.8768357
          ]
        ]
      },
      "id": "way/1164256026"
    },
    {
      "type": "Feature",
      "properties": {
        "@id": "way/1164256029",
        "highway": "service",
        "service": "driveway"
      },
      "geometry": {
        "type": "LineString",
        "coordinates": [
          [
            7.0421673,
            46.8769596
          ],
          [
            7.0419236,
            46.8770378
          ]
        ]
      },
      "id": "way/1164256029"
    },
    {
      "type": "Feature",
      "properties": {
        "@id": "way/1164256030",
        "highway": "footway"
      },
      "geometry": {
        "type": "LineString",
        "coordinates": [
          [
            7.041742,
            46.8768169
          ],
          [
            7.0417614,
            46.8768459
          ],
          [
            7.0418276,
            46.876945
          ],
          [
            7.0418412,
            46.8769408
          ],
          [
            7.0419064,
            46.8770304
          ],
          [
            7.0419236,
            46.8770378
          ],
          [
            7.0419768,
            46.8770729
          ],
          [
            7.0420351,
            46.8771531
          ]
        ]
      },
      "id": "way/1164256030"
    },
    {
      "type": "Feature",
      "properties": {
        "@id": "way/1164256031",
        "footway": "sidewalk",
        "highway": "footway"
      },
      "geometry": {
        "type": "LineString",
        "coordinates": [
          [
            7.0420505,
            46.8768188
          ],
          [
            7.0420339,
            46.8767963
          ],
          [
            7.0420085,
            46.8767808
          ],
          [
            7.0419803,
            46.8767748
          ],
          [
            7.0419637,
            46.8767737
          ],
          [
            7.0419311,
            46.8767801
          ],
          [
            7.0417848,
            46.8768314
          ],
          [
            7.0417614,
            46.8768459
          ]
        ]
      },
      "id": "way/1164256031"
    },
    {
      "type": "Feature",
      "properties": {
        "@id": "way/1164256032",
        "crossing:markings": "zebra",
        "crossing:markings:colour": "yellow",
        "footway": "crossing",
        "highway": "footway"
      },
      "geometry": {
        "type": "LineString",
        "coordinates": [
          [
            7.0419608,
            46.87677
          ],
          [
            7.0419368,
            46.8767398
          ],
          [
            7.0419193,
            46.8767186
          ]
        ]
      },
      "id": "way/1164256032"
    },
    {
      "type": "Feature",
      "properties": {
        "@id": "way/1164256033",
        "footway": "sidewalk",
        "highway": "footway"
      },
      "geometry": {
        "type": "LineString",
        "coordinates": [
          [
            7.0419696,
            46.8762106
          ],
          [
            7.0419756,
            46.8762711
          ],
          [
            7.0419757,
            46.8764436
          ],
          [
            7.041993,
            46.8766082
          ],
          [
            7.0419816,
            46.8766507
          ],
          [
            7.0419536,
            46.8766849
          ],
          [
            7.0419119,
            46.8767096
          ]
        ]
      },
      "id": "way/1164256033"
    },
    {
      "type": "Feature",
      "properties": {
        "@id": "way/1167564382",
        "highway": "footway",
        "surface": "grass"
      },
      "geometry": {
        "type": "LineString",
        "coordinates": [
          [
            7.0580556,
            46.8876605
          ],
          [
            7.05785,
            46.8875474
          ],
          [
            7.0578795,
            46.8875238
          ],
          [
            7.0580851,
            46.8876363
          ]
        ]
      },
      "id": "way/1167564382"
    },
    {
      "type": "Feature",
      "properties": {
        "@id": "way/1167564385",
        "highway": "footway",
        "surface": "concrete"
      },
      "geometry": {
        "type": "LineString",
        "coordinates": [
          [
            7.0581356,
            46.8876217
          ],
          [
            7.0581208,
            46.8876134
          ],
          [
            7.0581124,
            46.8876088
          ],
          [
            7.0581025,
            46.8876174
          ],
          [
            7.0581107,
            46.8876221
          ],
          [
            7.0581208,
            46.8876134
          ]
        ]
      },
      "id": "way/1167564385"
    },
    {
      "type": "Feature",
      "properties": {
        "@id": "way/1167564386",
        "handrail": "yes",
        "highway": "steps",
        "incline": "up",
        "ramp": "no",
        "step_count": "26",
        "surface": "concrete",
        "tactile_paving": "no"
      },
      "geometry": {
        "type": "LineString",
        "coordinates": [
          [
            7.0581859,
            46.8876279
          ],
          [
            7.0581801,
            46.8876219
          ],
          [
            7.0581656,
            46.8876176
          ],
          [
            7.0581484,
            46.8876175
          ],
          [
            7.0581356,
            46.8876217
          ]
        ]
      },
      "id": "way/1167564386"
    },
    {
      "type": "Feature",
      "properties": {
        "@id": "way/1167564388",
        "highway": "footway",
        "surface": "grass"
      },
      "geometry": {
        "type": "LineString",
        "coordinates": [
          [
            7.0581168,
            46.8876419
          ],
          [
            7.0581297,
            46.8876441
          ],
          [
            7.0581684,
            46.8876426
          ],
          [
            7.0581859,
            46.8876279
          ]
        ]
      },
      "id": "way/1167564388"
    },
    {
      "type": "Feature",
      "properties": {
        "@id": "way/1167564389",
        "highway": "footway",
        "layer": "-1",
        "surface": "grass",
        "tunnel": "yes"
      },
      "geometry": {
        "type": "LineString",
        "coordinates": [
          [
            7.0580851,
            46.8876363
          ],
          [
            7.0581168,
            46.8876419
          ]
        ]
      },
      "id": "way/1167564389"
    },
    {
      "type": "Feature",
      "properties": {
        "@id": "way/1167564390",
        "highway": "footway",
        "surface": "grass"
      },
      "geometry": {
        "type": "LineString",
        "coordinates": [
          [
            7.0581779,
            46.8877266
          ],
          [
            7.0580725,
            46.8876698
          ]
        ]
      },
      "id": "way/1167564390"
    },
    {
      "type": "Feature",
      "properties": {
        "@id": "way/1167564391",
        "highway": "footway",
        "layer": "-1",
        "surface": "grass",
        "tunnel": "yes"
      },
      "geometry": {
        "type": "LineString",
        "coordinates": [
          [
            7.0580725,
            46.8876698
          ],
          [
            7.0580556,
            46.8876605
          ]
        ]
      },
      "id": "way/1167564391"
    },
    {
      "type": "Feature",
      "properties": {
        "@id": "way/1167565516",
        "highway": "track",
        "tracktype": "grade5"
      },
      "geometry": {
        "type": "LineString",
        "coordinates": [
          [
            7.0558019,
            46.8892641
          ],
          [
            7.0555895,
            46.8892451
          ],
          [
            7.0550679,
            46.8894591
          ],
          [
            7.0539861,
            46.889981
          ],
          [
            7.0524525,
            46.8906837
          ],
          [
            7.0524699,
            46.8907225
          ]
        ]
      },
      "id": "way/1167565516"
    },
    {
      "type": "Feature",
      "properties": {
        "@id": "way/1167565517",
        "highway": "track",
        "moped": "agricultural",
        "motorcar": "agricultural",
        "motorcycle": "agricultural",
        "surface": "grass",
        "tracktype": "grade5"
      },
      "geometry": {
        "type": "LineString",
        "coordinates": [
          [
            7.0558019,
            46.8892641
          ],
          [
            7.0557556,
            46.8890886
          ],
          [
            7.056596,
            46.888734
          ],
          [
            7.0569453,
            46.8885513
          ],
          [
            7.0574948,
            46.8880059
          ],
          [
            7.0577008,
            46.8875897
          ]
        ]
      },
      "id": "way/1167565517"
    },
    {
      "type": "Feature",
      "properties": {
        "@id": "way/1167568867",
        "access": "destination",
        "highway": "service",
        "service": "driveway"
      },
      "geometry": {
        "type": "LineString",
        "coordinates": [
          [
            7.0617565,
            46.8814573
          ],
          [
            7.0618632,
            46.8814565
          ],
          [
            7.0619207,
            46.8814827
          ],
          [
            7.0619335,
            46.8815082
          ],
          [
            7.0619345,
            46.8815781
          ],
          [
            7.0618994,
            46.8816131
          ],
          [
            7.0618983,
            46.8816393
          ],
          [
            7.0621167,
            46.8817696
          ],
          [
            7.0621135,
            46.8818508
          ]
        ]
      },
      "id": "way/1167568867"
    },
    {
      "type": "Feature",
      "properties": {
        "@id": "way/1170458728",
        "highway": "footway"
      },
      "geometry": {
        "type": "LineString",
        "coordinates": [
          [
            7.0489465,
            46.886901
          ],
          [
            7.0489625,
            46.8868967
          ],
          [
            7.0490745,
            46.8869754
          ]
        ]
      },
      "id": "way/1170458728"
    },
    {
      "type": "Feature",
      "properties": {
        "@id": "way/1170458729",
        "handrail": "no",
        "highway": "steps",
        "incline": "down",
        "step_count": "13"
      },
      "geometry": {
        "type": "LineString",
        "coordinates": [
          [
            7.0490745,
            46.8869754
          ],
          [
            7.0490195,
            46.8870122
          ]
        ]
      },
      "id": "way/1170458729"
    },
    {
      "type": "Feature",
      "properties": {
        "@id": "way/1176914883",
        "highway": "service",
        "oneway": "yes",
        "service": "parking_aisle"
      },
      "geometry": {
        "type": "LineString",
        "coordinates": [
          [
            7.0452442,
            46.8820755
          ],
          [
            7.0453988,
            46.8820764
          ]
        ]
      },
      "id": "way/1176914883"
    },
    {
      "type": "Feature",
      "properties": {
        "@id": "way/1176914884",
        "highway": "service",
        "oneway": "yes",
        "service": "parking_aisle",
        "surface": "asphalt"
      },
      "geometry": {
        "type": "LineString",
        "coordinates": [
          [
            7.0453988,
            46.8820764
          ],
          [
            7.0454333,
            46.8821069
          ],
          [
            7.0454428,
            46.8821512
          ]
        ]
      },
      "id": "way/1176914884"
    },
    {
      "type": "Feature",
      "properties": {
        "@id": "way/1176914885",
        "highway": "footway"
      },
      "geometry": {
        "type": "LineString",
        "coordinates": [
          [
            7.0446511,
            46.8821272
          ],
          [
            7.0447098,
            46.882112
          ]
        ]
      },
      "id": "way/1176914885"
    },
    {
      "type": "Feature",
      "properties": {
        "@id": "way/1176914886",
        "highway": "steps",
        "incline": "down"
      },
      "geometry": {
        "type": "LineString",
        "coordinates": [
          [
            7.0447098,
            46.882112
          ],
          [
            7.0447271,
            46.8821078
          ]
        ]
      },
      "id": "way/1176914886"
    },
    {
      "type": "Feature",
      "properties": {
        "@id": "way/1176914887",
        "highway": "footway",
        "surface": "asphalt"
      },
      "geometry": {
        "type": "LineString",
        "coordinates": [
          [
            7.0453165,
            46.8820198
          ],
          [
            7.0453399,
            46.8820235
          ],
          [
            7.0453786,
            46.8820424
          ],
          [
            7.0453988,
            46.8820764
          ]
        ]
      },
      "id": "way/1176914887"
    },
    {
      "type": "Feature",
      "properties": {
        "@id": "way/1176914888",
        "highway": "footway",
        "surface": "asphalt"
      },
      "geometry": {
        "type": "LineString",
        "coordinates": [
          [
            7.0451161,
            46.8820259
          ],
          [
            7.0451745,
            46.882023
          ]
        ]
      },
      "id": "way/1176914888"
    },
    {
      "type": "Feature",
      "properties": {
        "@id": "way/1176919805",
        "highway": "service",
        "service": "driveway"
      },
      "geometry": {
        "type": "LineString",
        "coordinates": [
          [
            7.0362954,
            46.8774973
          ],
          [
            7.0362944,
            46.8775789
          ],
          [
            7.0363142,
            46.8775902
          ],
          [
            7.0363506,
            46.8776043
          ],
          [
            7.0365736,
            46.8776762
          ]
        ]
      },
      "id": "way/1176919805"
    },
    {
      "type": "Feature",
      "properties": {
        "@id": "way/1176919806",
        "footway": "sidewalk",
        "highway": "footway"
      },
      "geometry": {
        "type": "LineString",
        "coordinates": [
          [
            7.0379639,
            46.8784461
          ],
          [
            7.0378343,
            46.878396
          ],
          [
            7.0377704,
            46.8783578
          ],
          [
            7.0369821,
            46.8780503
          ],
          [
            7.036135,
            46.8777069
          ],
          [
            7.0360599,
            46.8776803
          ],
          [
            7.0355895,
            46.8774891
          ],
          [
            7.035205,
            46.8773586
          ],
          [
            7.0349846,
            46.8772804
          ],
          [
            7.0348899,
            46.8772617
          ]
        ]
      },
      "id": "way/1176919806"
    },
    {
      "type": "Feature",
      "properties": {
        "@id": "way/1176921964",
        "handrail": "yes",
        "highway": "path",
        "incline": "down",
        "wheelchair": "limited"
      },
      "geometry": {
        "type": "LineString",
        "coordinates": [
          [
            7.0328517,
            46.8790765
          ],
          [
            7.0328089,
            46.8790733
          ],
          [
            7.0327885,
            46.8790766
          ],
          [
            7.0327615,
            46.8791342
          ],
          [
            7.0326769,
            46.8791927
          ],
          [
            7.0326669,
            46.8791993
          ]
        ]
      },
      "id": "way/1176921964"
    },
    {
      "type": "Feature",
      "properties": {
        "@id": "way/1176921965",
        "highway": "path"
      },
      "geometry": {
        "type": "LineString",
        "coordinates": [
          [
            7.0325983,
            46.8792474
          ],
          [
            7.0325939,
            46.8792504
          ],
          [
            7.0325842,
            46.8792567
          ],
          [
            7.032785,
            46.8793848
          ],
          [
            7.0327725,
            46.8794034
          ]
        ]
      },
      "id": "way/1176921965"
    },
    {
      "type": "Feature",
      "properties": {
        "@id": "way/1176921966",
        "highway": "footway"
      },
      "geometry": {
        "type": "LineString",
        "coordinates": [
          [
            7.032785,
            46.8793848
          ],
          [
            7.0327905,
            46.8793742
          ],
          [
            7.0327813,
            46.8793668
          ]
        ]
      },
      "id": "way/1176921966"
    },
    {
      "type": "Feature",
      "properties": {
        "@id": "way/1176921967",
        "highway": "footway"
      },
      "geometry": {
        "type": "LineString",
        "coordinates": [
          [
            7.0328089,
            46.8790733
          ],
          [
            7.0328027,
            46.8790856
          ]
        ]
      },
      "id": "way/1176921967"
    },
    {
      "type": "Feature",
      "properties": {
        "@id": "way/1176921973",
        "highway": "service",
        "service": "parking_aisle"
      },
      "geometry": {
        "type": "LineString",
        "coordinates": [
          [
            7.0328387,
            46.8791599
          ],
          [
            7.0327996,
            46.8791665
          ],
          [
            7.0327459,
            46.8792036
          ]
        ]
      },
      "id": "way/1176921973"
    },
    {
      "type": "Feature",
      "properties": {
        "@id": "way/1176922051",
        "highway": "service",
        "service": "driveway"
      },
      "geometry": {
        "type": "LineString",
        "coordinates": [
          [
            7.032857,
            46.8790566
          ],
          [
            7.0328095,
            46.8790544
          ],
          [
            7.0327527,
            46.8790517
          ],
          [
            7.0327245,
            46.8791268
          ],
          [
            7.0326698,
            46.8791627
          ]
        ]
      },
      "id": "way/1176922051"
    },
    {
      "type": "Feature",
      "properties": {
        "@id": "way/1176922052",
        "highway": "service",
        "service": "driveway"
      },
      "geometry": {
        "type": "LineString",
        "coordinates": [
          [
            7.0327527,
            46.8790517
          ],
          [
            7.0326798,
            46.8790279
          ]
        ]
      },
      "id": "way/1176922052"
    },
    {
      "type": "Feature",
      "properties": {
        "@id": "way/1180776999",
        "highway": "residential",
        "maxspeed": "50",
        "maxspeed:type": "CH:urban",
        "motor_vehicle": "private",
        "name": "Rue du Jura",
        "oneway": "no",
        "surface": "asphalt"
      },
      "geometry": {
        "type": "LineString",
        "coordinates": [
          [
            7.0401479,
            46.8806156
          ],
          [
            7.0406006,
            46.8808587
          ]
        ]
      },
      "id": "way/1180776999"
    },
    {
      "type": "Feature",
      "properties": {
        "@id": "way/1180779799",
        "highway": "residential",
        "lit": "yes",
        "maxspeed:type": "CH:urban",
        "name": "Route du Pré-Vert",
        "sidewalk": "right",
        "smoothness": "excellent",
        "surface": "asphalt"
      },
      "geometry": {
        "type": "LineString",
        "coordinates": [
          [
            7.04578,
            46.885588
          ],
          [
            7.0458438,
            46.8856383
          ],
          [
            7.0463905,
            46.8860616
          ],
          [
            7.0465384,
            46.886178
          ],
          [
            7.0466084,
            46.886233
          ]
        ]
      },
      "id": "way/1180779799"
    },
    {
      "type": "Feature",
      "properties": {
        "@id": "way/1180779800",
        "highway": "residential",
        "lit": "yes",
        "maxspeed:type": "CH:urban",
        "name": "Route du Pré-Vert",
        "sidewalk": "right",
        "smoothness": "excellent",
        "surface": "asphalt",
        "traffic_calming": "table"
      },
      "geometry": {
        "type": "LineString",
        "coordinates": [
          [
            7.0457107,
            46.8855381
          ],
          [
            7.0457463,
            46.885565
          ],
          [
            7.04578,
            46.885588
          ]
        ]
      },
      "id": "way/1180779800"
    },
    {
      "type": "Feature",
      "properties": {
        "@id": "way/1180779801",
        "highway": "service",
        "lanes": "2",
        "service": "parking_aisle",
        "smoothness": "excellent",
        "surface": "asphalt"
      },
      "geometry": {
        "type": "LineString",
        "coordinates": [
          [
            7.0458438,
            46.8856383
          ],
          [
            7.0458089,
            46.8856584
          ],
          [
            7.0457373,
            46.8856995
          ],
          [
            7.0456929,
            46.8857277
          ]
        ]
      },
      "id": "way/1180779801"
    },
    {
      "type": "Feature",
      "properties": {
        "@id": "way/1182790403",
        "access": "private",
        "highway": "service",
        "service": "driveway"
      },
      "geometry": {
        "type": "LineString",
        "coordinates": [
          [
            7.0486025,
            46.8917539
          ],
          [
            7.0485643,
            46.8921717
          ],
          [
            7.0484782,
            46.8922257
          ],
          [
            7.0481954,
            46.8924031
          ]
        ]
      },
      "id": "way/1182790403"
    },
    {
      "type": "Feature",
      "properties": {
        "@id": "way/1210566071",
        "highway": "track",
        "surface": "asphalt",
        "tracktype": "grade1"
      },
      "geometry": {
        "type": "LineString",
        "coordinates": [
          [
            7.0353752,
            46.8985518
          ],
          [
            7.0355583,
            46.898306
          ],
          [
            7.0366159,
            46.8967923
          ],
          [
            7.0367061,
            46.8966623
          ],
          [
            7.0370054,
            46.8963203
          ],
          [
            7.0384134,
            46.8947353
          ],
          [
            7.0392973,
            46.8937301
          ],
          [
            7.0401987,
            46.8927256
          ]
        ]
      },
      "id": "way/1210566071"
    },
    {
      "type": "Feature",
      "properties": {
        "@id": "way/1210707505",
        "highway": "path",
        "smoothness": "excellent",
        "surface": "paving_stones"
      },
      "geometry": {
        "type": "LineString",
        "coordinates": [
          [
            7.042222,
            46.8847061
          ],
          [
            7.0422427,
            46.8846902
          ]
        ]
      },
      "id": "way/1210707505"
    },
    {
      "type": "Feature",
      "properties": {
        "@id": "way/1210707506",
        "highway": "path",
        "smoothness": "excellent",
        "surface": "paving_stones"
      },
      "geometry": {
        "type": "LineString",
        "coordinates": [
          [
            7.0422569,
            46.8848225
          ],
          [
            7.0422129,
            46.8848538
          ]
        ]
      },
      "id": "way/1210707506"
    },
    {
      "type": "Feature",
      "properties": {
        "@id": "way/1210707507",
        "highway": "path",
        "smoothness": "excellent",
        "surface": "paving_stones"
      },
      "geometry": {
        "type": "LineString",
        "coordinates": [
          [
            7.0421875,
            46.8847391
          ],
          [
            7.0420766,
            46.8847652
          ]
        ]
      },
      "id": "way/1210707507"
    },
    {
      "type": "Feature",
      "properties": {
        "@id": "way/1210707508",
        "highway": "path",
        "smoothness": "excellent",
        "surface": "paving_stones"
      },
      "geometry": {
        "type": "LineString",
        "coordinates": [
          [
            7.0424853,
            46.8848911
          ],
          [
            7.0425325,
            46.8848609
          ]
        ]
      },
      "id": "way/1210707508"
    },
    {
      "type": "Feature",
      "properties": {
        "@id": "way/1210707509",
        "highway": "path",
        "smoothness": "excellent",
        "surface": "paving_stones"
      },
      "geometry": {
        "type": "LineString",
        "coordinates": [
          [
            7.0424117,
            46.8848918
          ],
          [
            7.0424853,
            46.8848911
          ],
          [
            7.042545,
            46.8849348
          ]
        ]
      },
      "id": "way/1210707509"
    },
    {
      "type": "Feature",
      "properties": {
        "@id": "way/1210707510",
        "highway": "path",
        "smoothness": "excellent",
        "surface": "paving_stones"
      },
      "geometry": {
        "type": "LineString",
        "coordinates": [
          [
            7.0420184,
            46.8845368
          ],
          [
            7.0420251,
            46.8845785
          ],
          [
            7.042222,
            46.8847061
          ],
          [
            7.0421875,
            46.8847391
          ],
          [
            7.0422569,
            46.8848225
          ],
          [
            7.0424117,
            46.8848918
          ],
          [
            7.0424314,
            46.8849675
          ],
          [
            7.042496,
            46.8850271
          ],
          [
            7.0425286,
            46.8850046
          ],
          [
            7.0425889,
            46.8850419
          ],
          [
            7.0427234,
            46.8851354
          ]
        ]
      },
      "id": "way/1210707510"
    },
    {
      "type": "Feature",
      "properties": {
        "@id": "way/1210707511",
        "bicycle": "yes",
        "foot": "yes",
        "highway": "service",
        "maxspeed": "50",
        "motor_vehicle": "yes",
        "service": "driveway",
        "smoothness": "excellent",
        "surface": "asphalt"
      },
      "geometry": {
        "type": "LineString",
        "coordinates": [
          [
            7.0415844,
            46.8848203
          ],
          [
            7.0419261,
            46.884542
          ],
          [
            7.0419429,
            46.8845411
          ]
        ]
      },
      "id": "way/1210707511"
    },
    {
      "type": "Feature",
      "properties": {
        "@id": "way/1215707331",
        "highway": "service",
        "service": "parking_aisle",
        "surface": "dirt"
      },
      "geometry": {
        "type": "LineString",
        "coordinates": [
          [
            7.044604,
            46.9026034
          ],
          [
            7.0445554,
            46.9026142
          ],
          [
            7.0444669,
            46.9026354
          ],
          [
            7.0438769,
            46.9027769
          ],
          [
            7.0437548,
            46.9024997
          ],
          [
            7.0443556,
            46.9023599
          ],
          [
            7.0444669,
            46.9026354
          ]
        ]
      },
      "id": "way/1215707331"
    },
    {
      "type": "Feature",
      "properties": {
        "@id": "way/1218110494",
        "highway": "primary",
        "lanes": "3",
        "lanes:backward": "1",
        "lanes:forward": "2",
        "lit": "no",
        "maxspeed": "80",
        "name": "Route de Berne",
        "rcrc_ref": "601a",
        "ref": "1",
        "surface": "asphalt",
        "turn:lanes:forward": "left|none"
      },
      "geometry": {
        "type": "LineString",
        "coordinates": [
          [
            7.0528871,
            46.8911317
          ],
          [
            7.0531029,
            46.8912509
          ],
          [
            7.0533259,
            46.8913651
          ],
          [
            7.0539945,
            46.8916955
          ]
        ]
      },
      "id": "way/1218110494"
    },
    {
      "type": "Feature",
      "properties": {
        "@id": "way/1218110495",
        "highway": "primary",
        "lanes": "2",
        "lit": "yes",
        "maxspeed": "50",
        "name": "Route de Berne",
        "rcrc_ref": "601a",
        "ref": "1",
        "surface": "asphalt"
      },
      "geometry": {
        "type": "LineString",
        "coordinates": [
          [
            7.0497625,
            46.8872204
          ],
          [
            7.0500677,
            46.8874421
          ]
        ]
      },
      "id": "way/1218110495"
    },
    {
      "type": "Feature",
      "properties": {
        "@id": "way/1218110496",
        "highway": "primary",
        "lanes": "3",
        "lanes:backward": "2",
        "lanes:forward": "1",
        "lit": "yes",
        "maxspeed": "50",
        "name": "Route de Berne",
        "rcrc_ref": "601a",
        "ref": "1",
        "surface": "asphalt",
        "turn:lanes:backward": "none|right"
      },
      "geometry": {
        "type": "LineString",
        "coordinates": [
          [
            7.0494144,
            46.8869676
          ],
          [
            7.0497625,
            46.8872204
          ]
        ]
      },
      "id": "way/1218110496"
    },
    {
      "type": "Feature",
      "properties": {
        "@id": "way/1218110497",
        "highway": "primary",
        "lanes": "3",
        "lanes:backward": "2",
        "lanes:forward": "1",
        "lit": "yes",
        "maxspeed": "50",
        "name": "Route de Berne",
        "rcrc_ref": "601a",
        "ref": "1",
        "surface": "asphalt",
        "turn:lanes:backward": "left|none"
      },
      "geometry": {
        "type": "LineString",
        "coordinates": [
          [
            7.0489776,
            46.8866658
          ],
          [
            7.0491604,
            46.8867921
          ]
        ]
      },
      "id": "way/1218110497"
    },
    {
      "type": "Feature",
      "properties": {
        "@id": "way/1218110498",
        "highway": "primary",
        "lanes": "3",
        "lanes:backward": "1",
        "lanes:forward": "2",
        "lit": "yes",
        "maxspeed": "50",
        "name": "Route de Berne",
        "rcrc_ref": "601a",
        "ref": "1",
        "surface": "asphalt",
        "turn:lanes:forward": "left|none"
      },
      "geometry": {
        "type": "LineString",
        "coordinates": [
          [
            7.0487155,
            46.8864882
          ],
          [
            7.0489776,
            46.8866658
          ]
        ]
      },
      "id": "way/1218110498"
    },
    {
      "type": "Feature",
      "properties": {
        "@id": "way/1218110499",
        "highway": "primary",
        "lanes": "2",
        "lit": "yes",
        "maxspeed": "50",
        "name": "Route de Berne",
        "rcrc_ref": "601a",
        "ref": "1",
        "surface": "asphalt"
      },
      "geometry": {
        "type": "LineString",
        "coordinates": [
          [
            7.0484022,
            46.8862605
          ],
          [
            7.0486367,
            46.8864348
          ],
          [
            7.0487155,
            46.8864882
          ]
        ]
      },
      "id": "way/1218110499"
    },
    {
      "type": "Feature",
      "properties": {
        "@id": "way/1218110500",
        "highway": "primary",
        "lanes": "3",
        "lanes:backward": "2",
        "lanes:forward": "1",
        "lit": "yes",
        "maxspeed": "50",
        "name": "Route de Berne",
        "rcrc_ref": "601a",
        "ref": "1",
        "surface": "asphalt",
        "turn:lanes:backward": "none|right"
      },
      "geometry": {
        "type": "LineString",
        "coordinates": [
          [
            7.0476884,
            46.8856763
          ],
          [
            7.0481469,
            46.8860708
          ],
          [
            7.0484022,
            46.8862605
          ]
        ]
      },
      "id": "way/1218110500"
    },
    {
      "type": "Feature",
      "properties": {
        "@id": "way/1218110501",
        "highway": "primary",
        "lanes": "2",
        "lit": "yes",
        "maxspeed": "50",
        "name": "Route de Berne",
        "rcrc_ref": "601a",
        "ref": "1",
        "surface": "asphalt"
      },
      "geometry": {
        "type": "LineString",
        "coordinates": [
          [
            7.0466348,
            46.8845202
          ],
          [
            7.0467808,
            46.8846986
          ]
        ]
      },
      "id": "way/1218110501"
    },
    {
      "type": "Feature",
      "properties": {
        "@id": "way/1218110502",
        "highway": "primary",
        "lanes": "3",
        "lanes:backward": "2",
        "lanes:forward": "1",
        "lit": "yes",
        "maxspeed": "50",
        "name": "Route de Berne",
        "rcrc_ref": "601a",
        "ref": "1",
        "surface": "asphalt",
        "turn:lanes:backward": "left|none"
      },
      "geometry": {
        "type": "LineString",
        "coordinates": [
          [
            7.0464064,
            46.8842409
          ],
          [
            7.0466348,
            46.8845202
          ]
        ]
      },
      "id": "way/1218110502"
    },
    {
      "type": "Feature",
      "properties": {
        "@id": "way/1218110503",
        "highway": "primary",
        "lanes": "3",
        "lanes:backward": "2",
        "lanes:forward": "1",
        "lit": "yes",
        "maxspeed": "50",
        "name": "Route de Berne",
        "rcrc_ref": "601a",
        "ref": "1",
        "surface": "asphalt",
        "turn:lanes:backward": "left|none"
      },
      "geometry": {
        "type": "LineString",
        "coordinates": [
          [
            7.0461864,
            46.8839721
          ],
          [
            7.0464064,
            46.8842409
          ]
        ]
      },
      "id": "way/1218110503"
    },
    {
      "type": "Feature",
      "properties": {
        "@id": "way/1218110504",
        "highway": "primary",
        "lanes": "2",
        "lit": "yes",
        "maxspeed": "50",
        "name": "Route de Berne",
        "rcrc_ref": "601a",
        "ref": "1",
        "sidewalk": "left",
        "surface": "asphalt"
      },
      "geometry": {
        "type": "LineString",
        "coordinates": [
          [
            7.0459679,
            46.8837034
          ],
          [
            7.0461864,
            46.8839721
          ]
        ]
      },
      "id": "way/1218110504"
    },
    {
      "type": "Feature",
      "properties": {
        "@id": "way/1218110505",
        "highway": "primary",
        "lanes": "3",
        "lanes:backward": "1",
        "lanes:forward": "2",
        "lit": "yes",
        "maxspeed": "50",
        "name": "Route de Berne",
        "rcrc_ref": "601a",
        "ref": "1",
        "sidewalk": "left",
        "turn:lanes:forward": "left|none"
      },
      "geometry": {
        "type": "LineString",
        "coordinates": [
          [
            7.0458678,
            46.8835826
          ],
          [
            7.0459679,
            46.8837034
          ]
        ]
      },
      "id": "way/1218110505"
    },
    {
      "type": "Feature",
      "properties": {
        "@id": "way/1218110506",
        "highway": "primary",
        "lanes": "2",
        "lit": "yes",
        "maxspeed": "50",
        "name": "Route de Berne",
        "rcrc_ref": "601a",
        "ref": "1",
        "sidewalk": "left",
        "traffic_calming": "island"
      },
      "geometry": {
        "type": "LineString",
        "coordinates": [
          [
            7.0458315,
            46.8835383
          ],
          [
            7.0458515,
            46.8835613
          ],
          [
            7.0458678,
            46.8835826
          ]
        ]
      },
      "id": "way/1218110506"
    },
    {
      "type": "Feature",
      "properties": {
        "@id": "way/1218110507",
        "highway": "primary",
        "lanes": "3",
        "lanes:backward": "2",
        "lanes:forward": "1",
        "lit": "yes",
        "maxspeed": "50",
        "name": "Route de Berne",
        "rcrc_ref": "601a",
        "ref": "1",
        "sidewalk": "left",
        "turn:lanes:backward": "left|none"
      },
      "geometry": {
        "type": "LineString",
        "coordinates": [
          [
            7.0457278,
            46.8834117
          ],
          [
            7.0458315,
            46.8835383
          ]
        ]
      },
      "id": "way/1218110507"
    },
    {
      "type": "Feature",
      "properties": {
        "@id": "way/1218110508",
        "cycleway:both": "no",
        "highway": "primary",
        "lanes": "3",
        "lanes:backward": "1",
        "lanes:forward": "2",
        "lit": "yes",
        "maxspeed": "50",
        "name": "Route de Berne",
        "rcrc_ref": "601a",
        "ref": "1",
        "sidewalk": "both",
        "surface": "asphalt",
        "turn:lanes:forward": "left|none"
      },
      "geometry": {
        "type": "LineString",
        "coordinates": [
          [
            7.0452634,
            46.8827174
          ],
          [
            7.0452663,
            46.882735
          ],
          [
            7.0452848,
            46.8828017
          ]
        ]
      },
      "id": "way/1218110508"
    },
    {
      "type": "Feature",
      "properties": {
        "@id": "way/1218110509",
        "cycleway:both": "no",
        "highway": "primary",
        "lanes": "2",
        "lit": "yes",
        "maxspeed": "50",
        "name": "Route de Berne",
        "rcrc_ref": "601a",
        "ref": "1",
        "sidewalk": "both",
        "surface": "asphalt"
      },
      "geometry": {
        "type": "LineString",
        "coordinates": [
          [
            7.0452552,
            46.882667
          ],
          [
            7.0452634,
            46.8827174
          ]
        ]
      },
      "id": "way/1218110509"
    },
    {
      "type": "Feature",
      "properties": {
        "@id": "way/1218110510",
        "cycleway:both": "no",
        "highway": "primary",
        "lanes": "2",
        "lit": "yes",
        "maxspeed": "50",
        "name": "Route du Faubourg",
        "rcrc_ref": "601a",
        "ref": "1",
        "sidewalk": "both",
        "surface": "asphalt"
      },
      "geometry": {
        "type": "LineString",
        "coordinates": [
          [
            7.0452427,
            46.8820214
          ],
          [
            7.0452438,
            46.8820604
          ]
        ]
      },
      "id": "way/1218110510"
    },
    {
      "type": "Feature",
      "properties": {
        "@id": "way/1222057731",
        "highway": "footway"
      },
      "geometry": {
        "type": "LineString",
        "coordinates": [
          [
            7.0378436,
            46.8763894
          ],
          [
            7.0377233,
            46.876601
          ],
          [
            7.0376669,
            46.8767002
          ],
          [
            7.0376246,
            46.8767746
          ],
          [
            7.0375826,
            46.8768484
          ],
          [
            7.0375422,
            46.8769195
          ]
        ]
      },
      "id": "way/1222057731"
    },
    {
      "type": "Feature",
      "properties": {
        "@id": "way/1222057732",
        "highway": "footway"
      },
      "geometry": {
        "type": "LineString",
        "coordinates": [
          [
            7.0376246,
            46.8767746
          ],
          [
            7.0377115,
            46.8767949
          ]
        ]
      },
      "id": "way/1222057732"
    },
    {
      "type": "Feature",
      "properties": {
        "@id": "way/1222057733",
        "highway": "footway"
      },
      "geometry": {
        "type": "LineString",
        "coordinates": [
          [
            7.0377233,
            46.876601
          ],
          [
            7.0378057,
            46.8766216
          ]
        ]
      },
      "id": "way/1222057733"
    },
    {
      "type": "Feature",
      "properties": {
        "@id": "way/1222057734",
        "highway": "footway"
      },
      "geometry": {
        "type": "LineString",
        "coordinates": [
          [
            7.0375826,
            46.8768484
          ],
          [
            7.0373356,
            46.8767839
          ],
          [
            7.0372921,
            46.8768544
          ]
        ]
      },
      "id": "way/1222057734"
    },
    {
      "type": "Feature",
      "properties": {
        "@id": "way/1222057735",
        "highway": "service",
        "service": "parking_aisle"
      },
      "geometry": {
        "type": "LineString",
        "coordinates": [
          [
            7.0371966,
            46.8762148
          ],
          [
            7.0370862,
            46.8763942
          ],
          [
            7.0370862,
            46.876441
          ],
          [
            7.0371238,
            46.876485
          ],
          [
            7.0371452,
            46.8764923
          ]
        ]
      },
      "id": "way/1222057735"
    },
    {
      "type": "Feature",
      "properties": {
        "@id": "way/1222057737",
        "highway": "footway"
      },
      "geometry": {
        "type": "LineString",
        "coordinates": [
          [
            7.036763,
            46.8767371
          ],
          [
            7.0368609,
            46.8765693
          ],
          [
            7.0369315,
            46.8764476
          ]
        ]
      },
      "id": "way/1222057737"
    },
    {
      "type": "Feature",
      "properties": {
        "@id": "way/1222057738",
        "highway": "footway"
      },
      "geometry": {
        "type": "LineString",
        "coordinates": [
          [
            7.036763,
            46.8767371
          ],
          [
            7.0367912,
            46.8767451
          ]
        ]
      },
      "id": "way/1222057738"
    },
    {
      "type": "Feature",
      "properties": {
        "@id": "way/1222057739",
        "highway": "footway"
      },
      "geometry": {
        "type": "LineString",
        "coordinates": [
          [
            7.0368609,
            46.8765693
          ],
          [
            7.0368837,
            46.8765743
          ]
        ]
      },
      "id": "way/1222057739"
    },
    {
      "type": "Feature",
      "properties": {
        "@id": "way/1222057740",
        "highway": "service",
        "service": "parking_aisle"
      },
      "geometry": {
        "type": "LineString",
        "coordinates": [
          [
            7.0369315,
            46.8764476
          ],
          [
            7.0370843,
            46.8761859
          ]
        ]
      },
      "id": "way/1222057740"
    },
    {
      "type": "Feature",
      "properties": {
        "@id": "way/1222057741",
        "highway": "footway"
      },
      "geometry": {
        "type": "LineString",
        "coordinates": [
          [
            7.0391266,
            46.8767359
          ],
          [
            7.039008,
            46.8769384
          ],
          [
            7.0389219,
            46.8770899
          ],
          [
            7.0389093,
            46.877112
          ],
          [
            7.0388606,
            46.8772025
          ],
          [
            7.03882,
            46.8772698
          ]
        ]
      },
      "id": "way/1222057741"
    },
    {
      "type": "Feature",
      "properties": {
        "@id": "way/1222057742",
        "highway": "footway"
      },
      "geometry": {
        "type": "LineString",
        "coordinates": [
          [
            7.0388606,
            46.8772025
          ],
          [
            7.0386094,
            46.8771363
          ],
          [
            7.0385716,
            46.8772052
          ]
        ]
      },
      "id": "way/1222057742"
    },
    {
      "type": "Feature",
      "properties": {
        "@id": "way/1222057743",
        "highway": "footway"
      },
      "geometry": {
        "type": "LineString",
        "coordinates": [
          [
            7.0389093,
            46.877112
          ],
          [
            7.0389923,
            46.8771345
          ]
        ]
      },
      "id": "way/1222057743"
    },
    {
      "type": "Feature",
      "properties": {
        "@id": "way/1222057744",
        "highway": "footway"
      },
      "geometry": {
        "type": "LineString",
        "coordinates": [
          [
            7.039008,
            46.8769384
          ],
          [
            7.0390879,
            46.8769588
          ]
        ]
      },
      "id": "way/1222057744"
    },
    {
      "type": "Feature",
      "properties": {
        "@id": "way/1222057745",
        "highway": "footway"
      },
      "geometry": {
        "type": "LineString",
        "coordinates": [
          [
            7.0380344,
            46.8770833
          ],
          [
            7.0381354,
            46.8769073
          ],
          [
            7.0382007,
            46.8767935
          ]
        ]
      },
      "id": "way/1222057745"
    },
    {
      "type": "Feature",
      "properties": {
        "@id": "way/1222057746",
        "highway": "service",
        "service": "parking_aisle"
      },
      "geometry": {
        "type": "LineString",
        "coordinates": [
          [
            7.0382007,
            46.8767935
          ],
          [
            7.0383514,
            46.8765266
          ]
        ]
      },
      "id": "way/1222057746"
    },
    {
      "type": "Feature",
      "properties": {
        "@id": "way/1222057747",
        "highway": "footway"
      },
      "geometry": {
        "type": "LineString",
        "coordinates": [
          [
            7.0380344,
            46.8770833
          ],
          [
            7.0380618,
            46.8770888
          ]
        ]
      },
      "id": "way/1222057747"
    },
    {
      "type": "Feature",
      "properties": {
        "@id": "way/1222057748",
        "highway": "footway"
      },
      "geometry": {
        "type": "LineString",
        "coordinates": [
          [
            7.0381354,
            46.8769073
          ],
          [
            7.0381577,
            46.8769124
          ]
        ]
      },
      "id": "way/1222057748"
    },
    {
      "type": "Feature",
      "properties": {
        "@id": "way/1222057749",
        "highway": "service",
        "service": "parking_aisle"
      },
      "geometry": {
        "type": "LineString",
        "coordinates": [
          [
            7.0380653,
            46.8767661
          ],
          [
            7.0382158,
            46.87649
          ]
        ]
      },
      "id": "way/1222057749"
    },
    {
      "type": "Feature",
      "properties": {
        "@id": "way/1222057750",
        "highway": "footway"
      },
      "geometry": {
        "type": "LineString",
        "coordinates": [
          [
            7.0382007,
            46.8767935
          ],
          [
            7.0384236,
            46.8768519
          ],
          [
            7.0385038,
            46.8769454
          ],
          [
            7.0386871,
            46.8769939
          ],
          [
            7.0386698,
            46.8770256
          ],
          [
            7.0386094,
            46.8771363
          ]
        ]
      },
      "id": "way/1222057750"
    },
    {
      "type": "Feature",
      "properties": {
        "@id": "way/1222057751",
        "highway": "footway"
      },
      "geometry": {
        "type": "LineString",
        "coordinates": [
          [
            7.0386698,
            46.8770256
          ],
          [
            7.0389219,
            46.8770899
          ]
        ]
      },
      "id": "way/1222057751"
    },
    {
      "type": "Feature",
      "properties": {
        "@id": "way/1222057752",
        "highway": "footway"
      },
      "geometry": {
        "type": "LineString",
        "coordinates": [
          [
            7.038814,
            46.8765158
          ],
          [
            7.0388809,
            46.8763524
          ],
          [
            7.0390264,
            46.8763625
          ],
          [
            7.0390036,
            46.8762603
          ],
          [
            7.0390235,
            46.876178
          ]
        ]
      },
      "id": "way/1222057752"
    },
    {
      "type": "Feature",
      "properties": {
        "@id": "way/1222057753",
        "highway": "footway"
      },
      "geometry": {
        "type": "LineString",
        "coordinates": [
          [
            7.0397811,
            46.8764208
          ],
          [
            7.0398774,
            46.8762628
          ],
          [
            7.0400882,
            46.8761137
          ],
          [
            7.0401074,
            46.8760875
          ],
          [
            7.0400956,
            46.8760598
          ],
          [
            7.0400201,
            46.876006
          ],
          [
            7.0399459,
            46.8759028
          ]
        ]
      },
      "id": "way/1222057753"
    },
    {
      "type": "Feature",
      "properties": {
        "@id": "way/1222057754",
        "highway": "service",
        "service": "parking_aisle"
      },
      "geometry": {
        "type": "LineString",
        "coordinates": [
          [
            7.0398191,
            46.8764671
          ],
          [
            7.0401132,
            46.876537
          ]
        ]
      },
      "id": "way/1222057754"
    },
    {
      "type": "Feature",
      "properties": {
        "@id": "way/1222057755",
        "highway": "footway"
      },
      "geometry": {
        "type": "LineString",
        "coordinates": [
          [
            7.0401132,
            46.876537
          ],
          [
            7.040201,
            46.876533
          ],
          [
            7.0403894,
            46.8765789
          ],
          [
            7.0404692,
            46.876763
          ],
          [
            7.0405767,
            46.8769769
          ],
          [
            7.0408433,
            46.8772167
          ]
        ]
      },
      "id": "way/1222057755"
    },
    {
      "type": "Feature",
      "properties": {
        "@id": "way/1222057756",
        "highway": "footway"
      },
      "geometry": {
        "type": "LineString",
        "coordinates": [
          [
            7.039503,
            46.8771334
          ],
          [
            7.0398508,
            46.8772126
          ],
          [
            7.0399987,
            46.8771384
          ],
          [
            7.0401281,
            46.8769098
          ],
          [
            7.0402755,
            46.8766494
          ]
        ]
      },
      "id": "way/1222057756"
    },
    {
      "type": "Feature",
      "properties": {
        "@id": "way/1222057757",
        "highway": "footway"
      },
      "geometry": {
        "type": "LineString",
        "coordinates": [
          [
            7.0401281,
            46.8769098
          ],
          [
            7.0402041,
            46.8769303
          ],
          [
            7.0403585,
            46.8768008
          ],
          [
            7.0404692,
            46.876763
          ]
        ]
      },
      "id": "way/1222057757"
    },
    {
      "type": "Feature",
      "properties": {
        "@id": "way/1222057758",
        "highway": "footway"
      },
      "geometry": {
        "type": "LineString",
        "coordinates": [
          [
            7.0373356,
            46.8767839
          ],
          [
            7.0372854,
            46.876763
          ],
          [
            7.0372428,
            46.8767121
          ],
          [
            7.0372364,
            46.8766691
          ],
          [
            7.0372087,
            46.8766102
          ],
          [
            7.0372311,
            46.8765884
          ],
          [
            7.0372907,
            46.8766
          ],
          [
            7.0373546,
            46.876624
          ],
          [
            7.0374216,
            46.8766269
          ],
          [
            7.0375004,
            46.8766619
          ],
          [
            7.0375249,
            46.876691
          ],
          [
            7.0375802,
            46.8767092
          ],
          [
            7.0376473,
            46.8767012
          ],
          [
            7.0376669,
            46.8767002
          ]
        ]
      },
      "id": "way/1222057758"
    },
    {
      "type": "Feature",
      "properties": {
        "@id": "way/1222057759",
        "highway": "path"
      },
      "geometry": {
        "type": "LineString",
        "coordinates": [
          [
            7.038365,
            46.8750283
          ],
          [
            7.0381086,
            46.8753453
          ],
          [
            7.0376661,
            46.8753719
          ],
          [
            7.0375617,
            46.8754333
          ],
          [
            7.0373551,
            46.8755942
          ],
          [
            7.0373401,
            46.8756077
          ],
          [
            7.0373266,
            46.8756253
          ],
          [
            7.0373172,
            46.8756412
          ],
          [
            7.0373113,
            46.875661
          ],
          [
            7.0373091,
            46.8756836
          ],
          [
            7.0373126,
            46.8757222
          ]
        ]
      },
      "id": "way/1222057759"
    },
    {
      "type": "Feature",
      "properties": {
        "@id": "way/1235962191",
        "handrail": "yes",
        "highway": "steps",
        "incline": "up",
        "step_count": "9"
      },
      "geometry": {
        "type": "LineString",
        "coordinates": [
          [
            7.0411068,
            46.8794525
          ],
          [
            7.0411372,
            46.879427
          ]
        ]
      },
      "id": "way/1235962191"
    },
    {
      "type": "Feature",
      "properties": {
        "@id": "way/1235962192",
        "handrail": "no",
        "highway": "steps",
        "incline": "down"
      },
      "geometry": {
        "type": "LineString",
        "coordinates": [
          [
            7.0411736,
            46.8794555
          ],
          [
            7.0411436,
            46.8794379
          ]
        ]
      },
      "id": "way/1235962192"
    },
    {
      "type": "Feature",
      "properties": {
        "@id": "way/1235962193",
        "highway": "footway"
      },
      "geometry": {
        "type": "LineString",
        "coordinates": [
          [
            7.0411436,
            46.8794379
          ],
          [
            7.0411488,
            46.8794333
          ]
        ]
      },
      "id": "way/1235962193"
    },
    {
      "type": "Feature",
      "properties": {
        "@id": "way/1235962194",
        "highway": "footway"
      },
      "geometry": {
        "type": "LineString",
        "coordinates": [
          [
            7.0411736,
            46.8794555
          ],
          [
            7.0411462,
            46.8794767
          ],
          [
            7.0411068,
            46.8794525
          ],
          [
            7.0410785,
            46.879473
          ],
          [
            7.041006,
            46.8794558
          ],
          [
            7.0409308,
            46.8795145
          ]
        ]
      },
      "id": "way/1235962194"
    },
    {
      "type": "Feature",
      "properties": {
        "@id": "way/1275000861",
        "highway": "service"
      },
      "geometry": {
        "type": "LineString",
        "coordinates": [
          [
            7.0409831,
            46.8874085
          ],
          [
            7.04157,
            46.8867478
          ]
        ]
      },
      "id": "way/1275000861"
    },
    {
      "type": "Feature",
      "properties": {
        "@id": "way/1276706770",
        "highway": "service"
      },
      "geometry": {
        "type": "LineString",
        "coordinates": [
          [
            7.0458603,
            46.8832687
          ],
          [
            7.045874,
            46.8832909
          ],
          [
            7.0458628,
            46.883384
          ],
          [
            7.0458872,
            46.8834396
          ],
          [
            7.0461636,
            46.8837709
          ],
          [
            7.0462297,
            46.8838084
          ],
          [
            7.0462744,
            46.8838591
          ],
          [
            7.0462815,
            46.8838994
          ],
          [
            7.046251,
            46.8839349
          ],
          [
            7.0461864,
            46.8839721
          ]
        ]
      },
      "id": "way/1276706770"
    },
    {
      "type": "Feature",
      "properties": {
        "@id": "way/1276706773",
        "highway": "service",
        "service": "driveway"
      },
      "geometry": {
        "type": "LineString",
        "coordinates": [
          [
            7.0459679,
            46.8837034
          ],
          [
            7.0458559,
            46.8837471
          ],
          [
            7.0457408,
            46.8837914
          ],
          [
            7.0456701,
            46.8837112
          ]
        ]
      },
      "id": "way/1276706773"
    },
    {
      "type": "Feature",
      "properties": {
        "@id": "way/1276706784",
        "highway": "track",
        "surface": "grass",
        "tracktype": "grade5"
      },
      "geometry": {
        "type": "LineString",
        "coordinates": [
          [
            7.0473142,
            46.8825795
          ],
          [
            7.0468692,
            46.8821915
          ]
        ]
      },
      "id": "way/1276706784"
    },
    {
      "type": "Feature",
      "properties": {
        "@id": "way/1276706789",
        "highway": "track",
        "surface": "grass",
        "tracktype": "grade4"
      },
      "geometry": {
        "type": "LineString",
        "coordinates": [
          [
            7.0519817,
            46.8801394
          ],
          [
            7.0504662,
            46.8797757
          ]
        ]
      },
      "id": "way/1276706789"
    },
    {
      "type": "Feature",
      "properties": {
        "@id": "way/1276706793",
        "highway": "track",
        "tracktype": "grade5"
      },
      "geometry": {
        "type": "LineString",
        "coordinates": [
          [
            7.0459388,
            46.8794831
          ],
          [
            7.0460651,
            46.8793977
          ],
          [
            7.0461923,
            46.8792478
          ]
        ]
      },
      "id": "way/1276706793"
    },
    {
      "type": "Feature",
      "properties": {
        "@id": "way/1276706795",
        "highway": "track",
        "surface": "ground",
        "tracktype": "grade4"
      },
      "geometry": {
        "type": "LineString",
        "coordinates": [
          [
            7.0479667,
            46.8801408
          ],
          [
            7.0480692,
            46.8800193
          ],
          [
            7.0482275,
            46.8799042
          ],
          [
            7.0482628,
            46.8798792
          ],
          [
            7.0484265,
            46.8798184
          ],
          [
            7.0486658,
            46.8797917
          ],
          [
            7.0488917,
            46.8797965
          ]
        ]
      },
      "id": "way/1276706795"
    },
    {
      "type": "Feature",
      "properties": {
        "@id": "way/1284692025",
        "highway": "footway"
      },
      "geometry": {
        "type": "LineString",
        "coordinates": [
          [
            7.0401805,
            46.881244
          ],
          [
            7.0402078,
            46.8812205
          ],
          [
            7.0402319,
            46.8811998
          ]
        ]
      },
      "id": "way/1284692025"
    },
    {
      "type": "Feature",
      "properties": {
        "@id": "way/1284692026",
        "highway": "footway"
      },
      "geometry": {
        "type": "LineString",
        "coordinates": [
          [
            7.0402659,
            46.8812156
          ],
          [
            7.0402319,
            46.8811998
          ],
          [
            7.0402087,
            46.8811675
          ],
          [
            7.0400264,
            46.8810863
          ]
        ]
      },
      "id": "way/1284692026"
    },
    {
      "type": "Feature",
      "properties": {
        "@id": "way/1284696046",
        "highway": "footway"
      },
      "geometry": {
        "type": "LineString",
        "coordinates": [
          [
            7.0413131,
            46.8816606
          ],
          [
            7.0418375,
            46.8818677
          ]
        ]
      },
      "id": "way/1284696046"
    },
    {
      "type": "Feature",
      "properties": {
        "@id": "way/1301667304",
        "highway": "footway"
      },
      "geometry": {
        "type": "LineString",
        "coordinates": [
          [
            7.0432802,
            46.8806114
          ],
          [
            7.0432226,
            46.8806758
          ]
        ]
      },
      "id": "way/1301667304"
    },
    {
      "type": "Feature",
      "properties": {
        "@id": "way/1301667308",
        "footway": "sidewalk",
        "highway": "footway",
        "lit": "yes",
        "smoothness": "excellent",
        "surface": "asphalt"
      },
      "geometry": {
        "type": "LineString",
        "coordinates": [
          [
            7.0425496,
            46.8805318
          ],
          [
            7.042403,
            46.8805477
          ],
          [
            7.0423603,
            46.8805597
          ],
          [
            7.0422859,
            46.8806041
          ],
          [
            7.0421424,
            46.8806494
          ],
          [
            7.0420942,
            46.8806837
          ]
        ]
      },
      "id": "way/1301667308"
    },
    {
      "type": "Feature",
      "properties": {
        "@id": "way/1301674256",
        "highway": "footway"
      },
      "geometry": {
        "type": "LineString",
        "coordinates": [
          [
            7.0384508,
            46.8785764
          ],
          [
            7.0385069,
            46.8785312
          ],
          [
            7.0385056,
            46.8785047
          ],
          [
            7.0385278,
            46.8784793
          ],
          [
            7.0385675,
            46.8784638
          ],
          [
            7.0385918,
            46.8784638
          ],
          [
            7.0386174,
            46.8784787
          ]
        ]
      },
      "id": "way/1301674256"
    },
    {
      "type": "Feature",
      "properties": {
        "@id": "way/1301674316",
        "highway": "service",
        "service": "driveway"
      },
      "geometry": {
        "type": "LineString",
        "coordinates": [
          [
            7.0388011,
            46.87821
          ],
          [
            7.0389347,
            46.8782113
          ],
          [
            7.0390413,
            46.8782013
          ],
          [
            7.0391233,
            46.8782069
          ],
          [
            7.0392123,
            46.8782281
          ],
          [
            7.0393622,
            46.8782929
          ]
        ]
      },
      "id": "way/1301674316"
    },
    {
      "type": "Feature",
      "properties": {
        "@id": "way/1301814765",
        "highway": "track"
      },
      "geometry": {
        "type": "LineString",
        "coordinates": [
          [
            7.0498174,
            46.8963148
          ],
          [
            7.0499479,
            46.8961077
          ],
          [
            7.0499195,
            46.8960076
          ]
        ]
      },
      "id": "way/1301814765"
    },
    {
      "type": "Feature",
      "properties": {
        "@id": "way/1304208205",
        "cycleway:both": "no",
        "highway": "primary",
        "lanes": "2",
        "lit": "yes",
        "maxspeed": "80",
        "maxspeed:type": "rural",
        "name": "Route de Domdidier",
        "rcrc_ref": "601a",
        "ref": "1",
        "sidewalk": "both",
        "sidewalk:both:surface": "asphalt",
        "smoothness": "excellent",
        "surface": "asphalt"
      },
      "geometry": {
        "type": "LineString",
        "coordinates": [
          [
            7.0329037,
            46.8763796
          ],
          [
            7.0330425,
            46.8764345
          ]
        ]
      },
      "id": "way/1304208205"
    },
    {
      "type": "Feature",
      "properties": {
        "@id": "way/1310763913",
        "highway": "service",
        "service": "parking_aisle"
      },
      "geometry": {
        "type": "LineString",
        "coordinates": [
          [
            7.044739,
            46.8847566
          ],
          [
            7.0450075,
            46.884603
          ]
        ]
      },
      "id": "way/1310763913"
    },
    {
      "type": "Feature",
      "properties": {
        "@id": "way/1310763914",
        "highway": "service",
        "service": "parking_aisle"
      },
      "geometry": {
        "type": "LineString",
        "coordinates": [
          [
            7.0443228,
            46.884222
          ],
          [
            7.0443531,
            46.8842404
          ],
          [
            7.0443706,
            46.8842511
          ],
          [
            7.0444655,
            46.8842723
          ],
          [
            7.0445847,
            46.8842493
          ]
        ]
      },
      "id": "way/1310763914"
    },
    {
      "type": "Feature",
      "properties": {
        "@id": "way/1310763915",
        "handrail": "no",
        "highway": "steps",
        "incline": "up"
      },
      "geometry": {
        "type": "LineString",
        "coordinates": [
          [
            7.0445847,
            46.8842493
          ],
          [
            7.0446171,
            46.8842316
          ]
        ]
      },
      "id": "way/1310763915"
    },
    {
      "type": "Feature",
      "properties": {
        "@id": "way/1310763916",
        "highway": "path"
      },
      "geometry": {
        "type": "LineString",
        "coordinates": [
          [
            7.0446171,
            46.8842316
          ],
          [
            7.0446367,
            46.8842222
          ]
        ]
      },
      "id": "way/1310763916"
    },
    {
      "type": "Feature",
      "properties": {
        "@id": "way/1310763917",
        "highway": "path"
      },
      "geometry": {
        "type": "LineString",
        "coordinates": [
          [
            7.0445181,
            46.8841041
          ],
          [
            7.0445462,
            46.8841295
          ],
          [
            7.044561,
            46.8841428
          ],
          [
            7.0446367,
            46.8842222
          ],
          [
            7.0446967,
            46.8842877
          ],
          [
            7.0447082,
            46.8843
          ],
          [
            7.0447821,
            46.8843797
          ],
          [
            7.0448009,
            46.8844
          ],
          [
            7.044891,
            46.8844972
          ],
          [
            7.0449374,
            46.8845472
          ],
          [
            7.0450075,
            46.884603
          ]
        ]
      },
      "id": "way/1310763917"
    },
    {
      "type": "Feature",
      "properties": {
        "@id": "way/1310771930",
        "highway": "service",
        "service": "parking_aisle"
      },
      "geometry": {
        "type": "LineString",
        "coordinates": [
          [
            7.0409404,
            46.8782446
          ],
          [
            7.040973,
            46.8781804
          ],
          [
            7.0410096,
            46.8781399
          ],
          [
            7.0411906,
            46.8779272
          ],
          [
            7.0411906,
            46.8778587
          ],
          [
            7.0413462,
            46.8776829
          ]
        ]
      },
      "id": "way/1310771930"
    },
    {
      "type": "Feature",
      "properties": {
        "@id": "way/1311401176",
        "highway": "path"
      },
      "geometry": {
        "type": "LineString",
        "coordinates": [
          [
            7.0366629,
            46.8825441
          ],
          [
            7.0366867,
            46.8825539
          ],
          [
            7.0367269,
            46.8825843
          ],
          [
            7.0367549,
            46.8826095
          ],
          [
            7.0367922,
            46.8826481
          ],
          [
            7.0368438,
            46.8826755
          ]
        ]
      },
      "id": "way/1311401176"
    },
    {
      "type": "Feature",
      "properties": {
        "@id": "way/1311401177",
        "highway": "path"
      },
      "geometry": {
        "type": "LineString",
        "coordinates": [
          [
            7.0368438,
            46.8826755
          ],
          [
            7.0368641,
            46.8826596
          ],
          [
            7.0368842,
            46.8826584
          ],
          [
            7.0369801,
            46.8827149
          ]
        ]
      },
      "id": "way/1311401177"
    },
    {
      "type": "Feature",
      "properties": {
        "@id": "way/1311401178",
        "highway": "path"
      },
      "geometry": {
        "type": "LineString",
        "coordinates": [
          [
            7.0369801,
            46.8827149
          ],
          [
            7.0370256,
            46.8827112
          ],
          [
            7.0370391,
            46.8827188
          ],
          [
            7.0370451,
            46.8827553
          ],
          [
            7.0370688,
            46.8827666
          ]
        ]
      },
      "id": "way/1311401178"
    },
    {
      "type": "Feature",
      "properties": {
        "@id": "way/1311401179",
        "highway": "path"
      },
      "geometry": {
        "type": "LineString",
        "coordinates": [
          [
            7.0369801,
            46.8827149
          ],
          [
            7.0369388,
            46.8827524
          ]
        ]
      },
      "id": "way/1311401179"
    },
    {
      "type": "Feature",
      "properties": {
        "@id": "way/1311401180",
        "highway": "path"
      },
      "geometry": {
        "type": "LineString",
        "coordinates": [
          [
            7.0368438,
            46.8826755
          ],
          [
            7.0368792,
            46.8826943
          ],
          [
            7.0368521,
            46.8827183
          ]
        ]
      },
      "id": "way/1311401180"
    },
    {
      "type": "Feature",
      "properties": {
        "@id": "way/1311401181",
        "highway": "path",
        "path": "link"
      },
      "geometry": {
        "type": "LineString",
        "coordinates": [
          [
            7.0368521,
            46.8827183
          ],
          [
            7.0368516,
            46.8827524
          ],
          [
            7.0369153,
            46.882776
          ]
        ]
      },
      "id": "way/1311401181"
    },
    {
      "type": "Feature",
      "properties": {
        "@id": "way/1311401182",
        "highway": "path",
        "path": "link"
      },
      "geometry": {
        "type": "LineString",
        "coordinates": [
          [
            7.0369388,
            46.8827524
          ],
          [
            7.0369153,
            46.882776
          ]
        ]
      },
      "id": "way/1311401182"
    },
    {
      "type": "Feature",
      "properties": {
        "@id": "way/1311401183",
        "highway": "path",
        "path": "link"
      },
      "geometry": {
        "type": "LineString",
        "coordinates": [
          [
            7.0369104,
            46.8828282
          ],
          [
            7.0369153,
            46.882776
          ]
        ]
      },
      "id": "way/1311401183"
    },
    {
      "type": "Feature",
      "properties": {
        "@id": "way/1312979593",
        "cycleway:both": "no",
        "highway": "unclassified",
        "lane_markings": "no",
        "maxspeed:type": "CH:urban",
        "name": "Chemin des Conches",
        "oneway": "no",
        "sidewalk": "no",
        "smoothness": "excellent",
        "surface": "asphalt"
      },
      "geometry": {
        "type": "LineString",
        "coordinates": [
          [
            7.0456666,
            46.8833407
          ],
          [
            7.0458603,
            46.8832687
          ]
        ]
      },
      "id": "way/1312979593"
    },
    {
      "type": "Feature",
      "properties": {
        "@id": "way/1312985109",
        "cycleway:both": "no",
        "highway": "tertiary",
        "name": "Route d'Oleyres",
        "rcrc_ref": "604d",
        "sidewalk": "left"
      },
      "geometry": {
        "type": "LineString",
        "coordinates": [
          [
            7.0428983,
            46.877634
          ],
          [
            7.0428404,
            46.8775951
          ],
          [
            7.0427226,
            46.877516
          ],
          [
            7.0424598,
            46.877342
          ],
          [
            7.042388,
            46.8772857
          ],
          [
            7.0423292,
            46.8772259
          ],
          [
            7.0422765,
            46.8771607
          ],
          [
            7.0421673,
            46.8769596
          ],
          [
            7.0421351,
            46.8769003
          ],
          [
            7.0420903,
            46.8768099
          ],
          [
            7.0420675,
            46.8767625
          ],
          [
            7.0420243,
            46.8767306
          ],
          [
            7.0419998,
            46.8767126
          ]
        ]
      },
      "id": "way/1312985109"
    },
    {
      "type": "Feature",
      "properties": {
        "@id": "way/1313752801",
        "cycleway:both": "no",
        "highway": "tertiary",
        "name": "Route d'Oleyres",
        "rcrc_ref": "604d",
        "sidewalk:both": "separate"
      },
      "geometry": {
        "type": "LineString",
        "coordinates": [
          [
            7.0419998,
            46.8767126
          ],
          [
            7.0420297,
            46.8766112
          ],
          [
            7.0420263,
            46.876486
          ],
          [
            7.0420251,
            46.8764432
          ],
          [
            7.0420216,
            46.876307
          ],
          [
            7.0420328,
            46.8762148
          ]
        ]
      },
      "id": "way/1313752801"
    },
    {
      "type": "Feature",
      "properties": {
        "@id": "way/1313769365",
        "cycleway:both": "no",
        "highway": "residential",
        "maxspeed": "30",
        "maxspeed:type": "CH:zone30",
        "name": "Chemin des Prés du Ruz",
        "sidewalk": "both"
      },
      "geometry": {
        "type": "LineString",
        "coordinates": [
          [
            7.0433394,
            46.8756821
          ],
          [
            7.0431104,
            46.8758215
          ],
          [
            7.0426712,
            46.8760401
          ],
          [
            7.0422447,
            46.8762843
          ],
          [
            7.0422059,
            46.8762965
          ],
          [
            7.0421685,
            46.8763028
          ],
          [
            7.042067,
            46.8763087
          ],
          [
            7.0420216,
            46.876307
          ]
        ]
      },
      "id": "way/1313769365"
    },
    {
      "type": "Feature",
      "properties": {
        "@id": "way/1313806164",
        "cycleway:both": "no",
        "highway": "primary",
        "lanes": "2",
        "lit": "yes",
        "maxspeed": "50",
        "maxspeed:type": "urban",
        "name": "Route de Domdidier",
        "rcrc_ref": "601a",
        "ref": "1",
        "sidewalk": "both",
        "sidewalk:both:surface": "asphalt",
        "smoothness": "excellent",
        "surface": "asphalt"
      },
      "geometry": {
        "type": "LineString",
        "coordinates": [
          [
            7.0337599,
            46.8767192
          ],
          [
            7.0342851,
            46.8769346
          ]
        ]
      },
      "id": "way/1313806164"
    },
    {
      "type": "Feature",
      "properties": {
        "@id": "way/1313815835",
        "cycleway:both": "no",
        "highway": "residential",
        "lit": "yes",
        "maxspeed": "50",
        "name": "Chemin du Milieu",
        "sidewalk": "both"
      },
      "geometry": {
        "type": "LineString",
        "coordinates": [
          [
            7.0391548,
            46.8839247
          ],
          [
            7.0390019,
            46.8841301
          ],
          [
            7.0389141,
            46.8842472
          ]
        ]
      },
      "id": "way/1313815835"
    },
    {
      "type": "Feature",
      "properties": {
        "@id": "way/1316670985",
        "highway": "track",
        "surface": "grass",
        "tracktype": "grade4"
      },
      "geometry": {
        "type": "LineString",
        "coordinates": [
          [
            7.0645635,
            46.8820543
          ],
          [
            7.0648068,
            46.8814859
          ]
        ]
      },
      "id": "way/1316670985"
    },
    {
      "type": "Feature",
      "properties": {
        "@id": "way/1316706847",
        "highway": "track",
        "motor_vehicle": "agricultural",
        "smoothness": "good",
        "surface": "asphalt",
        "tracktype": "grade1"
      },
      "geometry": {
        "type": "LineString",
        "coordinates": [
          [
            7.0482954,
            46.8820266
          ],
          [
            7.0498762,
            46.8831827
          ],
          [
            7.0510406,
            46.8841505
          ],
          [
            7.0518323,
            46.8848505
          ],
          [
            7.0519165,
            46.884922
          ],
          [
            7.0527294,
            46.8856122
          ],
          [
            7.0528268,
            46.8856766
          ],
          [
            7.0533993,
            46.8859844
          ],
          [
            7.0538926,
            46.8862349
          ],
          [
            7.054155,
            46.8863672
          ]
        ]
      },
      "id": "way/1316706847"
    },
    {
      "type": "Feature",
      "properties": {
        "@id": "way/1316706848",
        "highway": "track",
        "smoothness": "good",
        "surface": "concrete",
        "tracktype": "grade1"
      },
      "geometry": {
        "type": "LineString",
        "coordinates": [
          [
            7.0501494,
            46.8868406
          ],
          [
            7.0495722,
            46.8863049
          ]
        ]
      },
      "id": "way/1316706848"
    },
    {
      "type": "Feature",
      "properties": {
        "@id": "way/1319193951",
        "access": "destination",
        "cycleway:both": "no",
        "highway": "residential",
        "lane_markings": "no",
        "name": "Chemin des Terreaux",
        "sidewalk": "right",
        "source": "@3d4pi | mapillary.com",
        "surface": "asphalt"
      },
      "geometry": {
        "type": "LineString",
        "coordinates": [
          [
            7.0393354,
            46.8784273
          ],
          [
            7.0393108,
            46.8784248
          ],
          [
            7.0392269,
            46.8784487
          ],
          [
            7.0390028,
            46.8785398
          ],
          [
            7.0389072,
            46.8785984
          ],
          [
            7.0387754,
            46.8787112
          ],
          [
            7.0387226,
            46.8787642
          ]
        ]
      },
      "id": "way/1319193951"
    },
    {
      "type": "Feature",
      "properties": {
        "@id": "way/1324992434",
        "highway": "service",
        "service": "parking_aisle"
      },
      "geometry": {
        "type": "LineString",
        "coordinates": [
          [
            7.0325212,
            46.8788838
          ],
          [
            7.0328206,
            46.8789922
          ],
          [
            7.0328694,
            46.8790099
          ]
        ]
      },
      "id": "way/1324992434"
    },
    {
      "type": "Feature",
      "properties": {
        "@id": "way/1324992435",
        "highway": "footway"
      },
      "geometry": {
        "type": "LineString",
        "coordinates": [
          [
            7.032209,
            46.878128
          ],
          [
            7.0321817,
            46.8781705
          ],
          [
            7.0321793,
            46.8782267
          ],
          [
            7.032264,
            46.8783498
          ],
          [
            7.032363,
            46.8784044
          ],
          [
            7.032417,
            46.8785004
          ]
        ]
      },
      "id": "way/1324992435"
    },
    {
      "type": "Feature",
      "properties": {
        "@id": "way/1324992436",
        "highway": "footway"
      },
      "geometry": {
        "type": "LineString",
        "coordinates": [
          [
            7.0330079,
            46.8786976
          ],
          [
            7.0329751,
            46.8786907
          ],
          [
            7.0328629,
            46.8786481
          ],
          [
            7.0327933,
            46.8786382
          ],
          [
            7.0327345,
            46.8786038
          ],
          [
            7.0326955,
            46.878589
          ],
          [
            7.0326084,
            46.8785754
          ],
          [
            7.0325556,
            46.8785562
          ],
          [
            7.0325112,
            46.8785254
          ],
          [
            7.0324644,
            46.8785045
          ],
          [
            7.032417,
            46.8785004
          ],
          [
            7.0323492,
            46.8785471
          ],
          [
            7.0322922,
            46.8785869
          ],
          [
            7.0322099,
            46.8786965
          ],
          [
            7.0322195,
            46.8787461
          ],
          [
            7.0322778,
            46.8787838
          ],
          [
            7.0323576,
            46.878797
          ],
          [
            7.0323918,
            46.8788368
          ],
          [
            7.0324674,
            46.8788618
          ],
          [
            7.0325406,
            46.8788487
          ],
          [
            7.0328377,
            46.8789541
          ]
        ]
      },
      "id": "way/1324992436"
    },
    {
      "type": "Feature",
      "properties": {
        "@id": "way/1324992437",
        "footway": "sidewalk",
        "highway": "footway"
      },
      "geometry": {
        "type": "LineString",
        "coordinates": [
          [
            7.0328089,
            46.8790733
          ],
          [
            7.0328095,
            46.8790544
          ],
          [
            7.0328206,
            46.8789922
          ],
          [
            7.0328377,
            46.8789541
          ],
          [
            7.0328735,
            46.8788875
          ],
          [
            7.0330079,
            46.8786976
          ],
          [
            7.0330598,
            46.8786316
          ],
          [
            7.0331968,
            46.878486
          ],
          [
            7.0334454,
            46.8782671
          ],
          [
            7.0340028,
            46.8778333
          ]
        ]
      },
      "id": "way/1324992437"
    },
    {
      "type": "Feature",
      "properties": {
        "@id": "way/1324992438",
        "highway": "service",
        "service": "parking_aisle"
      },
      "geometry": {
        "type": "LineString",
        "coordinates": [
          [
            7.0337603,
            46.8798629
          ],
          [
            7.0338015,
            46.8798332
          ],
          [
            7.0338252,
            46.8798161
          ],
          [
            7.0338924,
            46.8796721
          ]
        ]
      },
      "id": "way/1324992438"
    },
    {
      "type": "Feature",
      "properties": {
        "@id": "way/1324992439",
        "highway": "service",
        "service": "parking_aisle"
      },
      "geometry": {
        "type": "LineString",
        "coordinates": [
          [
            7.0336199,
            46.8796176
          ],
          [
            7.0337733,
            46.8796483
          ],
          [
            7.0338924,
            46.8796721
          ],
          [
            7.03411,
            46.8797165
          ],
          [
            7.0341581,
            46.8797263
          ],
          [
            7.0343149,
            46.8797583
          ]
        ]
      },
      "id": "way/1324992439"
    },
    {
      "type": "Feature",
      "properties": {
        "@id": "way/1324992440",
        "highway": "service",
        "service": "parking_aisle"
      },
      "geometry": {
        "type": "LineString",
        "coordinates": [
          [
            7.0340334,
            46.8798891
          ],
          [
            7.03411,
            46.8797165
          ]
        ]
      },
      "id": "way/1324992440"
    },
    {
      "type": "Feature",
      "properties": {
        "@id": "way/1324992441",
        "highway": "service",
        "service": "parking_aisle"
      },
      "geometry": {
        "type": "LineString",
        "coordinates": [
          [
            7.0336199,
            46.8796176
          ],
          [
            7.0336836,
            46.8794678
          ]
        ]
      },
      "id": "way/1324992441"
    },
    {
      "type": "Feature",
      "properties": {
        "@id": "way/1324992442",
        "highway": "footway"
      },
      "geometry": {
        "type": "LineString",
        "coordinates": [
          [
            7.0337106,
            46.8797779
          ],
          [
            7.0337733,
            46.8796483
          ],
          [
            7.0338437,
            46.879494
          ],
          [
            7.0340797,
            46.8789766
          ]
        ]
      },
      "id": "way/1324992442"
    },
    {
      "type": "Feature",
      "properties": {
        "@id": "way/1324992443",
        "highway": "footway"
      },
      "geometry": {
        "type": "LineString",
        "coordinates": [
          [
            7.0343149,
            46.8797583
          ],
          [
            7.0343817,
            46.8796086
          ],
          [
            7.0346068,
            46.8791045
          ]
        ]
      },
      "id": "way/1324992443"
    },
    {
      "type": "Feature",
      "properties": {
        "@id": "way/1324992444",
        "highway": "footway"
      },
      "geometry": {
        "type": "LineString",
        "coordinates": [
          [
            7.0337756,
            46.8794803
          ],
          [
            7.0338437,
            46.879494
          ],
          [
            7.0343817,
            46.8796086
          ]
        ]
      },
      "id": "way/1324992444"
    },
    {
      "type": "Feature",
      "properties": {
        "@id": "way/1324992445",
        "highway": "service",
        "service": "parking_aisle"
      },
      "geometry": {
        "type": "LineString",
        "coordinates": [
          [
            7.0341581,
            46.8797263
          ],
          [
            7.0342223,
            46.8795835
          ]
        ]
      },
      "id": "way/1324992445"
    },
    {
      "type": "Feature",
      "properties": {
        "@id": "way/1324992446",
        "footway": "sidewalk",
        "highway": "footway"
      },
      "geometry": {
        "type": "LineString",
        "coordinates": [
          [
            7.0331008,
            46.8787155
          ],
          [
            7.0329761,
            46.8788959
          ],
          [
            7.0329227,
            46.8789935
          ],
          [
            7.0329095,
            46.8790724
          ],
          [
            7.0328984,
            46.8791925
          ],
          [
            7.0329233,
            46.8792537
          ],
          [
            7.0329878,
            46.8792978
          ],
          [
            7.0333746,
            46.8795524
          ],
          [
            7.0337106,
            46.8797779
          ],
          [
            7.0338015,
            46.8798332
          ],
          [
            7.0342311,
            46.8801137
          ],
          [
            7.0345029,
            46.8802947
          ],
          [
            7.0348054,
            46.8804951
          ],
          [
            7.0352266,
            46.8807719
          ],
          [
            7.0364182,
            46.8815537
          ],
          [
            7.0364914,
            46.8815752
          ],
          [
            7.0365437,
            46.881563
          ],
          [
            7.0365727,
            46.8815349
          ],
          [
            7.0365788,
            46.8814873
          ]
        ]
      },
      "id": "way/1324992446"
    },
    {
      "type": "Feature",
      "properties": {
        "@id": "way/1333494681",
        "footway": "sidewalk",
        "highway": "footway",
        "lit": "yes",
        "smoothness": "excellent",
        "surface": "asphalt"
      },
      "geometry": {
        "type": "LineString",
        "coordinates": [
          [
            7.0346379,
            46.877314
          ],
          [
            7.0345535,
            46.8772815
          ]
        ]
      },
      "id": "way/1333494681"
    },
    {
      "type": "Feature",
      "properties": {
        "@id": "way/1333494682",
        "footway": "sidewalk",
        "highway": "footway"
      },
      "geometry": {
        "type": "LineString",
        "coordinates": [
          [
            7.0346379,
            46.877314
          ],
          [
            7.034521,
            46.8774157
          ],
          [
            7.0344285,
            46.8775187
          ],
          [
            7.0342334,
            46.8777301
          ],
          [
            7.0340946,
            46.8778569
          ],
          [
            7.0338421,
            46.8780577
          ],
          [
            7.0336679,
            46.878186
          ],
          [
            7.0332993,
            46.8785009
          ],
          [
            7.0331469,
            46.8786607
          ],
          [
            7.0331008,
            46.8787155
          ]
        ]
      },
      "id": "way/1333494682"
    },
    {
      "type": "Feature",
      "properties": {
        "@id": "way/1333494683",
        "cycleway:both": "no",
        "highway": "residential",
        "lit": "yes",
        "name": "Route de Sous-Ville",
        "official_name": "Route de Sous Ville",
        "sidewalk": "right"
      },
      "geometry": {
        "type": "LineString",
        "coordinates": [
          [
            7.0379927,
            46.8784036
          ],
          [
            7.0379639,
            46.8784461
          ],
          [
            7.037638,
            46.8789259
          ],
          [
            7.0371293,
            46.8796749
          ]
        ]
      },
      "id": "way/1333494683"
    },
    {
      "type": "Feature",
      "properties": {
        "@id": "way/1333494684",
        "cycleway:both": "no",
        "highway": "residential",
        "lit": "yes",
        "name": "Route de Sous-Ville",
        "official_name": "Route de Sous Ville",
        "sidewalk": "right"
      },
      "geometry": {
        "type": "LineString",
        "coordinates": [
          [
            7.0371293,
            46.8796749
          ],
          [
            7.0370997,
            46.8797189
          ]
        ]
      },
      "id": "way/1333494684"
    },
    {
      "type": "Feature",
      "properties": {
        "@id": "way/1333494685",
        "highway": "path",
        "lit": "yes",
        "name": "Promenade des 2000 ans",
        "old_name": "Chemin des Promenades",
        "surface": "asphalt",
        "vehicle": "no",
        "wheelchair": "yes",
        "width": "2"
      },
      "geometry": {
        "type": "LineString",
        "coordinates": [
          [
            7.038261,
            46.8793459
          ],
          [
            7.0380029,
            46.8796314
          ],
          [
            7.0379701,
            46.8796834
          ],
          [
            7.0379731,
            46.8797539
          ],
          [
            7.0379778,
            46.8797762
          ],
          [
            7.0379853,
            46.8797988
          ],
          [
            7.0379924,
            46.8798157
          ],
          [
            7.0380194,
            46.8798553
          ],
          [
            7.0381443,
            46.8799535
          ]
        ]
      },
      "id": "way/1333494685"
    },
    {
      "type": "Feature",
      "properties": {
        "@id": "way/1333494686",
        "cycleway:both": "no",
        "highway": "residential",
        "lane_markings": "no",
        "lit": "yes",
        "maxspeed:type": "CH:urban",
        "name": "Rue de la Cure",
        "smoothness": "excellent",
        "source": "@3d4pi | mapillary.com",
        "surface": "asphalt"
      },
      "geometry": {
        "type": "LineString",
        "coordinates": [
          [
            7.0397628,
            46.8809936
          ],
          [
            7.0397871,
            46.8810746
          ]
        ]
      },
      "id": "way/1333494686"
    },
    {
      "type": "Feature",
      "properties": {
        "@id": "way/1336260307",
        "highway": "service",
        "service": "driveway"
      },
      "geometry": {
        "type": "LineString",
        "coordinates": [
          [
            7.0426077,
            46.8886756
          ],
          [
            7.0425048,
            46.8887337
          ],
          [
            7.0424015,
            46.8887436
          ],
          [
            7.0421596,
            46.88903
          ],
          [
            7.0421285,
            46.889063
          ],
          [
            7.0413019,
            46.88994
          ]
        ]
      },
      "id": "way/1336260307"
    },
    {
      "type": "Feature",
      "properties": {
        "@id": "way/1336260311",
        "highway": "service",
        "service": "parking_aisle"
      },
      "geometry": {
        "type": "LineString",
        "coordinates": [
          [
            7.0421285,
            46.889063
          ],
          [
            7.0417039,
            46.888873
          ]
        ]
      },
      "id": "way/1336260311"
    },
    {
      "type": "Feature",
      "properties": {
        "@id": "way/1340499325",
        "highway": "service",
        "service": "parking_aisle"
      },
      "geometry": {
        "type": "LineString",
        "coordinates": [
          [
            7.0494736,
            46.899263
          ],
          [
            7.0493126,
            46.8995781
          ]
        ]
      },
      "id": "way/1340499325"
    },
    {
      "type": "Feature",
      "properties": {
        "@id": "way/1346164356",
        "crossing:markings": "zebra",
        "crossing:markings:colour": "yellow",
        "footway": "crossing",
        "highway": "footway"
      },
      "geometry": {
        "type": "LineString",
        "coordinates": [
          [
            7.0421588,
            46.878626
          ],
          [
            7.0421734,
            46.8786124
          ],
          [
            7.0421868,
            46.8785999
          ]
        ]
      },
      "id": "way/1346164356"
    },
    {
      "type": "Feature",
      "properties": {
        "@id": "way/1346164357",
        "footway": "traffic_island",
        "highway": "footway"
      },
      "geometry": {
        "type": "LineString",
        "coordinates": [
          [
            7.0421868,
            46.8785999
          ],
          [
            7.0421992,
            46.8785884
          ]
        ]
      },
      "id": "way/1346164357"
    },
    {
      "type": "Feature",
      "properties": {
        "@id": "way/1346164358",
        "crossing:markings": "zebra",
        "crossing:markings:colour": "yellow",
        "footway": "crossing",
        "highway": "footway"
      },
      "geometry": {
        "type": "LineString",
        "coordinates": [
          [
            7.0421992,
            46.8785884
          ],
          [
            7.0422122,
            46.8785764
          ]
        ]
      },
      "id": "way/1346164358"
    },
    {
      "type": "Feature",
      "properties": {
        "@id": "way/1346164359",
        "footway": "sidewalk",
        "highway": "footway"
      },
      "geometry": {
        "type": "LineString",
        "coordinates": [
          [
            7.0421281,
            46.8786545
          ],
          [
            7.0421588,
            46.878626
          ]
        ]
      },
      "id": "way/1346164359"
    },
    {
      "type": "Feature",
      "properties": {
        "@id": "way/1346164360",
        "crossing:markings": "zebra",
        "crossing:markings:colour": "yellow",
        "footway": "crossing",
        "highway": "footway"
      },
      "geometry": {
        "type": "LineString",
        "coordinates": [
          [
            7.0417495,
            46.8784728
          ],
          [
            7.0417272,
            46.8785148
          ]
        ]
      },
      "id": "way/1346164360"
    },
    {
      "type": "Feature",
      "properties": {
        "@id": "way/1346164361",
        "footway": "sidewalk",
        "highway": "footway"
      },
      "geometry": {
        "type": "LineString",
        "coordinates": [
          [
            7.0417272,
            46.8785148
          ],
          [
            7.0417224,
            46.8785238
          ]
        ]
      },
      "id": "way/1346164361"
    },
    {
      "type": "Feature",
      "properties": {
        "@id": "way/1346164362",
        "footway": "traffic_island",
        "highway": "footway"
      },
      "geometry": {
        "type": "LineString",
        "coordinates": [
          [
            7.0417555,
            46.8784616
          ],
          [
            7.0417495,
            46.8784728
          ]
        ]
      },
      "id": "way/1346164362"
    },
    {
      "type": "Feature",
      "properties": {
        "@id": "way/1346164578",
        "crossing:markings": "zebra",
        "crossing:markings:colour": "yellow",
        "footway": "crossing",
        "highway": "footway"
      },
      "geometry": {
        "type": "LineString",
        "coordinates": [
          [
            7.0436928,
            46.8794489
          ],
          [
            7.0436528,
            46.8794675
          ]
        ]
      },
      "id": "way/1346164578"
    },
    {
      "type": "Feature",
      "properties": {
        "@id": "way/1346164579",
        "footway": "sidewalk",
        "highway": "footway"
      },
      "geometry": {
        "type": "LineString",
        "coordinates": [
          [
            7.0437025,
            46.8794444
          ],
          [
            7.0436928,
            46.8794489
          ]
        ]
      },
      "id": "way/1346164579"
    },
    {
      "type": "Feature",
      "properties": {
        "@id": "way/1346164580",
        "crossing:markings": "zebra",
        "crossing:markings:colour": "yellow",
        "footway": "crossing",
        "highway": "footway"
      },
      "geometry": {
        "type": "LineString",
        "coordinates": [
          [
            7.0436302,
            46.8794781
          ],
          [
            7.0435915,
            46.879496
          ]
        ]
      },
      "id": "way/1346164580"
    },
    {
      "type": "Feature",
      "properties": {
        "@id": "way/1346164581",
        "footway": "sidewalk",
        "highway": "footway"
      },
      "geometry": {
        "type": "LineString",
        "coordinates": [
          [
            7.0435915,
            46.879496
          ],
          [
            7.0435789,
            46.8795019
          ]
        ]
      },
      "id": "way/1346164581"
    },
    {
      "type": "Feature",
      "properties": {
        "@id": "way/1346164582",
        "footway": "sidewalk",
        "highway": "footway"
      },
      "geometry": {
        "type": "LineString",
        "coordinates": [
          [
            7.0435789,
            46.8795019
          ],
          [
            7.0434782,
            46.8794106
          ],
          [
            7.0433537,
            46.8793068
          ]
        ]
      },
      "id": "way/1346164582"
    },
    {
      "type": "Feature",
      "properties": {
        "@id": "way/1346164808",
        "footway": "sidewalk",
        "highway": "footway"
      },
      "geometry": {
        "type": "LineString",
        "coordinates": [
          [
            7.0419637,
            46.8767737
          ],
          [
            7.0419608,
            46.87677
          ]
        ]
      },
      "id": "way/1346164808"
    },
    {
      "type": "Feature",
      "properties": {
        "@id": "way/1346164809",
        "footway": "sidewalk",
        "highway": "footway"
      },
      "geometry": {
        "type": "LineString",
        "coordinates": [
          [
            7.0419193,
            46.8767186
          ],
          [
            7.0419119,
            46.8767096
          ]
        ]
      },
      "id": "way/1346164809"
    },
    {
      "type": "Feature",
      "properties": {
        "@id": "way/1346164810",
        "footway": "sidewalk",
        "highway": "footway"
      },
      "geometry": {
        "type": "LineString",
        "coordinates": [
          [
            7.0421242,
            46.8768022
          ],
          [
            7.0421313,
            46.8768006
          ]
        ]
      },
      "id": "way/1346164810"
    },
    {
      "type": "Feature",
      "properties": {
        "@id": "way/1346164811",
        "footway": "sidewalk",
        "highway": "footway"
      },
      "geometry": {
        "type": "LineString",
        "coordinates": [
          [
            7.0420505,
            46.8768188
          ],
          [
            7.0420588,
            46.876817
          ]
        ]
      },
      "id": "way/1346164811"
    },
    {
      "type": "Feature",
      "properties": {
        "@id": "way/1346164812",
        "footway": "sidewalk",
        "highway": "footway"
      },
      "geometry": {
        "type": "LineString",
        "coordinates": [
          [
            7.0419878,
            46.8764435
          ],
          [
            7.0419757,
            46.8764436
          ]
        ]
      },
      "id": "way/1346164812"
    },
    {
      "type": "Feature",
      "properties": {
        "@id": "way/1346164813",
        "footway": "sidewalk",
        "highway": "footway"
      },
      "geometry": {
        "type": "LineString",
        "coordinates": [
          [
            7.0420763,
            46.8764428
          ],
          [
            7.0420629,
            46.8764429
          ]
        ]
      },
      "id": "way/1346164813"
    },
    {
      "type": "Feature",
      "properties": {
        "@id": "way/1356015330",
        "highway": "path",
        "smoothness": "excellent",
        "surface": "paving_stones"
      },
      "geometry": {
        "type": "LineString",
        "coordinates": [
          [
            7.0424314,
            46.8849675
          ],
          [
            7.0424097,
            46.8849817
          ]
        ]
      },
      "id": "way/1356015330"
    },
    {
      "type": "Feature",
      "properties": {
        "@id": "way/1356017004",
        "highway": "service",
        "maxspeed": "50",
        "service": "parking_aisle"
      },
      "geometry": {
        "type": "LineString",
        "coordinates": [
          [
            7.0419261,
            46.884542
          ],
          [
            7.0416688,
            46.8844094
          ]
        ]
      },
      "id": "way/1356017004"
    },
    {
      "type": "Feature",
      "properties": {
        "@id": "way/1356022230",
        "highway": "path"
      },
      "geometry": {
        "type": "LineString",
        "coordinates": [
          [
            7.0422568,
            46.8837558
          ],
          [
            7.0423025,
            46.8837217
          ]
        ]
      },
      "id": "way/1356022230"
    },
    {
      "type": "Feature",
      "properties": {
        "@id": "way/1356022231",
        "highway": "steps"
      },
      "geometry": {
        "type": "LineString",
        "coordinates": [
          [
            7.0423025,
            46.8837217
          ],
          [
            7.042323,
            46.8836893
          ]
        ]
      },
      "id": "way/1356022231"
    },
    {
      "type": "Feature",
      "properties": {
        "@id": "way/1356022232",
        "highway": "path"
      },
      "geometry": {
        "type": "LineString",
        "coordinates": [
          [
            7.042323,
            46.8836893
          ],
          [
            7.0423319,
            46.8836741
          ]
        ]
      },
      "id": "way/1356022232"
    },
    {
      "type": "Feature",
      "properties": {
        "@id": "way/1356022233",
        "highway": "steps"
      },
      "geometry": {
        "type": "LineString",
        "coordinates": [
          [
            7.0423319,
            46.8836741
          ],
          [
            7.0423515,
            46.883646
          ]
        ]
      },
      "id": "way/1356022233"
    },
    {
      "type": "Feature",
      "properties": {
        "@id": "way/1356022234",
        "highway": "path"
      },
      "geometry": {
        "type": "LineString",
        "coordinates": [
          [
            7.0423515,
            46.883646
          ],
          [
            7.0423559,
            46.8836397
          ],
          [
            7.042371,
            46.8836435
          ],
          [
            7.0424162,
            46.8835775
          ]
        ]
      },
      "id": "way/1356022234"
    },
    {
      "type": "Feature",
      "properties": {
        "@id": "way/1356023280",
        "cycleway:both": "no",
        "highway": "unclassified",
        "lane_markings": "no",
        "lanes": "2",
        "name": "Route de l'Estivage",
        "oneway": "no",
        "smoothness": "excellent",
        "surface": "asphalt"
      },
      "geometry": {
        "type": "LineString",
        "coordinates": [
          [
            7.0432566,
            46.8893085
          ],
          [
            7.0426451,
            46.88999
          ]
        ]
      },
      "id": "way/1356023280"
    },
    {
      "type": "Feature",
      "properties": {
        "@id": "way/1357194240",
        "highway": "residential",
        "lit": "yes",
        "maxspeed": "30",
        "maxspeed:type": "zone",
        "name": "Avenue Jomini"
      },
      "geometry": {
        "type": "LineString",
        "coordinates": [
          [
            7.0427038,
            46.8805987
          ],
          [
            7.0427936,
            46.8805966
          ],
          [
            7.0429469,
            46.8806023
          ],
          [
            7.0431045,
            46.880634
          ],
          [
            7.0432226,
            46.8806758
          ],
          [
            7.0433161,
            46.8807057
          ],
          [
            7.0434062,
            46.8807641
          ],
          [
            7.0436067,
            46.8809469
          ],
          [
            7.043834,
            46.8812119
          ],
          [
            7.0439218,
            46.8813173
          ],
          [
            7.0441246,
            46.8815264
          ],
          [
            7.0441441,
            46.8815465
          ],
          [
            7.0444966,
            46.8819437
          ]
        ]
      },
      "id": "way/1357194240"
    },
    {
      "type": "Feature",
      "properties": {
        "@id": "way/1359800469",
        "highway": "service",
        "service": "driveway"
      },
      "geometry": {
        "type": "LineString",
        "coordinates": [
          [
            7.0586193,
            46.8751557
          ],
          [
            7.0584471,
            46.8750592
          ],
          [
            7.0583746,
            46.8750281
          ],
          [
            7.0582938,
            46.8750666
          ],
          [
            7.0582144,
            46.8751255
          ],
          [
            7.0581782,
            46.8751577
          ],
          [
            7.058256,
            46.8752008
          ],
          [
            7.0583076,
            46.8752419
          ],
          [
            7.0581367,
            46.8753798
          ],
          [
            7.0581125,
            46.8753994
          ]
        ]
      },
      "id": "way/1359800469"
    },
    {
      "type": "Feature",
      "properties": {
        "@id": "way/1360569795",
        "highway": "path"
      },
      "geometry": {
        "type": "LineString",
        "coordinates": [
          [
            7.0427038,
            46.8805987
          ],
          [
            7.0427138,
            46.8806451
          ],
          [
            7.042719,
            46.8806635
          ],
          [
            7.0427861,
            46.8806721
          ],
          [
            7.0428415,
            46.8806829
          ],
          [
            7.0428766,
            46.8806912
          ]
        ]
      },
      "id": "way/1360569795"
    },
    {
      "type": "Feature",
      "properties": {
        "@id": "way/1360569796",
        "handrail": "no",
        "highway": "steps",
        "incline": "up",
        "step_count": "15"
      },
      "geometry": {
        "type": "LineString",
        "coordinates": [
          [
            7.0428766,
            46.8806912
          ],
          [
            7.0429196,
            46.8807054
          ],
          [
            7.0429814,
            46.8807309
          ]
        ]
      },
      "id": "way/1360569796"
    },
    {
      "type": "Feature",
      "properties": {
        "@id": "way/1360569797",
        "highway": "footway",
        "lit": "yes",
        "smoothness": "intermediate",
        "surface": "fine_gravel"
      },
      "geometry": {
        "type": "LineString",
        "coordinates": [
          [
            7.0429814,
            46.8807309
          ],
          [
            7.0429919,
            46.8807357
          ],
          [
            7.0429606,
            46.8807674
          ]
        ]
      },
      "id": "way/1360569797"
    },
    {
      "type": "Feature",
      "properties": {
        "@id": "way/1360570515",
        "highway": "service",
        "maxheight:signed": "no",
        "surface": "asphalt"
      },
      "geometry": {
        "type": "LineString",
        "coordinates": [
          [
            7.0437307,
            46.8795575
          ],
          [
            7.0437891,
            46.879527
          ],
          [
            7.0439252,
            46.8794911
          ],
          [
            7.0439621,
            46.8795266
          ]
        ]
      },
      "id": "way/1360570515"
    },
    {
      "type": "Feature",
      "properties": {
        "@id": "way/1360570516",
        "highway": "service",
        "maxheight:signed": "no",
        "surface": "concrete"
      },
      "geometry": {
        "type": "LineString",
        "coordinates": [
          [
            7.0439621,
            46.8795266
          ],
          [
            7.0440523,
            46.8796136
          ]
        ]
      },
      "id": "way/1360570516"
    },
    {
      "type": "Feature",
      "properties": {
        "@id": "way/1361633241",
        "highway": "footway",
        "lit": "no",
        "smoothness": "intermediate",
        "surface": "fine_gravel"
      },
      "geometry": {
        "type": "LineString",
        "coordinates": [
          [
            7.0419381,
            46.8811091
          ],
          [
            7.0419331,
            46.8810552
          ]
        ]
      },
      "id": "way/1361633241"
    },
    {
      "type": "Feature",
      "properties": {
        "@id": "way/1361634621",
        "highway": "footway",
        "lit": "no",
        "smoothness": "intermediate",
        "surface": "fine_gravel"
      },
      "geometry": {
        "type": "LineString",
        "coordinates": [
          [
            7.0429496,
            46.8811527
          ],
          [
            7.0429633,
            46.8810828
          ]
        ]
      },
      "id": "way/1361634621"
    },
    {
      "type": "Feature",
      "properties": {
        "@id": "way/1368159525",
        "highway": "service",
        "service": "driveway"
      },
      "geometry": {
        "type": "LineString",
        "coordinates": [
          [
            7.037638,
            46.8789259
          ],
          [
            7.0378087,
            46.8789996
          ]
        ]
      },
      "id": "way/1368159525"
    },
    {
      "type": "Feature",
      "properties": {
        "@id": "way/1368159526",
        "highway": "footway",
        "lit": "yes"
      },
      "geometry": {
        "type": "LineString",
        "coordinates": [
          [
            7.0379285,
            46.8790422
          ],
          [
            7.0380287,
            46.8790753
          ],
          [
            7.0381624,
            46.8791171
          ],
          [
            7.0382129,
            46.8791358
          ],
          [
            7.0382482,
            46.8792256
          ],
          [
            7.038214,
            46.879216
          ]
        ]
      },
      "id": "way/1368159526"
    },
    {
      "type": "Feature",
      "properties": {
        "@id": "way/1368159527",
        "highway": "steps"
      },
      "geometry": {
        "type": "LineString",
        "coordinates": [
          [
            7.0378439,
            46.8790121
          ],
          [
            7.0379285,
            46.8790422
          ]
        ]
      },
      "id": "way/1368159527"
    },
    {
      "type": "Feature",
      "properties": {
        "@id": "way/1368159528",
        "highway": "footway"
      },
      "geometry": {
        "type": "LineString",
        "coordinates": [
          [
            7.0378087,
            46.8789996
          ],
          [
            7.0378439,
            46.8790121
          ]
        ]
      },
      "id": "way/1368159528"
    },
    {
      "type": "Feature",
      "properties": {
        "@id": "way/1368170852",
        "handrail": "no",
        "highway": "steps",
        "lit": "no",
        "smoothness": "horrible",
        "surface": "stone",
        "tactile_paving": "no"
      },
      "geometry": {
        "type": "LineString",
        "coordinates": [
          [
            7.0429104,
            46.8811526
          ],
          [
            7.0429496,
            46.8811527
          ]
        ]
      },
      "id": "way/1368170852"
    },
    {
      "type": "Feature",
      "properties": {
        "@id": "way/1368173570",
        "highway": "path",
        "smoothness": "intermediate",
        "surface": "concrete"
      },
      "geometry": {
        "type": "LineString",
        "coordinates": [
          [
            7.0425917,
            46.8813345
          ],
          [
            7.0425758,
            46.881419
          ],
          [
            7.0425759,
            46.8814486
          ]
        ]
      },
      "id": "way/1368173570"
    },
    {
      "type": "Feature",
      "properties": {
        "@id": "way/1369160275",
        "highway": "steps",
        "incline": "down"
      },
      "geometry": {
        "type": "LineString",
        "coordinates": [
          [
            7.042974,
            46.8812829
          ],
          [
            7.043008,
            46.881324
          ]
        ]
      },
      "id": "way/1369160275"
    },
    {
      "type": "Feature",
      "properties": {
        "@id": "way/1369160276",
        "highway": "footway"
      },
      "geometry": {
        "type": "LineString",
        "coordinates": [
          [
            7.043008,
            46.881324
          ],
          [
            7.0430566,
            46.8813018
          ],
          [
            7.0430947,
            46.8812795
          ],
          [
            7.0431294,
            46.8812545
          ]
        ]
      },
      "id": "way/1369160276"
    },
    {
      "type": "Feature",
      "properties": {
        "@id": "way/1369160277",
        "highway": "steps",
        "incline": "down"
      },
      "geometry": {
        "type": "LineString",
        "coordinates": [
          [
            7.0431759,
            46.8812155
          ],
          [
            7.0430954,
            46.881206
          ]
        ]
      },
      "id": "way/1369160277"
    },
    {
      "type": "Feature",
      "properties": {
        "@id": "way/1369160278",
        "highway": "footway"
      },
      "geometry": {
        "type": "LineString",
        "coordinates": [
          [
            7.0430954,
            46.881206
          ],
          [
            7.0430993,
            46.881196
          ]
        ]
      },
      "id": "way/1369160278"
    },
    {
      "type": "Feature",
      "properties": {
        "@id": "way/1369160279",
        "highway": "steps",
        "incline": "down"
      },
      "geometry": {
        "type": "LineString",
        "coordinates": [
          [
            7.0430993,
            46.881196
          ],
          [
            7.0430165,
            46.8811826
          ]
        ]
      },
      "id": "way/1369160279"
    },
    {
      "type": "Feature",
      "properties": {
        "@id": "way/1369160280",
        "highway": "steps",
        "incline": "down"
      },
      "geometry": {
        "type": "LineString",
        "coordinates": [
          [
            7.0431294,
            46.8812545
          ],
          [
            7.0431324,
            46.8812524
          ],
          [
            7.0431759,
            46.8812155
          ]
        ]
      },
      "id": "way/1369160280"
    },
    {
      "type": "Feature",
      "properties": {
        "@id": "way/1369160281",
        "bridge": "yes",
        "highway": "footway",
        "layer": "1"
      },
      "geometry": {
        "type": "LineString",
        "coordinates": [
          [
            7.0430165,
            46.8811826
          ],
          [
            7.0430504,
            46.8811378
          ]
        ]
      },
      "id": "way/1369160281"
    },
    {
      "type": "Feature",
      "properties": {
        "@id": "way/1369160282",
        "highway": "footway",
        "lit": "no",
        "smoothness": "intermediate",
        "surface": "fine_gravel"
      },
      "geometry": {
        "type": "LineString",
        "coordinates": [
          [
            7.0429633,
            46.8810828
          ],
          [
            7.043048,
            46.8810901
          ]
        ]
      },
      "id": "way/1369160282"
    },
    {
      "type": "Feature",
      "properties": {
        "@id": "way/1369160283",
        "highway": "steps",
        "incline": "down"
      },
      "geometry": {
        "type": "LineString",
        "coordinates": [
          [
            7.0430504,
            46.8811378
          ],
          [
            7.043055,
            46.8811236
          ]
        ]
      },
      "id": "way/1369160283"
    },
    {
      "type": "Feature",
      "properties": {
        "@id": "way/1369160284",
        "highway": "footway"
      },
      "geometry": {
        "type": "LineString",
        "coordinates": [
          [
            7.043055,
            46.8811236
          ],
          [
            7.0430716,
            46.8810586
          ]
        ]
      },
      "id": "way/1369160284"
    },
    {
      "type": "Feature",
      "properties": {
        "@id": "way/1369160285",
        "handrail": "yes",
        "highway": "steps",
        "incline": "down"
      },
      "geometry": {
        "type": "LineString",
        "coordinates": [
          [
            7.0430716,
            46.8810586
          ],
          [
            7.0430026,
            46.8810486
          ]
        ]
      },
      "id": "way/1369160285"
    },
    {
      "type": "Feature",
      "properties": {
        "@id": "way/1370990889",
        "bicycle": "yes",
        "foot": "yes",
        "highway": "service",
        "maxspeed": "50",
        "motor_vehicle": "private",
        "service": "driveway",
        "smoothness": "excellent",
        "surface": "asphalt"
      },
      "geometry": {
        "type": "LineString",
        "coordinates": [
          [
            7.0419429,
            46.8845411
          ],
          [
            7.0420184,
            46.8845368
          ],
          [
            7.0420417,
            46.8845348
          ],
          [
            7.0421188,
            46.8844689
          ]
        ]
      },
      "id": "way/1370990889"
    },
    {
      "type": "Feature",
      "properties": {
        "@id": "way/1380355738",
        "highway": "footway"
      },
      "geometry": {
        "type": "LineString",
        "coordinates": [
          [
            7.0489625,
            46.8868967
          ],
          [
            7.048995,
            46.8868746
          ]
        ]
      },
      "id": "way/1380355738"
    },
    {
      "type": "Feature",
      "properties": {
        "@id": "way/1380355739",
        "highway": "footway"
      },
      "geometry": {
        "type": "LineString",
        "coordinates": [
          [
            7.0488264,
            46.8868197
          ],
          [
            7.0488705,
            46.8867931
          ]
        ]
      },
      "id": "way/1380355739"
    },
    {
      "type": "Feature",
      "properties": {
        "@id": "way/1393014513",
        "highway": "footway"
      },
      "geometry": {
        "type": "LineString",
        "coordinates": [
          [
            7.0576041,
            46.8768048
          ],
          [
            7.0578375,
            46.8765688
          ],
          [
            7.05822,
            46.8767105
          ]
        ]
      },
      "id": "way/1393014513"
    },
    {
      "type": "Feature",
      "properties": {
        "@id": "way/1393014514",
        "highway": "service",
        "service": "driveway"
      },
      "geometry": {
        "type": "LineString",
        "coordinates": [
          [
            7.058252,
            46.8766717
          ],
          [
            7.0582041,
            46.8765831
          ],
          [
            7.057971,
            46.8765002
          ],
          [
            7.0578642,
            46.8765416
          ],
          [
            7.0578375,
            46.8765688
          ]
        ]
      },
      "id": "way/1393014514"
    },
    {
      "type": "Feature",
      "properties": {
        "@id": "way/1395054853",
        "footway": "sidewalk",
        "highway": "footway"
      },
      "geometry": {
        "type": "LineString",
        "coordinates": [
          [
            7.0361476,
            46.8776907
          ],
          [
            7.036135,
            46.8777069
          ]
        ]
      },
      "id": "way/1395054853"
    },
    {
      "type": "Feature",
      "properties": {
        "@id": "way/1395054854",
        "crossing:markings": "zebra",
        "crossing:markings:colour": "yellow",
        "footway": "crossing",
        "highway": "footway"
      },
      "geometry": {
        "type": "LineString",
        "coordinates": [
          [
            7.0361873,
            46.8776396
          ],
          [
            7.0361709,
            46.8776607
          ],
          [
            7.0361476,
            46.8776907
          ]
        ]
      },
      "id": "way/1395054854"
    },
    {
      "type": "Feature",
      "properties": {
        "@id": "way/1413432659",
        "highway": "service",
        "service": "driveway"
      },
      "geometry": {
        "type": "LineString",
        "coordinates": [
          [
            7.0599155,
            46.8793325
          ],
          [
            7.0594881,
            46.8786763
          ],
          [
            7.0594829,
            46.8786417
          ],
          [
            7.0594907,
            46.8786124
          ],
          [
            7.0595037,
            46.8785839
          ],
          [
            7.059518,
            46.8785653
          ],
          [
            7.0595503,
            46.878534
          ]
        ]
      },
      "id": "way/1413432659"
    },
    {
      "type": "Feature",
      "properties": {
        "@id": "way/1413432660",
        "highway": "service",
        "lane_markings": "no",
        "name": "Route de Villarepos"
      },
      "geometry": {
        "type": "LineString",
        "coordinates": [
          [
            7.0594052,
            46.8779308
          ],
          [
            7.0594478,
            46.8778971
          ],
          [
            7.0595667,
            46.8777427
          ],
          [
            7.0595731,
            46.8777284
          ],
          [
            7.0595787,
            46.8776972
          ],
          [
            7.0595848,
            46.8776814
          ],
          [
            7.0596583,
            46.877584
          ]
        ]
      },
      "id": "way/1413432660"
    },
    {
      "type": "Feature",
      "properties": {
        "@id": "way/1425741595",
        "highway": "track",
        "tracktype": "grade1"
      },
      "geometry": {
        "type": "LineString",
        "coordinates": [
          [
            7.0321176,
            46.8805135
          ],
          [
            7.0302728,
            46.8798052
          ]
        ]
      },
      "id": "way/1425741595"
    },
    {
      "type": "Feature",
      "properties": {
        "@id": "way/1425741596",
        "highway": "service",
        "service": "driveway"
      },
      "geometry": {
        "type": "LineString",
        "coordinates": [
          [
            7.0319826,
            46.8807641
          ],
          [
            7.032158,
            46.8808065
          ],
          [
            7.0323741,
            46.8809394
          ],
          [
            7.0327147,
            46.881149
          ]
        ]
      },
      "id": "way/1425741596"
    },
    {
      "type": "Feature",
      "properties": {
        "@id": "way/1425741597",
        "highway": "service",
        "service": "driveway"
      },
      "geometry": {
        "type": "LineString",
        "coordinates": [
          [
            7.0321176,
            46.8805135
          ],
          [
            7.032181,
            46.8805297
          ],
          [
            7.0323853,
            46.8806517
          ],
          [
            7.0325008,
            46.8807206
          ],
          [
            7.0326129,
            46.8806296
          ],
          [
            7.0325686,
            46.8806007
          ]
        ]
      },
      "id": "way/1425741597"
    },
    {
      "type": "Feature",
      "properties": {
        "@id": "way/1425741598",
        "highway": "track",
        "tracktype": "grade1"
      },
      "geometry": {
        "type": "LineString",
        "coordinates": [
          [
            7.0323741,
            46.8809394
          ],
          [
            7.0325263,
            46.880841
          ],
          [
            7.0325463,
            46.8807497
          ],
          [
            7.0325008,
            46.8807206
          ]
        ]
      },
      "id": "way/1425741598"
    },
    {
      "type": "Feature",
      "properties": {
        "@id": "way/1426219075",
        "highway": "footway",
        "incline": "0%",
        "smoothness": "excellent",
        "surface": "paving_stones",
        "wheelchair": "yes"
      },
      "geometry": {
        "type": "LineString",
        "coordinates": [
          [
            7.04085,
            46.8813183
          ],
          [
            7.0407996,
            46.8813294
          ],
          [
            7.0407698,
            46.8813181
          ]
        ]
      },
      "id": "way/1426219075"
    },
    {
      "type": "Feature",
      "properties": {
        "@id": "way/1426219076",
        "handrail": "yes",
        "highway": "steps",
        "incline": "up"
      },
      "geometry": {
        "type": "LineString",
        "coordinates": [
          [
            7.0407698,
            46.8813181
          ],
          [
            7.040832,
            46.8812534
          ]
        ]
      },
      "id": "way/1426219076"
    },
    {
      "type": "Feature",
      "properties": {
        "@id": "way/1426219077",
        "bridge": "yes",
        "highway": "footway",
        "layer": "1",
        "level": "1"
      },
      "geometry": {
        "type": "LineString",
        "coordinates": [
          [
            7.040832,
            46.8812534
          ],
          [
            7.0408204,
            46.8812475
          ]
        ]
      },
      "id": "way/1426219077"
    },
    {
      "type": "Feature",
      "properties": {
        "@id": "way/1426219078",
        "highway": "footway",
        "incline": "0%",
        "smoothness": "excellent",
        "surface": "paving_stones",
        "wheelchair": "yes"
      },
      "geometry": {
        "type": "LineString",
        "coordinates": [
          [
            7.0408888,
            46.881278
          ],
          [
            7.0408229,
            46.8812449
          ]
        ]
      },
      "id": "way/1426219078"
    },
    {
      "type": "Feature",
      "properties": {
        "@id": "way/1426219079",
        "highway": "footway",
        "incline": "0%",
        "smoothness": "excellent",
        "surface": "paving_stones",
        "wheelchair": "yes"
      },
      "geometry": {
        "type": "LineString",
        "coordinates": [
          [
            7.0410033,
            46.8811599
          ],
          [
            7.0409359,
            46.8811303
          ]
        ]
      },
      "id": "way/1426219079"
    },
    {
      "type": "Feature",
      "properties": {
        "@id": "way/1426275148",
        "highway": "footway",
        "incline": "0%",
        "smoothness": "excellent",
        "surface": "paving_stones",
        "wheelchair": "yes"
      },
      "geometry": {
        "type": "LineString",
        "coordinates": [
          [
            7.040721,
            46.8813483
          ],
          [
            7.0407634,
            46.8813656
          ]
        ]
      },
      "id": "way/1426275148"
    },
    {
      "type": "Feature",
      "properties": {
        "@id": "way/1426275149",
        "highway": "footway",
        "incline": "0%",
        "smoothness": "excellent",
        "surface": "paving_stones",
        "wheelchair": "yes",
        "width": "4.2"
      },
      "geometry": {
        "type": "LineString",
        "coordinates": [
          [
            7.0407787,
            46.8813799
          ],
          [
            7.0407574,
            46.8813717
          ],
          [
            7.0407634,
            46.8813656
          ],
          [
            7.0407996,
            46.8813294
          ]
        ]
      },
      "id": "way/1426275149"
    },
    {
      "type": "Feature",
      "properties": {
        "@id": "way/1426820875",
        "highway": "track",
        "moped": "agricultural",
        "motorcar": "agricultural",
        "motorcycle": "agricultural",
        "smoothness": "excellent",
        "surface": "compacted",
        "tracktype": "grade2"
      },
      "geometry": {
        "type": "LineString",
        "coordinates": [
          [
            7.0577008,
            46.8875897
          ],
          [
            7.05798,
            46.8877398
          ],
          [
            7.0580993,
            46.887793
          ]
        ]
      },
      "id": "way/1426820875"
    },
    {
      "type": "Feature",
      "properties": {
        "@id": "way/1427996501",
        "highway": "secondary",
        "lane_markings": "yes",
        "lanes": "3",
        "lanes:backward": "2",
        "lanes:forward": "1",
        "maxspeed": "80",
        "name": "Route du Lac",
        "rcrc_ref": "505c",
        "ref": "152",
        "surface": "asphalt",
        "turn:lanes:backward": "left|"
      },
      "geometry": {
        "type": "LineString",
        "coordinates": [
          [
            7.0525074,
            46.8949375
          ],
          [
            7.0525919,
            46.8947774
          ],
          [
            7.0527781,
            46.8944126
          ],
          [
            7.0528644,
            46.8942324
          ]
        ]
      },
      "id": "way/1427996501"
    },
    {
      "type": "Feature",
      "properties": {
        "@id": "way/1427996502",
        "highway": "secondary",
        "lane_markings": "yes",
        "lanes": "3",
        "lanes:backward": "1",
        "lanes:forward": "2",
        "maxspeed": "80",
        "name": "Route du Lac",
        "rcrc_ref": "505c",
        "ref": "152",
        "surface": "asphalt",
        "turn:lanes:forward": "left|right"
      },
      "geometry": {
        "type": "LineString",
        "coordinates": [
          [
            7.0528644,
            46.8942324
          ],
          [
            7.0529462,
            46.8940522
          ],
          [
            7.0532599,
            46.8933358
          ],
          [
            7.0537816,
            46.8921708
          ],
          [
            7.0538469,
            46.892025
          ],
          [
            7.0539945,
            46.8916955
          ]
        ]
      },
      "id": "way/1427996502"
    },
    {
      "type": "Feature",
      "properties": {
        "@id": "way/1427997148",
        "bicycle": "use_sidepath",
        "highway": "secondary",
        "lane_markings": "yes",
        "lanes": "3",
        "lanes:backward": "1",
        "lanes:forward": "2",
        "lit": "no",
        "maxspeed": "80",
        "name": "Route de Salavaux",
        "rcrc_ref": "505c",
        "ref": "152",
        "surface": "asphalt",
        "turn:lanes:forward": "|right"
      },
      "geometry": {
        "type": "LineString",
        "coordinates": [
          [
            7.0464034,
            46.9017184
          ],
          [
            7.0468861,
            46.9016179
          ],
          [
            7.0475459,
            46.901479
          ]
        ]
      },
      "id": "way/1427997148"
    },
    {
      "type": "Feature",
      "properties": {
        "@id": "way/1427997149",
        "bicycle": "use_sidepath",
        "highway": "secondary",
        "lane_markings": "yes",
        "lanes": "3",
        "lanes:backward": "2",
        "lanes:forward": "1",
        "lit": "no",
        "maxspeed": "80",
        "name": "Route de Salavaux",
        "rcrc_ref": "505c",
        "ref": "152",
        "surface": "asphalt",
        "turn:lanes:backward": "left|"
      },
      "geometry": {
        "type": "LineString",
        "coordinates": [
          [
            7.0475459,
            46.901479
          ],
          [
            7.048485,
            46.9012819
          ]
        ]
      },
      "id": "way/1427997149"
    },
    {
      "type": "Feature",
      "properties": {
        "@id": "way/1427997150",
        "bicycle": "use_sidepath",
        "highway": "secondary",
        "lane_markings": "yes",
        "lanes": "3",
        "lanes:backward": "1",
        "lanes:forward": "2",
        "lit": "no",
        "maxspeed": "80",
        "name": "Route de Salavaux",
        "rcrc_ref": "505c",
        "ref": "152",
        "surface": "asphalt",
        "turn:lanes:forward": "left|"
      },
      "geometry": {
        "type": "LineString",
        "coordinates": [
          [
            7.048485,
            46.9012819
          ],
          [
            7.0492697,
            46.9011172
          ]
        ]
      },
      "id": "way/1427997150"
    },
    {
      "type": "Feature",
      "properties": {
        "@id": "way/1433555762",
        "construction": "residential",
        "highway": "construction",
        "name": "Impasse du Milavy"
      },
      "geometry": {
        "type": "LineString",
        "coordinates": [
          [
            7.0343927,
            46.8774999
          ],
          [
            7.0341078,
            46.877377
          ]
        ]
      },
      "id": "way/1433555762"
    },
    {
      "type": "Feature",
      "properties": {
        "@id": "way/1433709510",
        "highway": "residential",
        "name": "Impasse Marc-Aurèle"
      },
      "geometry": {
        "type": "LineString",
        "coordinates": [
          [
            7.0433405,
            46.8820748
          ],
          [
            7.0430871,
            46.8824746
          ],
          [
            7.0429378,
            46.8826747
          ]
        ]
      },
      "id": "way/1433709510"
    },
    {
      "type": "Feature",
      "properties": {
        "@id": "way/1433709511",
        "highway": "service",
        "service": "driveway"
      },
      "geometry": {
        "type": "LineString",
        "coordinates": [
          [
            7.0441443,
            46.8834268
          ],
          [
            7.0442865,
            46.8833567
          ],
          [
            7.0443113,
            46.8833342
          ],
          [
            7.0443568,
            46.8832812
          ]
        ]
      },
      "id": "way/1433709511"
    },
    {
      "type": "Feature",
      "properties": {
        "@id": "way/1433709512",
        "highway": "service",
        "service": "driveway"
      },
      "geometry": {
        "type": "LineString",
        "coordinates": [
          [
            7.0446134,
            46.8836099
          ],
          [
            7.0446114,
            46.8835659
          ],
          [
            7.0446315,
            46.8835201
          ],
          [
            7.0446556,
            46.8834944
          ],
          [
            7.0447589,
            46.8834156
          ]
        ]
      },
      "id": "way/1433709512"
    },
    {
      "type": "Feature",
      "properties": {
        "@id": "way/1433709513",
        "highway": "service",
        "service": "driveway"
      },
      "geometry": {
        "type": "LineString",
        "coordinates": [
          [
            7.0446134,
            46.8836099
          ],
          [
            7.0444947,
            46.8836117
          ],
          [
            7.0444437,
            46.8836218
          ],
          [
            7.0443284,
            46.8836915
          ]
        ]
      },
      "id": "way/1433709513"
    },
    {
      "type": "Feature",
      "properties": {
        "@id": "way/1433739975",
        "highway": "footway"
      },
      "geometry": {
        "type": "LineString",
        "coordinates": [
          [
            7.0343922,
            46.8790527
          ],
          [
            7.0344691,
            46.8789249
          ]
        ]
      },
      "id": "way/1433739975"
    },
    {
      "type": "Feature",
      "properties": {
        "@id": "way/1433739976",
        "highway": "service",
        "service": "driveway"
      },
      "geometry": {
        "type": "LineString",
        "coordinates": [
          [
            7.0337589,
            46.8787912
          ],
          [
            7.0337545,
            46.8787597
          ],
          [
            7.0337545,
            46.878734
          ],
          [
            7.0338578,
            46.8785608
          ]
        ]
      },
      "id": "way/1433739976"
    },
    {
      "type": "Feature",
      "properties": {
        "@id": "way/1433739977",
        "highway": "service",
        "service": "driveway"
      },
      "geometry": {
        "type": "LineString",
        "coordinates": [
          [
            7.0355097,
            46.879986
          ],
          [
            7.0356407,
            46.8800333
          ]
        ]
      },
      "id": "way/1433739977"
    },
    {
      "type": "Feature",
      "properties": {
        "@id": "way/1433739978",
        "highway": "service",
        "service": "driveway"
      },
      "geometry": {
        "type": "LineString",
        "coordinates": [
          [
            7.0352857,
            46.8795346
          ],
          [
            7.0353802,
            46.8795642
          ]
        ]
      },
      "id": "way/1433739978"
    },
    {
      "type": "Feature",
      "properties": {
        "@id": "way/1433739979",
        "highway": "service",
        "service": "driveway"
      },
      "geometry": {
        "type": "LineString",
        "coordinates": [
          [
            7.0353555,
            46.8794236
          ],
          [
            7.0354497,
            46.8794524
          ]
        ]
      },
      "id": "way/1433739979"
    },
    {
      "type": "Feature",
      "properties": {
        "@id": "way/1433739980",
        "highway": "service",
        "service": "driveway"
      },
      "geometry": {
        "type": "LineString",
        "coordinates": [
          [
            7.0357442,
            46.8798487
          ],
          [
            7.0357179,
            46.8798135
          ],
          [
            7.0357018,
            46.8797759
          ],
          [
            7.0357018,
            46.8797475
          ],
          [
            7.0357246,
            46.8796659
          ]
        ]
      },
      "id": "way/1433739980"
    },
    {
      "type": "Feature",
      "properties": {
        "@id": "way/1433739981",
        "highway": "service",
        "name": "Chemin du Gravenau",
        "surface": "asphalt"
      },
      "geometry": {
        "type": "LineString",
        "coordinates": [
          [
            7.0400715,
            46.8827676
          ],
          [
            7.0400981,
            46.8827284
          ],
          [
            7.0401153,
            46.8827031
          ]
        ]
      },
      "id": "way/1433739981"
    },
    {
      "type": "Feature",
      "properties": {
        "@id": "way/1433739982",
        "highway": "service",
        "service": "driveway"
      },
      "geometry": {
        "type": "LineString",
        "coordinates": [
          [
            7.0400981,
            46.8827284
          ],
          [
            7.0404969,
            46.8828517
          ]
        ]
      },
      "id": "way/1433739982"
    },
    {
      "type": "Feature",
      "properties": {
        "@id": "way/1433739983",
        "highway": "service",
        "service": "driveway"
      },
      "geometry": {
        "type": "LineString",
        "coordinates": [
          [
            7.0397003,
            46.8830094
          ],
          [
            7.0398312,
            46.8830908
          ]
        ]
      },
      "id": "way/1433739983"
    },
    {
      "type": "Feature",
      "properties": {
        "@id": "way/1433739985",
        "highway": "service",
        "service": "driveway"
      },
      "geometry": {
        "type": "LineString",
        "coordinates": [
          [
            7.041578,
            46.8824489
          ],
          [
            7.0416118,
            46.8824565
          ],
          [
            7.0417587,
            46.8824599
          ]
        ]
      },
      "id": "way/1433739985"
    },
    {
      "type": "Feature",
      "properties": {
        "@id": "way/1433739986",
        "highway": "service",
        "service": "driveway"
      },
      "geometry": {
        "type": "LineString",
        "coordinates": [
          [
            7.0420232,
            46.8815076
          ],
          [
            7.0423432,
            46.8817182
          ],
          [
            7.0423607,
            46.8817347
          ],
          [
            7.0423654,
            46.8817512
          ],
          [
            7.04236,
            46.881764
          ],
          [
            7.0423459,
            46.8817791
          ]
        ]
      },
      "id": "way/1433739986"
    },
    {
      "type": "Feature",
      "properties": {
        "@id": "way/1441912610",
        "highway": "service",
        "service": "driveway"
      },
      "geometry": {
        "type": "LineString",
        "coordinates": [
          [
            7.0302956,
            46.8755269
          ],
          [
            7.0303566,
            46.8754657
          ],
          [
            7.0304355,
            46.8753867
          ]
        ]
      },
      "id": "way/1441912610"
    },
    {
      "type": "Feature",
      "properties": {
        "@id": "way/1441912611",
        "highway": "track"
      },
      "geometry": {
        "type": "LineString",
        "coordinates": [
          [
            7.0303566,
            46.8754657
          ],
          [
            7.0305921,
            46.8755455
          ],
          [
            7.0311674,
            46.8757907
          ],
          [
            7.0315825,
            46.8759648
          ],
          [
            7.0316243,
            46.8759912
          ],
          [
            7.031649,
            46.8760202
          ],
          [
            7.0316572,
            46.8760449
          ],
          [
            7.0316598,
            46.8760735
          ],
          [
            7.0316547,
            46.8760969
          ],
          [
            7.0316433,
            46.8761216
          ],
          [
            7.0316186,
            46.8761458
          ],
          [
            7.0312498,
            46.8764681
          ],
          [
            7.0307632,
            46.8768943
          ],
          [
            7.0307385,
            46.8769285
          ],
          [
            7.0307315,
            46.876961
          ],
          [
            7.0307328,
            46.8770441
          ],
          [
            7.0307245,
            46.8770818
          ],
          [
            7.0306954,
            46.8771217
          ],
          [
            7.0306447,
            46.8771771
          ],
          [
            7.0306016,
            46.8772139
          ]
        ]
      },
      "id": "way/1441912611"
    },
    {
      "type": "Feature",
      "properties": {
        "@id": "way/1441912612",
        "highway": "track",
        "tracktype": "grade4"
      },
      "geometry": {
        "type": "LineString",
        "coordinates": [
          [
            7.0306016,
            46.8772139
          ],
          [
            7.0302709,
            46.8775136
          ]
        ]
      },
      "id": "way/1441912612"
    },
    {
      "type": "Feature",
      "properties": {
        "@id": "way/1441912614",
        "highway": "service",
        "oneway": "yes",
        "service": "parking_aisle",
        "smoothness": "excellent",
        "surface": "asphalt"
      },
      "geometry": {
        "type": "LineString",
        "coordinates": [
          [
            7.0321348,
            46.8767807
          ],
          [
            7.0319813,
            46.8769409
          ],
          [
            7.0318033,
            46.8771289
          ]
        ]
      },
      "id": "way/1441912614"
    },
    {
      "type": "Feature",
      "properties": {
        "@id": "way/1441912615",
        "highway": "service",
        "oneway": "yes",
        "service": "parking_aisle",
        "smoothness": "excellent",
        "surface": "asphalt"
      },
      "geometry": {
        "type": "LineString",
        "coordinates": [
          [
            7.0319815,
            46.8772089
          ],
          [
            7.032161,
            46.8770224
          ],
          [
            7.0323537,
            46.8768133
          ]
        ]
      },
      "id": "way/1441912615"
    },
    {
      "type": "Feature",
      "properties": {
        "@id": "way/1441912616",
        "highway": "service",
        "oneway": "yes"
      },
      "geometry": {
        "type": "LineString",
        "coordinates": [
          [
            7.0319815,
            46.8772089
          ],
          [
            7.0318033,
            46.8771289
          ]
        ]
      },
      "id": "way/1441912616"
    },
    {
      "type": "Feature",
      "properties": {
        "@id": "way/1441912617",
        "highway": "service",
        "oneway": "yes"
      },
      "geometry": {
        "type": "LineString",
        "coordinates": [
          [
            7.0329078,
            46.8770564
          ],
          [
            7.0327206,
            46.8769682
          ],
          [
            7.0325351,
            46.876892
          ],
          [
            7.0323537,
            46.8768133
          ],
          [
            7.0323388,
            46.8768109
          ],
          [
            7.0323176,
            46.876812
          ],
          [
            7.0322637,
            46.8768211
          ],
          [
            7.0322357,
            46.8768219
          ],
          [
            7.0322127,
            46.8768167
          ],
          [
            7.0321348,
            46.8767807
          ],
          [
            7.031961,
            46.8766996
          ]
        ]
      },
      "id": "way/1441912617"
    },
    {
      "type": "Feature",
      "properties": {
        "@id": "way/1441912618",
        "highway": "service",
        "oneway": "yes",
        "smoothness": "excellent",
        "surface": "asphalt"
      },
      "geometry": {
        "type": "LineString",
        "coordinates": [
          [
            7.0318678,
            46.8773344
          ],
          [
            7.0319815,
            46.8772089
          ]
        ]
      },
      "id": "way/1441912618"
    },
    {
      "type": "Feature",
      "properties": {
        "@id": "way/1441912619",
        "highway": "service",
        "oneway": "yes",
        "smoothness": "excellent",
        "surface": "asphalt"
      },
      "geometry": {
        "type": "LineString",
        "coordinates": [
          [
            7.0320461,
            46.8774137
          ],
          [
            7.0318678,
            46.8773344
          ]
        ]
      },
      "id": "way/1441912619"
    },
    {
      "type": "Feature",
      "properties": {
        "@id": "way/1441912620",
        "highway": "service",
        "oneway": "yes",
        "smoothness": "excellent",
        "surface": "asphalt"
      },
      "geometry": {
        "type": "LineString",
        "coordinates": [
          [
            7.0322285,
            46.8774924
          ],
          [
            7.0320461,
            46.8774137
          ]
        ]
      },
      "id": "way/1441912620"
    },
    {
      "type": "Feature",
      "properties": {
        "@id": "way/1441912621",
        "highway": "service",
        "oneway": "yes",
        "smoothness": "excellent",
        "surface": "asphalt"
      },
      "geometry": {
        "type": "LineString",
        "coordinates": [
          [
            7.032413,
            46.8775707
          ],
          [
            7.0322285,
            46.8774924
          ]
        ]
      },
      "id": "way/1441912621"
    },
    {
      "type": "Feature",
      "properties": {
        "@id": "way/1442082637",
        "highway": "service",
        "service": "driveway"
      },
      "geometry": {
        "type": "LineString",
        "coordinates": [
          [
            7.0405834,
            46.8773154
          ],
          [
            7.0407821,
            46.8774455
          ],
          [
            7.0408175,
            46.8774755
          ],
          [
            7.0408419,
            46.8775026
          ],
          [
            7.0408588,
            46.8775273
          ],
          [
            7.0408799,
            46.8775706
          ],
          [
            7.0408959,
            46.8776167
          ],
          [
            7.0409007,
            46.8776429
          ],
          [
            7.0409038,
            46.8776634
          ],
          [
            7.040903,
            46.8776782
          ],
          [
            7.040899,
            46.8776936
          ],
          [
            7.0408922,
            46.8777079
          ],
          [
            7.0408782,
            46.8777274
          ],
          [
            7.0408587,
            46.8777497
          ],
          [
            7.0407475,
            46.8778812
          ],
          [
            7.0406817,
            46.8779481
          ],
          [
            7.0404855,
            46.878116
          ]
        ]
      },
      "id": "way/1442082637"
    },
    {
      "type": "Feature",
      "properties": {
        "@id": "way/1451100104",
        "highway": "service",
        "service": "driveway"
      },
      "geometry": {
        "type": "LineString",
        "coordinates": [
          [
            7.0402313,
            46.8819512
          ],
          [
            7.0404823,
            46.8817787
          ],
          [
            7.0405299,
            46.881746
          ]
        ]
      },
      "id": "way/1451100104"
    },
    {
      "type": "Feature",
      "properties": {
        "@id": "way/1452347499",
        "footway": "link",
        "highway": "footway"
      },
      "geometry": {
        "type": "LineString",
        "coordinates": [
          [
            7.0366215,
            46.8814878
          ],
          [
            7.0365788,
            46.8814873
          ]
        ]
      },
      "id": "way/1452347499"
    },
    {
      "type": "Feature",
      "properties": {
        "@id": "way/1456545641",
        "covered": "yes",
        "highway": "service",
        "service": "drive-through"
      },
      "geometry": {
        "type": "LineString",
        "coordinates": [
          [
            7.0383846,
            46.8786254
          ],
          [
            7.0383411,
            46.8786391
          ],
          [
            7.0382356,
            46.8785945
          ],
          [
            7.0382413,
            46.8785571
          ]
        ]
      },
      "id": "way/1456545641"
    },
    {
      "type": "Feature",
      "properties": {
        "@id": "way/1456545642",
        "highway": "service",
        "service": "drive-through"
      },
      "geometry": {
        "type": "LineString",
        "coordinates": [
          [
            7.0382413,
            46.8785571
          ],
          [
            7.0382667,
            46.8785251
          ],
          [
            7.0383742,
            46.8784723
          ]
        ]
      },
      "id": "way/1456545642"
    },
    {
      "type": "Feature",
      "properties": {
        "@id": "way/1456545643",
        "highway": "service",
        "service": "drive-through"
      },
      "geometry": {
        "type": "LineString",
        "coordinates": [
          [
            7.0384508,
            46.8785764
          ],
          [
            7.0383846,
            46.8786254
          ]
        ]
      },
      "id": "way/1456545643"
    }
  ]
}